# WaveFront *.obj file (generated by Autodesk ATF)

mtllib b3e882e7-1e6e-412b-8e3e-f1af4a339ed4.mtl

g Body1

v 35.000000 -0.000000 0.000000
v 34.897777 -0.776457 0.000000
v 34.598076 -1.500000 0.000000
v 34.121320 -2.121320 0.000000
v 33.500000 -2.598076 0.000000
v 32.776457 -2.897777 0.000000
v 32.000000 -3.000000 0.000000
v 31.223543 -2.897777 0.000000
v 30.500000 -2.598076 0.000000
v 29.878680 -2.121320 0.000000
v 29.401924 -1.500000 0.000000
v 29.102223 -0.776457 0.000000
v 29.000000 0.000000 0.000000
v 29.102223 0.776457 0.000000
v 29.401924 1.500000 0.000000
v 29.878680 2.121320 0.000000
v 30.500000 2.598076 0.000000
v 31.223543 2.897777 0.000000
v 32.000000 3.000000 0.000000
v 32.776457 2.897777 0.000000
v 33.500000 2.598076 0.000000
v 34.121320 2.121320 0.000000
v 34.598076 1.500000 0.000000
v 34.897777 0.776457 0.000000
v 34.849591 0.234375 -2.448214
v 34.400625 0.468750 -4.859604
v 33.659856 0.703125 -7.197901
v 32.638425 0.937500 -9.427935
v 31.351696 1.171875 -11.516164
v 29.819023 1.406250 -13.431179
v 28.063457 1.640625 -15.144177
v 26.111405 1.875000 -16.629392
v 23.992227 2.109375 -17.864486
v 21.737797 2.343750 -18.830881
v 19.382025 2.578125 -19.514043
v 16.960343 2.812500 -19.903695
v 14.509175 3.046875 -19.993976
v 12.065391 3.281250 -19.783530
v 9.665745 3.515625 -19.275521
v 7.346331 3.750000 -18.477591
v 5.142036 3.984375 -17.401740
v 3.086014 4.218750 -16.064151
v 1.209189 4.453125 -14.484942
v -0.460209 4.687500 -12.687866
v -1.897071 4.921875 -10.699952
v -3.079786 5.156250 -8.551102
v -3.990564 5.390625 -6.273635
v -4.615706 5.625000 -3.901806
v -4.945809 5.859375 -1.471291
v -4.975909 6.093750 0.981353
v -4.705553 6.328125 3.419238
v -4.138807 6.562500 5.805694
v -3.284195 6.796875 8.104826
v -2.154572 7.031250 10.282055
v -0.766929 7.265625 12.304632
v 0.857864 7.500000 14.142136
v 2.695368 7.734375 15.766929
v 4.717945 7.968750 17.154572
v 6.895174 8.203125 18.284195
v 9.194306 8.437500 19.138807
v 11.580762 8.671875 19.705553
v 14.018647 8.906250 19.975909
v 16.471291 9.140625 19.945809
v 18.901806 9.375000 19.615706
v 21.273635 9.609375 18.990564
v 23.551102 9.843750 18.079786
v 25.699952 10.078125 16.897071
v 27.687866 10.312500 15.460209
v 29.484942 10.546875 13.790811
v 31.064151 10.781250 11.913986
v 32.401740 11.015625 9.857964
v 33.477591 11.250000 7.653669
v 34.275521 11.484375 5.334255
v 34.783530 11.718750 2.934609
v 34.993976 11.953125 0.490825
v 34.903695 12.187500 -1.960343
v 34.514043 12.421875 -4.382025
v 33.830881 12.656250 -6.737797
v 32.864486 12.890625 -8.992227
v 31.629392 13.125000 -11.111405
v 30.144177 13.359375 -13.063457
v 28.431179 13.593750 -14.819023
v 26.516164 13.828125 -16.351696
v 24.427935 14.062500 -17.638425
v 22.197901 14.296875 -18.659856
v 19.859604 14.531250 -19.400625
v 17.448214 14.765625 -19.849591
v 15.000000 15.000000 -20.000000
v 12.551786 15.234375 -19.849591
v 10.140396 15.468750 -19.400625
v 7.802099 15.703125 -18.659856
v 5.572065 15.937500 -17.638425
v 3.483836 16.171875 -16.351696
v 1.568821 16.406250 -14.819023
v -0.144177 16.640625 -13.063457
v -1.629392 16.875000 -11.111405
v -2.864486 17.109375 -8.992227
v -3.830881 17.343750 -6.737797
v -4.514043 17.578125 -4.382025
v -4.903695 17.812500 -1.960343
v -4.993976 18.046875 0.490825
v -4.783530 18.281250 2.934609
v -4.275521 18.515625 5.334255
v -3.477591 18.750000 7.653669
v -2.401740 18.984375 9.857964
v -1.064151 19.218750 11.913986
v 0.515058 19.453125 13.790811
v 2.312134 19.687500 15.460209
v 4.300048 19.921875 16.897071
v 6.448898 20.156250 18.079786
v 8.726365 20.390625 18.990564
v 11.098194 20.625000 19.615706
v 13.528709 20.859375 19.945809
v 15.981353 21.093750 19.975909
v 18.419238 21.328125 19.705553
v 20.805694 21.562500 19.138807
v 23.104826 21.796875 18.284195
v 25.282055 22.031250 17.154572
v 27.304632 22.265625 15.766929
v 29.142136 22.500000 14.142136
v 30.766929 22.734375 12.304632
v 32.154572 22.968750 10.282055
v 33.284195 23.203125 8.104826
v 34.138807 23.437500 5.805694
v 34.705553 23.671875 3.419238
v 34.975909 23.906250 0.981353
v 34.945809 24.140625 -1.471291
v 34.615706 24.375000 -3.901806
v 33.990564 24.609375 -6.273635
v 33.079786 24.843750 -8.551102
v 31.897071 25.078125 -10.699952
v 30.460209 25.312500 -12.687866
v 28.790811 25.546875 -14.484942
v 26.913986 25.781250 -16.064151
v 24.857964 26.015625 -17.401740
v 22.653669 26.250000 -18.477591
v 20.334255 26.484375 -19.275521
v 17.934609 26.718750 -19.783530
v 15.490825 26.953125 -19.993976
v 13.039657 27.187500 -19.903695
v 10.617975 27.421875 -19.514043
v 8.262203 27.656250 -18.830881
v 6.007773 27.890625 -17.864486
v 3.888595 28.125000 -16.629392
v 1.936543 28.359375 -15.144177
v 0.180977 28.593750 -13.431179
v -1.351696 28.828125 -11.516164
v -2.638425 29.062500 -9.427935
v -3.659856 29.296875 -7.197901
v -4.400625 29.531250 -4.859604
v -4.849591 29.765625 -2.448214
v -5.000000 30.000000 -0.000000
v -4.849591 30.234375 2.448214
v -4.400625 30.468750 4.859604
v -3.659856 30.703125 7.197901
v -2.638425 30.937500 9.427935
v -1.351696 31.171875 11.516164
v 0.180977 31.406250 13.431179
v 1.936543 31.640625 15.144177
v 3.888595 31.875000 16.629392
v 6.007773 32.109375 17.864486
v 8.262203 32.343750 18.830881
v 10.617975 32.578125 19.514043
v 13.039657 32.812500 19.903695
v 15.490825 33.046875 19.993976
v 17.934609 33.281250 19.783530
v 20.334255 33.515625 19.275521
v 22.653669 33.750000 18.477591
v 24.857964 33.984375 17.401740
v 26.913986 34.218750 16.064151
v 28.790811 34.453125 14.484942
v 30.460209 34.687500 12.687866
v 31.897071 34.921875 10.699952
v 33.079786 35.156250 8.551102
v 33.990564 35.390625 6.273635
v 34.615706 35.625000 3.901806
v 34.945809 35.859375 1.471291
v 34.975909 36.093750 -0.981353
v 34.705553 36.328125 -3.419238
v 34.138807 36.562500 -5.805694
v 33.284195 36.796875 -8.104826
v 32.154572 37.031250 -10.282055
v 30.766929 37.265625 -12.304632
v 29.142136 37.500000 -14.142136
v 27.304632 37.734375 -15.766929
v 25.282055 37.968750 -17.154572
v 23.104826 38.203125 -18.284195
v 20.805694 38.437500 -19.138807
v 18.419238 38.671875 -19.705553
v 15.981353 38.906250 -19.975909
v 13.528709 39.140625 -19.945809
v 11.098194 39.375000 -19.615706
v 8.726365 39.609375 -18.990564
v 6.448898 39.843750 -18.079786
v 4.300048 40.078125 -16.897071
v 2.312134 40.312500 -15.460209
v 0.515058 40.546875 -13.790811
v -1.064151 40.781250 -11.913986
v -2.401740 41.015625 -9.857964
v -3.477591 41.250000 -7.653669
v -4.275521 41.484375 -5.334255
v -4.783530 41.718750 -2.934609
v -4.993976 41.953125 -0.490825
v -4.903695 42.187500 1.960343
v -4.514043 42.421875 4.382025
v -3.830881 42.656250 6.737797
v -2.864486 42.890625 8.992227
v -1.629392 43.125000 11.111405
v -0.144177 43.359375 13.063457
v 1.568821 43.593750 14.819023
v 3.483836 43.828125 16.351696
v 5.572065 44.062500 17.638425
v 7.802099 44.296875 18.659856
v 10.140396 44.531250 19.400625
v 12.551786 44.765625 19.849591
v 15.000000 45.000000 20.000000
v 17.448214 45.234375 19.849591
v 19.859604 45.468750 19.400625
v 22.197901 45.703125 18.659856
v 24.427935 45.937500 17.638425
v 26.516164 46.171875 16.351696
v 28.431179 46.406250 14.819023
v 30.144177 46.640625 13.063457
v 31.629392 46.875000 11.111405
v 32.864486 47.109375 8.992227
v 33.830881 47.343750 6.737797
v 34.514043 47.578125 4.382025
v 34.903695 47.812500 1.960343
v 34.993976 48.046875 -0.490825
v 34.783530 48.281250 -2.934609
v 34.275521 48.515625 -5.334255
v 33.477591 48.750000 -7.653669
v 32.401740 48.984375 -9.857964
v 31.064151 49.218750 -11.913986
v 29.484942 49.453125 -13.790811
v 27.687866 49.687500 -15.460209
v 25.699952 49.921875 -16.897071
v 23.551102 50.156250 -18.079786
v 21.273635 50.390625 -18.990564
v 18.901806 50.625000 -19.615706
v 16.471291 50.859375 -19.945809
v 14.018647 51.093750 -19.975909
v 11.580762 51.328125 -19.705553
v 9.194306 51.562500 -19.138807
v 6.895174 51.796875 -18.284195
v 4.717945 52.031250 -17.154572
v 2.695368 52.265625 -15.766929
v 0.857864 52.500000 -14.142136
v -0.766929 52.734375 -12.304632
v -2.154572 52.968750 -10.282055
v -3.284195 53.203125 -8.104826
v -4.138807 53.437500 -5.805694
v -4.705553 53.671875 -3.419238
v -4.975909 53.906250 -0.981353
v -4.945809 54.140625 1.471291
v -4.615706 54.375000 3.901806
v -3.990564 54.609375 6.273635
v -3.079786 54.843750 8.551102
v -1.897071 55.078125 10.699952
v -0.460209 55.312500 12.687866
v 1.209189 55.546875 14.484942
v 3.086014 55.781250 16.064151
v 5.142036 56.015625 17.401740
v 7.346331 56.250000 18.477591
v 9.665745 56.484375 19.275521
v 12.065391 56.718750 19.783530
v 14.509175 56.953125 19.993976
v 16.960343 57.187500 19.903695
v 19.382025 57.421875 19.514043
v 21.737797 57.656250 18.830881
v 23.992227 57.890625 17.864486
v 26.111405 58.125000 16.629392
v 28.063457 58.359375 15.144177
v 29.819023 58.593750 13.431179
v 31.351696 58.828125 11.516164
v 32.638425 59.062500 9.427935
v 33.659856 59.296875 7.197901
v 34.400625 59.531250 4.859604
v 34.849591 59.765625 2.448214
v 35.000000 60.000000 0.000000
v 34.897777 60.776457 0.000000
v 34.598076 61.500000 0.000000
v 34.121320 62.121320 0.000000
v 33.500000 62.598076 0.000000
v 32.776457 62.897777 0.000000
v 32.000000 63.000000 0.000000
v 31.223543 62.897777 0.000000
v 30.500000 62.598076 0.000000
v 29.878680 62.121320 0.000000
v 29.401924 61.500000 0.000000
v 29.102223 60.776457 0.000000
v 29.000000 60.000000 0.000000
v 29.102223 59.223543 0.000000
v 29.401924 58.500000 0.000000
v 29.878680 57.878680 0.000000
v 30.500000 57.401924 0.000000
v 31.223543 57.102223 0.000000
v 32.000000 57.000000 0.000000
v 32.776457 57.102223 0.000000
v 33.500000 57.401924 0.000000
v 34.121320 57.878680 0.000000
v 34.598076 58.500000 0.000000
v 34.897777 59.223543 0.000000
v 34.550297 1.131261 -3.676400
v 34.256516 1.855004 -3.621155
v 33.787664 2.475807 -3.532988
v 33.177489 2.952907 -3.418246
v 32.466618 3.252250 -3.284568
v 31.703730 3.354567 -3.141108
v 30.940991 3.252475 -2.997676
v 30.230197 2.952517 -2.864013
v 29.619552 2.476259 -2.749182
v 29.151627 1.854613 -2.661189
v 28.856518 1.131486 -2.605695
v 28.756869 0.355030 -2.586956
v 28.856518 -0.421426 -2.605695
v 29.151627 -1.144554 -2.661189
v 29.619552 -1.766200 -2.749182
v 30.230197 -2.242458 -2.864013
v 30.940991 -2.542416 -2.997676
v 31.703730 -2.644508 -3.141108
v 32.466618 -2.542191 -3.284568
v 33.177489 -2.242848 -3.418246
v 33.787664 -1.765748 -3.532988
v 34.256516 -1.144945 -3.621155
v 34.550297 -0.421201 -3.676400
v 33.533670 1.486290 -7.226959
v 33.255166 2.210034 -7.118361
v 32.810695 2.830837 -6.945045
v 32.232249 3.307936 -6.719487
v 31.558344 3.607280 -6.456707
v 30.835126 3.709597 -6.174698
v 30.112050 3.607505 -5.892744
v 29.438218 3.307546 -5.629992
v 28.859327 2.831288 -5.404261
v 28.415734 2.209643 -5.231288
v 28.135971 1.486515 -5.122198
v 28.041504 0.710059 -5.085362
v 28.135971 -0.066397 -5.122198
v 28.415734 -0.789524 -5.231288
v 28.859327 -1.411170 -5.404261
v 29.438218 -1.887428 -5.629992
v 30.112050 -2.187386 -5.892744
v 30.835126 -2.289479 -6.174698
v 31.558344 -2.187161 -6.456707
v 32.232249 -1.887818 -6.719487
v 32.810695 -1.410719 -6.945045
v 33.255166 -0.789916 -7.118361
v 33.533670 -0.066172 -7.226959
v 31.882308 1.841320 -10.529854
v 31.628619 2.565064 -10.371623
v 31.223749 3.185867 -10.119097
v 30.696843 3.662966 -9.790455
v 30.082984 3.962309 -9.407577
v 29.424206 4.064627 -8.996684
v 28.765556 3.962534 -8.585870
v 28.151763 3.662576 -8.203034
v 27.624451 3.186318 -7.874139
v 27.220383 2.564672 -7.622112
v 26.965547 1.841545 -7.463166
v 26.879497 1.065089 -7.409494
v 26.965547 0.288633 -7.463166
v 27.220383 -0.434495 -7.622112
v 27.624451 -1.056140 -7.874139
v 28.151763 -1.532398 -8.203034
v 28.765556 -1.832357 -8.585870
v 29.424206 -1.934449 -8.996684
v 30.082984 -1.832132 -9.407577
v 30.696843 -1.532788 -9.790455
v 31.223749 -1.055689 -10.119097
v 31.628619 -0.434886 -10.371623
v 31.882308 0.288858 -10.529854
v 29.642612 2.196349 -13.465819
v 29.422578 2.920093 -13.263469
v 29.071421 3.540896 -12.940534
v 28.614417 4.017995 -12.520258
v 28.081996 4.317339 -12.030626
v 27.510615 4.419656 -11.505166
v 26.939345 4.317564 -10.979807
v 26.406981 4.017605 -10.490228
v 25.949625 3.541348 -10.069629
v 25.599162 2.919702 -9.747332
v 25.378134 2.196574 -9.544068
v 25.303500 1.420118 -9.475432
v 25.378134 0.643662 -9.544068
v 25.599162 -0.079465 -9.747332
v 25.949625 -0.701111 -10.069629
v 26.406981 -1.177369 -10.490228
v 26.939345 -1.477327 -10.979807
v 27.510615 -1.579420 -11.505166
v 28.081996 -1.477102 -12.030626
v 28.614417 -1.177759 -12.520258
v 29.071421 -0.700659 -12.940534
v 29.422578 -0.079856 -13.263469
v 29.642612 0.643887 -13.465819
v 26.900860 2.551379 -15.940245
v 26.722027 3.275123 -15.700713
v 26.436622 3.895926 -15.318436
v 26.065189 4.373025 -14.820932
v 25.632461 4.672368 -14.241327
v 25.168068 4.774686 -13.619310
v 24.703765 4.672593 -12.997414
v 24.271084 4.372635 -12.417871
v 23.899365 3.896377 -11.919985
v 23.614525 3.274732 -11.538464
v 23.434883 2.551604 -11.297849
v 23.374224 1.775148 -11.216600
v 23.434883 0.998692 -11.297849
v 23.614525 0.275564 -11.538464
v 23.899365 -0.346081 -11.919985
v 24.271084 -0.822339 -12.417871
v 24.703765 -1.122297 -12.997414
v 25.168068 -1.224390 -13.619310
v 25.632461 -1.122073 -14.241327
v 26.065189 -0.822729 -14.820932
v 26.436622 -0.345630 -15.318436
v 26.722027 0.275173 -15.700713
v 26.900860 0.998917 -15.940245
v 23.751792 2.906409 -17.868844
v 23.620279 3.630152 -17.600331
v 23.410395 4.250955 -17.171803
v 23.137247 4.728055 -16.614106
v 22.819022 5.027398 -15.964375
v 22.477511 5.129715 -15.267101
v 22.136067 5.027623 -14.569962
v 21.817876 4.727665 -13.920301
v 21.544518 4.251407 -13.362176
v 21.335049 3.629761 -12.934495
v 21.202942 2.906634 -12.664767
v 21.158333 2.130178 -12.573689
v 21.202942 1.353721 -12.664767
v 21.335049 0.630594 -12.934495
v 21.544518 0.008948 -13.362176
v 21.817876 -0.467310 -13.920301
v 22.136067 -0.767268 -14.569962
v 22.477511 -0.869360 -15.267101
v 22.819022 -0.767043 -15.964375
v 23.137247 -0.467700 -16.614106
v 23.410395 0.009400 -17.171803
v 23.620279 0.630203 -17.600331
v 23.751792 1.353946 -17.868844
v 20.297721 3.261438 -19.174800
v 20.218113 3.985182 -18.886662
v 20.091064 4.605985 -18.426815
v 19.925719 5.083084 -17.828359
v 19.733088 5.382428 -17.131142
v 19.526361 5.484745 -16.382907
v 19.319675 5.382652 -15.634817
v 19.127065 5.082694 -14.937675
v 18.961593 4.606436 -14.338759
v 18.834795 3.984791 -13.879820
v 18.754826 3.261663 -13.590380
v 18.727824 2.485207 -13.492645
v 18.754826 1.708751 -13.590380
v 18.834795 0.985623 -13.879820
v 18.961593 0.363978 -14.338759
v 19.127065 -0.112280 -14.937675
v 19.319675 -0.412238 -15.634817
v 19.526361 -0.514331 -16.382907
v 19.733088 -0.412013 -17.131142
v 19.925719 -0.112670 -17.828359
v 20.091064 0.364429 -18.426815
v 20.218113 0.985232 -18.886662
v 20.297721 1.708976 -19.174800
v 16.661839 3.616468 -19.823127
v 16.636866 4.340211 -19.525246
v 16.597013 4.961015 -19.049851
v 16.545146 5.438114 -18.431160
v 16.484719 5.737457 -17.710369
v 16.419871 5.839775 -16.936835
v 16.355036 5.737682 -16.163451
v 16.294616 5.437724 -15.442738
v 16.242709 4.961466 -14.823572
v 16.202934 4.339820 -14.349116
v 16.177849 3.616693 -14.049889
v 16.169379 2.840237 -13.948849
v 16.177849 2.063781 -14.049889
v 16.202934 1.340653 -14.349116
v 16.242709 0.719008 -14.823572
v 16.294616 0.242750 -15.442738
v 16.355036 -0.057209 -16.163451
v 16.419871 -0.159301 -16.936835
v 16.484719 -0.056984 -17.710369
v 16.545146 0.242360 -18.431160
v 16.597013 0.719459 -19.049851
v 16.636866 1.340262 -19.525246
v 16.661839 2.064006 -19.823127
v 12.969244 3.971497 -19.793039
v 12.999760 4.695241 -19.495611
v 13.048462 5.316044 -19.020937
v 13.111843 5.793143 -18.403185
v 13.185683 6.092487 -17.683488
v 13.264927 6.194804 -16.911128
v 13.344155 6.092712 -16.138918
v 13.417988 5.792753 -15.419299
v 13.481418 5.316495 -14.801073
v 13.530023 4.694850 -14.327337
v 13.560677 3.971722 -14.028564
v 13.571027 3.195266 -13.927678
v 13.560677 2.418810 -14.028564
v 13.530023 1.695683 -14.327337
v 13.481418 1.074037 -14.801073
v 13.417988 0.597779 -15.419299
v 13.344155 0.297821 -16.138918
v 13.264927 0.195728 -16.911128
v 13.185683 0.298046 -17.683488
v 13.111843 0.597389 -18.403185
v 13.048462 1.074488 -19.020937
v 12.999760 1.695292 -19.495611
v 12.969244 2.419035 -19.793039
v 9.347354 4.326527 -19.073306
v 9.432296 5.050271 -18.786693
v 9.567857 5.671074 -18.329280
v 9.744279 6.148173 -17.733992
v 9.949816 6.447516 -17.040465
v 10.170392 6.549834 -16.296190
v 10.390926 6.447741 -15.552060
v 10.596440 6.147783 -14.858609
v 10.772998 5.671525 -14.262862
v 10.908291 5.049879 -13.806353
v 10.993616 4.326752 -13.518445
v 11.022428 3.550296 -13.421227
v 10.993616 2.773840 -13.518445
v 10.908291 2.050712 -13.806353
v 10.772998 1.429067 -14.262862
v 10.596440 0.952809 -14.858609
v 10.390926 0.652851 -15.552060
v 10.170392 0.550758 -16.296190
v 9.949816 0.653075 -17.040465
v 9.744279 0.952419 -17.733992
v 9.567857 1.429518 -18.329280
v 9.432296 2.050321 -18.786693
v 9.347354 2.774065 -19.073306
v 5.919334 4.681557 -17.699037
v 6.055788 5.405300 -17.433075
v 6.273560 6.026103 -17.008620
v 6.556972 6.503203 -16.456223
v 6.887155 6.802546 -15.812666
v 7.241499 6.904863 -15.122018
v 7.595774 6.802771 -14.431504
v 7.925922 6.502813 -13.788017
v 8.209552 6.026555 -13.235195
v 8.426893 5.404909 -12.811578
v 8.563964 4.681781 -12.544414
v 8.610249 3.905325 -12.454201
v 8.563964 3.128869 -12.544414
v 8.426893 2.405742 -12.811578
v 8.209552 1.784096 -13.235195
v 7.925922 1.307838 -13.788017
v 7.595774 1.007880 -14.431504
v 7.241499 0.905788 -15.122018
v 6.887155 1.008105 -15.812666
v 6.556972 1.307448 -16.456223
v 6.273560 1.784548 -17.008620
v 6.055788 2.405351 -17.433075
v 5.919334 3.129094 -17.699037
v 2.802109 5.036586 -15.719361
v 2.985406 5.760330 -15.483148
v 3.277934 6.381133 -15.106168
v 3.658636 6.858232 -14.615559
v 4.102165 7.157576 -14.043985
v 4.578149 7.259893 -13.430587
v 5.054040 7.157800 -12.817309
v 5.497521 6.857842 -12.245797
v 5.878517 6.381584 -11.754810
v 6.170467 5.759939 -11.378576
v 6.354592 5.036811 -11.141294
v 6.416765 4.260355 -11.061172
v 6.354592 3.483899 -11.141294
v 6.170467 2.760771 -11.378576
v 5.878517 2.139126 -11.754810
v 5.497521 1.662868 -12.245797
v 5.054040 1.362910 -12.817309
v 4.578149 1.260817 -13.430587
v 4.102165 1.363134 -14.043985
v 3.658636 1.662478 -14.615559
v 3.277934 2.139577 -15.106168
v 2.985406 2.760380 -15.483148
v 2.802109 3.484124 -15.719361
v 0.109779 5.391616 -13.192023
v 0.333533 6.115359 -12.993788
v 0.690628 6.736162 -12.677419
v 1.155360 7.213262 -12.265688
v 1.696785 7.512605 -11.786012
v 2.277829 7.614923 -11.271235
v 2.858759 7.512830 -10.756559
v 3.400125 7.212872 -10.276934
v 3.865215 6.736614 -9.864887
v 4.221604 6.114968 -9.549143
v 4.446369 5.391841 -9.350012
v 4.522266 4.615385 -9.282771
v 4.446369 3.838929 -9.350012
v 4.221604 3.115801 -9.549143
v 3.865215 2.494155 -9.864887
v 3.400125 2.017898 -10.276934
v 2.858759 1.717939 -10.756559
v 2.277829 1.615847 -11.271235
v 1.696785 1.718164 -11.786012
v 1.155360 2.017507 -12.265688
v 0.690628 2.494607 -12.677419
v 0.333533 3.115410 -12.993788
v 0.109779 3.839154 -13.192023
v -2.071391 5.746645 -10.211689
v -1.814860 6.470389 -10.058238
v -1.405457 7.091192 -9.813343
v -0.872649 7.568291 -9.494631
v -0.251914 7.867635 -9.123322
v 0.414242 7.969952 -8.724844
v 1.080269 7.867860 -8.326443
v 1.700937 7.567901 -7.955175
v 2.234154 7.091643 -7.636217
v 2.642748 6.469998 -7.391806
v 2.900438 5.746870 -7.237662
v 2.987452 4.970414 -7.185612
v 2.900438 4.193958 -7.237662
v 2.642748 3.470831 -7.391806
v 2.234154 2.849185 -7.636217
v 1.700937 2.372927 -7.955175
v 1.080269 2.072969 -8.326443
v 0.414242 1.970876 -8.724844
v -0.251914 2.073194 -9.123322
v -0.872649 2.372537 -9.494631
v -1.405457 2.849636 -9.813343
v -1.814860 3.470439 -10.058238
v -2.071391 4.194183 -10.211689
v -3.668670 6.101675 -6.882278
v -3.388138 6.825419 -6.778859
v -2.940428 7.446222 -6.613809
v -2.357769 7.923321 -6.399009
v -1.678955 8.222664 -6.148762
v -0.950470 8.324982 -5.880203
v -0.222127 8.222889 -5.611696
v 0.456614 7.922931 -5.361476
v 1.039721 7.446673 -5.146511
v 1.486546 6.825027 -4.981788
v 1.768346 6.101900 -4.877901
v 1.863502 5.325444 -4.842821
v 1.768346 4.548988 -4.877901
v 1.486546 3.825860 -4.981788
v 1.039721 3.204215 -5.146511
v 0.456614 2.727957 -5.361476
v -0.222127 2.427998 -5.611696
v -0.950470 2.325906 -5.880203
v -1.678955 2.428223 -6.148762
v -2.357769 2.727567 -6.399009
v -2.940428 3.204666 -6.613809
v -3.388138 3.825469 -6.778859
v -3.668670 4.549213 -6.882278
v -4.615720 6.456704 -3.313085
v -4.320956 7.180448 -3.263300
v -3.850535 7.801251 -3.183846
v -3.238317 8.278351 -3.080442
v -2.525068 8.577694 -2.959975
v -1.759627 8.680011 -2.830692
v -0.994335 8.577919 -2.701435
v -0.281163 8.277960 -2.580981
v 0.331525 7.801703 -2.477498
v 0.801017 7.180057 -2.398201
v 1.097113 6.456929 -2.348191
v 1.197096 5.680473 -2.331303
v 1.097113 4.904017 -2.348191
v 0.801017 4.180890 -2.398201
v 0.331525 3.559244 -2.477498
v -0.281163 3.082986 -2.580981
v -0.994335 2.783028 -2.701435
v -1.759627 2.680935 -2.830692
v -2.525068 2.783253 -2.959975
v -3.238317 3.082596 -3.080442
v -3.850535 3.559696 -3.183846
v -4.320956 4.180499 -3.263300
v -4.615720 4.904242 -3.313085
v -4.888961 6.811734 0.370009
v -4.590092 7.535478 0.364449
v -4.113118 8.156281 0.355576
v -3.492372 8.633380 0.344027
v -2.769187 8.932724 0.330573
v -1.993084 9.035041 0.316135
v -1.217132 8.932948 0.301699
v -0.494025 8.632990 0.288247
v 0.127198 8.156732 0.276690
v 0.603229 7.535087 0.267834
v 0.903449 6.811959 0.262249
v 1.004825 6.035503 0.260363
v 0.903449 5.259047 0.262249
v 0.603229 4.535919 0.267834
v 0.127198 3.914274 0.276690
v -0.494025 3.438016 0.288247
v -1.217132 3.138058 0.301699
v -1.993084 3.035965 0.316135
v -2.769187 3.138282 0.330573
v -3.492372 3.437626 0.344027
v -4.113118 3.914725 0.355576
v -4.590092 4.535528 0.364449
v -4.888961 5.259272 0.370009
v -4.482270 7.166764 4.040290
v -4.189511 7.890507 3.979577
v -3.722290 8.511310 3.882683
v -3.114238 8.988410 3.756583
v -2.405841 9.287753 3.609674
v -1.645608 9.390070 3.452014
v -0.885522 9.287978 3.294386
v -0.177202 8.988020 3.147492
v 0.431318 8.511762 3.021296
v 0.897616 7.890116 2.924593
v 1.191697 7.166989 2.863606
v 1.291000 6.390533 2.843012
v 1.191697 5.614077 2.863606
v 0.897616 4.890949 2.924593
v 0.431318 4.269303 3.021296
v -0.177202 3.793045 3.147492
v -0.885522 3.493087 3.294386
v -1.645608 3.390995 3.452014
v -2.405841 3.493312 3.609674
v -3.114238 3.792655 3.756583
v -3.722290 4.269755 3.882683
v -4.189511 4.890558 3.979577
v -4.482270 5.614301 4.040290
v -3.397118 7.521793 7.569942
v -3.120666 8.245537 7.456189
v -2.679469 8.866340 7.274648
v -2.105284 9.343439 7.038386
v -1.436345 9.642783 6.763134
v -0.718456 9.745100 6.467742
v -0.000707 9.643007 6.172406
v 0.668160 9.343049 5.897184
v 1.242786 8.866791 5.660741
v 1.683111 8.245146 5.479558
v 1.960813 7.522018 5.365291
v 2.054584 6.745562 5.326707
v 1.960813 5.969106 5.365291
v 1.683111 5.245979 5.479558
v 1.242786 4.624333 5.660741
v 0.668160 4.148075 5.897184
v -0.000707 3.848117 6.172406
v -0.718456 3.746024 6.467742
v -1.436345 3.848342 6.763134
v -2.105284 4.147685 7.038386
v -2.679469 4.624784 7.274648
v -3.120666 5.245587 7.456189
v -3.397118 5.969331 7.569942
v -1.679625 7.876823 10.839499
v -1.428982 8.600566 10.676615
v -1.028973 9.221370 10.416663
v -0.508393 9.698469 10.078357
v 0.098097 9.997812 9.684220
v 0.748966 10.100130 9.261244
v 1.399708 9.998037 8.838349
v 2.006132 9.698079 8.444255
v 2.527113 9.221821 8.105689
v 2.926330 8.600175 7.846251
v 3.178107 7.877048 7.682631
v 3.263124 7.100592 7.627381
v 3.178107 6.324136 7.682631
v 2.926330 5.601008 7.846251
v 2.527113 4.979363 8.105689
v 2.006132 4.503105 8.444255
v 1.399708 4.203146 8.838349
v 0.748966 4.101054 9.261244
v 0.098097 4.203371 9.684220
v -0.508393 4.502715 10.078357
v -1.028973 4.979814 10.416663
v -1.428982 5.600617 10.676615
v -1.679625 6.324361 10.839499
v 0.607825 8.231852 13.738468
v 0.824095 8.955596 13.532022
v 1.169246 9.576399 13.202548
v 1.618434 10.053498 12.773762
v 2.141749 10.352842 12.274216
v 2.703358 10.455159 11.738117
v 3.264857 10.353067 11.202121
v 3.788116 10.053108 10.702629
v 4.237649 9.576850 10.273514
v 4.582118 8.955205 9.944691
v 4.799366 8.232077 9.737312
v 4.872724 7.455621 9.667286
v 4.799366 6.679165 9.737312
v 4.582118 5.956038 9.944691
v 4.237649 5.334392 10.273514
v 3.788116 4.858134 10.702629
v 3.264857 4.558176 11.202121
v 2.703358 4.456083 11.738117
v 2.141749 4.558401 12.274216
v 1.618434 4.857744 12.773762
v 1.169246 5.334843 13.202548
v 0.824095 5.955647 13.532022
v 0.607825 6.679390 13.738468
v 3.396389 8.586882 16.159184
v 3.570756 9.310626 15.916361
v 3.849032 9.931429 15.528834
v 4.211187 10.408528 15.024497
v 4.633107 10.707871 14.436931
v 5.085901 10.810189 13.806371
v 5.538607 10.708096 13.175933
v 5.960481 10.408138 12.588430
v 6.322915 9.931880 12.083705
v 6.600641 9.310235 11.696944
v 6.775796 8.587107 11.453024
v 6.834940 7.810651 11.370660
v 6.775796 7.034195 11.453024
v 6.600641 6.311067 11.696944
v 6.322915 5.689422 12.083705
v 5.960481 5.213164 12.588430
v 5.538607 4.913206 13.175933
v 5.085901 4.811113 13.806371
v 4.633107 4.913430 14.436931
v 4.211187 5.212774 15.024497
v 3.849032 5.689873 15.528834
v 3.570756 6.310676 15.916361
v 3.396389 7.034420 16.159184
v 6.584058 8.941912 18.024253
v 6.710523 9.665655 17.753404
v 6.912353 10.286458 17.321149
v 7.175019 10.763558 16.758602
v 7.481032 11.062901 16.103220
v 7.809438 11.165218 15.399881
v 8.137779 11.063126 14.696679
v 8.443759 10.763168 14.041368
v 8.706627 10.286910 13.478389
v 8.908058 9.665264 13.046988
v 9.035095 8.942137 12.774915
v 9.077992 8.165680 12.683044
v 9.035095 7.389224 12.774915
v 8.908058 6.666097 13.046988
v 8.706627 6.044451 13.478389
v 8.443759 5.568193 14.041368
v 8.137779 5.268235 14.696679
v 7.809438 5.166143 15.399881
v 7.481032 5.268460 16.103220
v 7.175019 5.567803 16.758602
v 6.912353 6.044903 17.321149
v 6.710523 6.665706 17.753404
v 6.584058 7.389449 18.024253
v 10.059128 9.296941 19.273430
v 10.133374 10.020685 18.983810
v 10.251865 10.641488 18.521598
v 10.406073 11.118587 17.920063
v 10.585728 11.417931 17.219260
v 10.778530 11.520248 16.467176
v 10.971294 11.418155 15.715238
v 11.150930 11.118197 15.014510
v 11.305256 10.641939 14.412513
v 11.423513 10.020294 13.951215
v 11.498095 9.297166 13.660285
v 11.523279 8.520710 13.562047
v 11.498095 7.744254 13.660285
v 11.423513 7.021126 13.951215
v 11.305256 6.399481 14.412513
v 11.150930 5.923223 15.014510
v 10.971294 5.623265 15.715238
v 10.778530 5.521172 16.467176
v 10.585728 5.623490 17.219260
v 10.406073 5.922833 17.920063
v 10.251865 6.399932 18.521598
v 10.133374 7.020735 18.983810
v 10.059128 7.744479 19.273430
v 13.706234 9.651971 19.851809
v 13.725676 10.375714 19.553497
v 13.756702 10.996517 19.077414
v 13.797082 11.473617 18.457828
v 13.844124 11.772960 17.735994
v 13.894609 11.875278 16.961341
v 13.945085 11.773185 16.186838
v 13.992122 11.473227 15.465083
v 14.032533 10.996969 14.845020
v 14.063498 10.375323 14.369878
v 14.083027 9.652196 14.070218
v 14.089622 8.875740 13.969032
v 14.083027 8.099284 14.070218
v 14.063498 7.376156 14.369878
v 14.032533 6.754510 14.845020
v 13.992122 6.278253 15.465083
v 13.945085 5.978294 16.186838
v 13.894609 5.876202 16.961341
v 13.844124 5.978519 17.735994
v 13.797082 6.277863 18.457828
v 13.756702 6.754962 19.077414
v 13.725676 7.375765 19.553497
v 13.706234 8.099509 19.851809
v 17.397937 10.007000 19.747127
v 17.361904 10.730744 19.450389
v 17.304397 11.351547 18.976816
v 17.229556 11.828646 18.360497
v 17.142364 12.127990 17.642470
v 17.048792 12.230307 16.871901
v 16.955239 12.128215 16.101482
v 16.868056 11.828256 15.383533
v 16.793158 11.351998 14.766740
v 16.735765 10.730353 14.294103
v 16.699568 10.007225 13.996024
v 16.687346 9.230769 13.895371
v 16.699568 8.454313 13.996024
v 16.735765 7.731186 14.294103
v 16.793158 7.109540 14.766740
v 16.868056 6.633282 15.383533
v 16.955239 6.333324 16.101482
v 17.048792 6.231231 16.871901
v 17.142364 6.333549 17.642470
v 17.229556 6.632892 18.360497
v 17.304397 7.109991 18.976816
v 17.361904 7.730794 19.450389
v 17.397937 8.454538 19.747127
v 21.007585 10.362030 18.967949
v 20.917310 11.085774 18.682919
v 20.773237 11.706577 18.228033
v 20.585736 12.183676 17.636032
v 20.367294 12.483019 16.946337
v 20.132867 12.585337 16.206173
v 19.898486 12.483244 15.466153
v 19.680067 12.183286 14.776532
v 19.492423 11.707028 14.184077
v 19.348635 11.085382 13.730090
v 19.257951 10.362255 13.443771
v 19.227330 9.585799 13.347090
v 19.257951 8.809343 13.443771
v 19.348635 8.086215 13.730090
v 19.492423 7.464570 14.184077
v 19.680067 6.988312 14.776532
v 19.898486 6.688353 15.466153
v 20.132867 6.586261 16.206173
v 20.367294 6.688578 16.946337
v 20.585736 6.987922 17.636032
v 20.773237 7.465021 18.228033
v 20.917310 8.085824 18.682919
v 21.007585 8.809568 18.967949
v 24.408266 10.717059 17.528773
v 24.266889 11.440803 17.265370
v 24.041261 12.061606 16.844997
v 23.747624 12.538706 16.297915
v 23.405529 12.838049 15.660549
v 23.038401 12.940366 14.976545
v 22.671345 12.838274 14.292673
v 22.329287 12.538315 13.655377
v 22.035424 12.062058 13.107873
v 21.810243 11.440412 12.688332
v 21.668226 10.717284 12.423738
v 21.620272 9.940828 12.334392
v 21.668226 9.164372 12.423738
v 21.810243 8.441245 12.688332
v 22.035424 7.819599 13.107873
v 22.329287 7.343341 13.655377
v 22.671345 7.043383 14.292673
v 23.038401 6.941291 14.976545
v 23.405529 7.043608 15.660549
v 23.747624 7.342951 16.297915
v 24.041261 7.820051 16.844997
v 24.266889 8.440854 17.265370
v 24.408266 9.164597 17.528773
v 27.485108 11.072089 15.486083
v 27.297495 11.795833 15.253375
v 26.998079 12.416636 14.881990
v 26.608412 12.893735 14.398661
v 26.154440 13.193079 13.835570
v 25.667248 13.295396 13.231275
v 25.180152 13.193303 12.627098
v 24.726228 12.893345 12.064067
v 24.336262 12.417087 11.580366
v 24.037437 11.795442 11.209715
v 23.848977 11.072314 10.975956
v 23.785339 10.295858 10.897022
v 23.848977 9.519402 10.975956
v 24.037437 8.796274 11.209715
v 24.336262 8.174629 11.580366
v 24.726228 7.698371 12.064067
v 25.180152 7.398413 12.627098
v 25.667248 7.296320 13.231275
v 26.154440 7.398637 13.835570
v 26.608412 7.697981 14.398661
v 26.998079 8.175080 14.881990
v 27.297495 8.795883 15.253375
v 27.485108 9.519627 15.486083
v 30.135481 11.427119 12.914640
v 29.908042 12.150862 12.720573
v 29.545065 12.771665 12.410856
v 29.072678 13.248765 12.007783
v 28.522335 13.548108 11.538192
v 27.931721 13.650425 11.034239
v 27.341223 13.548333 10.530385
v 26.790939 13.248375 10.060845
v 26.318189 12.772117 9.657462
v 25.955930 12.150471 9.348357
v 25.727462 11.427344 9.153413
v 25.650315 10.650888 9.087586
v 25.727462 9.874432 9.153413
v 25.955930 9.151304 9.348357
v 26.318189 8.529658 9.657462
v 26.790939 8.053400 10.060845
v 27.341223 7.753442 10.530385
v 27.931721 7.651350 11.034239
v 28.522335 7.753667 11.538192
v 29.072678 8.053010 12.007783
v 29.545065 8.530110 12.410856
v 29.908042 9.150913 12.720573
v 30.135481 9.874657 12.914640
v 32.259445 11.782148 9.893947
v 32.000089 12.505892 9.745271
v 31.586175 13.126695 9.507996
v 31.047499 13.603794 9.199201
v 30.419926 13.903138 8.839446
v 29.746431 14.005455 8.453366
v 29.073068 13.903362 8.067362
v 28.445563 13.603404 7.707646
v 27.906472 13.127146 7.398613
v 27.493376 12.505501 7.161806
v 27.232848 11.782373 7.012459
v 27.144875 11.005917 6.962029
v 27.232848 10.229461 7.012459
v 27.493376 9.506334 7.161806
v 27.906472 8.884688 7.398613
v 28.445563 8.408430 7.707646
v 29.073068 8.108472 8.067362
v 29.746431 8.006379 8.453366
v 30.419926 8.108697 8.839446
v 31.047499 8.408040 9.199201
v 31.586175 8.885139 9.507996
v 32.000089 9.505942 9.745271
v 32.259445 10.229686 9.893947
v 33.788897 12.137178 6.532367
v 33.506558 12.860922 6.434206
v 33.055966 13.481725 6.277548
v 32.469554 13.958824 6.073669
v 31.786369 14.258167 5.836145
v 31.053192 14.360485 5.581240
v 30.320158 14.258392 5.326385
v 29.637047 13.958434 5.088886
v 29.050184 13.482176 4.884851
v 28.600482 12.860530 4.728502
v 28.316866 12.137403 4.629897
v 28.221098 11.360947 4.596601
v 28.316866 10.584491 4.629897
v 28.600482 9.861363 4.728502
v 29.050184 9.239718 4.884851
v 29.637047 8.763460 5.088886
v 30.320158 8.463501 5.326385
v 31.053192 8.361409 5.581240
v 31.786369 8.463726 5.836145
v 32.469554 8.763070 6.073669
v 33.055966 9.240169 6.277548
v 33.506558 9.860972 6.434206
v 33.788897 10.584716 6.532367
v 34.681102 12.494981 2.919311
v 34.385356 13.218725 2.875443
v 33.913367 13.839528 2.805432
v 33.299109 14.316627 2.714319
v 32.583482 14.615971 2.608169
v 31.815490 14.718288 2.494253
v 31.047647 14.616195 2.380358
v 30.332098 14.316237 2.274220
v 29.717367 13.839979 2.183037
v 29.246311 13.218334 2.113165
v 28.949228 12.495206 2.069098
v 28.848912 11.718750 2.054218
v 28.949228 10.942294 2.069098
v 29.246311 10.219166 2.113165
v 29.717367 9.597521 2.183037
v 30.332098 9.121263 2.274220
v 31.047647 8.821305 2.380358
v 31.815490 8.719212 2.494253
v 32.583482 8.821529 2.608169
v 33.299109 9.120873 2.714319
v 33.913367 9.597972 2.805432
v 34.385356 10.218775 2.875443
v 34.681102 10.942519 2.919311
v 34.880584 12.847237 -0.739155
v 34.581840 13.570981 -0.728048
v 34.105067 14.191784 -0.710321
v 33.484583 14.668883 -0.687252
v 32.761702 14.968226 -0.660375
v 31.985926 15.070544 -0.631532
v 31.210301 14.968451 -0.602695
v 30.487499 14.668493 -0.575821
v 29.866538 14.192235 -0.552734
v 29.390707 13.570590 -0.535043
v 29.090613 12.847462 -0.523885
v 28.989280 12.071006 -0.520118
v 29.090613 11.294550 -0.523885
v 29.390707 10.571422 -0.535043
v 29.866538 9.949777 -0.552734
v 30.487499 9.473519 -0.575821
v 31.210301 9.173561 -0.602695
v 31.985926 9.071468 -0.631532
v 32.761702 9.173785 -0.660375
v 33.484583 9.473129 -0.687252
v 34.105067 9.950228 -0.710321
v 34.581840 10.571031 -0.728048
v 34.880584 11.294775 -0.739155
v 34.399114 13.202267 -4.400783
v 34.107605 13.926010 -4.334653
v 33.642378 14.546813 -4.229114
v 33.036921 15.023913 -4.091763
v 32.331548 15.323256 -3.931746
v 31.574559 15.425573 -3.760019
v 30.817718 15.323481 -3.588326
v 30.112421 15.023523 -3.428326
v 29.506498 14.547265 -3.290870
v 29.042191 13.925619 -3.185539
v 28.749365 13.202492 -3.119110
v 28.650486 12.426036 -3.096679
v 28.749365 11.649579 -3.119110
v 29.042191 10.926452 -3.185539
v 29.506498 10.304806 -3.290870
v 30.112421 9.828548 -3.428326
v 30.817718 9.528590 -3.588326
v 31.574559 9.426498 -3.760019
v 32.331548 9.528815 -3.931746
v 33.036921 9.828158 -4.091763
v 33.642378 10.305258 -4.229114
v 34.107605 10.926061 -4.334653
v 34.399114 11.649804 -4.400783
v 33.255470 13.557296 -7.912073
v 32.981147 14.281040 -7.793178
v 32.543347 14.901843 -7.603432
v 31.973583 15.378942 -7.356492
v 31.309794 15.678286 -7.068800
v 30.597433 15.780603 -6.760057
v 29.885210 15.678510 -6.451374
v 29.221493 15.378552 -6.163713
v 28.651291 14.902294 -5.916583
v 28.214356 14.280649 -5.727212
v 27.938793 13.557521 -5.607781
v 27.845744 12.781065 -5.567452
v 27.938793 12.004609 -5.607781
v 28.214356 11.281481 -5.727212
v 28.651291 10.659836 -5.916583
v 29.221493 10.183578 -6.163713
v 29.885210 9.883620 -6.451374
v 30.597433 9.781527 -6.760057
v 31.309794 9.883845 -7.068800
v 31.973583 10.183188 -7.356492
v 32.543347 10.660287 -7.603432
v 32.981147 11.281090 -7.793178
v 33.255470 12.004834 -7.912073
v 31.477323 13.912326 -11.148414
v 31.229720 14.636069 -10.980888
v 30.834563 15.256873 -10.713528
v 30.320297 15.733972 -10.365580
v 29.721163 16.033315 -9.960211
v 29.078188 16.135633 -9.525180
v 28.435338 16.033540 -9.090233
v 27.836269 15.733582 -8.684909
v 27.321607 15.257324 -8.336693
v 26.927232 14.635678 -8.069862
v 26.678509 13.912551 -7.901578
v 26.594523 13.136095 -7.844754
v 26.678509 12.359639 -7.901578
v 26.927232 11.636511 -8.069862
v 27.321607 11.014866 -8.336693
v 27.836269 10.538608 -8.684909
v 28.435338 10.238649 -9.090233
v 29.078188 10.136557 -9.525180
v 29.721163 10.238874 -9.960211
v 30.320297 10.538218 -10.365580
v 30.834563 11.015317 -10.713528
v 31.229720 11.636120 -10.980888
v 31.477323 12.359864 -11.148414
v 29.130875 14.267355 -14.000326
v 28.918531 14.991099 -13.789944
v 28.579647 15.611902 -13.454191
v 28.138614 16.089001 -13.017233
v 27.624800 16.388345 -12.508165
v 27.073388 16.490662 -11.961847
v 26.522083 16.388570 -11.415636
v 26.008324 16.088611 -10.906623
v 25.566952 15.612353 -10.469329
v 25.228738 14.990708 -10.134239
v 25.015435 14.267580 -9.922906
v 24.943408 13.491124 -9.851546
v 25.015435 12.714668 -9.922906
v 25.228738 11.991541 -10.134239
v 25.566952 11.369895 -10.469329
v 26.008324 10.893637 -10.906623
v 26.522083 10.593679 -11.415636
v 27.073388 10.491586 -11.961847
v 27.624800 10.593904 -12.508165
v 28.138614 10.893247 -13.017233
v 28.579647 11.370346 -13.454191
v 28.918531 11.991150 -13.789944
v 29.130875 12.714893 -14.000326
v 26.302217 14.622385 -16.374334
v 26.132380 15.346129 -16.128278
v 25.861331 15.966932 -15.735591
v 25.508583 16.444031 -15.224539
v 25.097622 16.743374 -14.629150
v 24.656589 16.845692 -13.990194
v 24.215642 16.743599 -13.351363
v 23.804725 16.443641 -12.756038
v 23.451705 15.967383 -12.244593
v 23.181193 15.345737 -11.852682
v 23.010588 14.622610 -11.605514
v 22.952980 13.846154 -11.522053
v 23.010588 13.069698 -11.605514
v 23.181193 12.346570 -11.852682
v 23.451705 11.724925 -12.244593
v 23.804725 11.248667 -12.756038
v 24.215642 10.948709 -13.351363
v 24.656589 10.846616 -13.990194
v 25.097622 10.948933 -14.629150
v 25.508583 11.248277 -15.224539
v 25.861331 11.725376 -15.735591
v 26.132380 12.346179 -16.128278
v 26.302217 13.069923 -16.374334
v 23.080874 14.977414 -18.179499
v 22.959443 15.701158 -17.906317
v 22.765649 16.321961 -17.470339
v 22.513440 16.799061 -16.902947
v 22.219611 17.098404 -16.241920
v 21.904281 17.200721 -15.532523
v 21.589012 17.098629 -14.823264
v 21.295214 16.798671 -14.162309
v 21.042811 16.322413 -13.594480
v 20.849400 15.700767 -13.159364
v 20.727421 14.977639 -12.884948
v 20.686232 14.201183 -12.792285
v 20.727421 13.424727 -12.884948
v 20.849400 12.701600 -13.159364
v 21.042811 12.079954 -13.594480
v 21.295214 11.603696 -14.162309
v 21.589012 11.303738 -14.823264
v 21.904281 11.201646 -15.532523
v 22.219611 11.303963 -16.241920
v 22.513440 11.603306 -16.902947
v 22.765649 12.080406 -17.470339
v 22.959443 12.701209 -17.906317
v 23.080874 13.424952 -18.179499
v 19.580623 15.332444 -19.357353
v 19.511790 16.056188 -19.066472
v 19.401938 16.676991 -18.602247
v 19.258974 17.154090 -17.998093
v 19.092418 17.453434 -17.294238
v 18.913674 17.555751 -16.538879
v 18.734964 17.453658 -15.783667
v 18.568426 17.153700 -15.079889
v 18.425352 16.677442 -14.475270
v 18.315717 16.055797 -14.011963
v 18.246574 15.332669 -13.719767
v 18.223226 14.556213 -13.621101
v 18.246574 13.779757 -13.719767
v 18.315717 13.056629 -14.011963
v 18.425352 12.434984 -14.475270
v 18.568426 11.958726 -15.079889
v 18.734964 11.658768 -15.783667
v 18.913674 11.556675 -16.538879
v 19.092418 11.658992 -17.294238
v 19.258974 11.958336 -17.998093
v 19.401938 12.435435 -18.602247
v 19.511790 13.056238 -19.066472
v 19.580623 13.779982 -19.357353
v 15.924148 15.687474 -19.874620
v 15.910261 16.411217 -19.575966
v 15.888098 17.032020 -19.099336
v 15.859255 17.509120 -18.479038
v 15.825652 17.808463 -17.756374
v 15.789590 17.910780 -16.980831
v 15.753535 17.808688 -16.205438
v 15.719936 17.508730 -15.482853
v 15.691071 17.032472 -14.862078
v 15.668952 16.410826 -14.386390
v 15.655002 15.687699 -14.086386
v 15.650291 14.911243 -13.985084
v 15.655002 14.134787 -14.086386
v 15.668952 13.411659 -14.386390
v 15.691071 12.790013 -14.862078
v 15.719936 12.313756 -15.482853
v 15.753535 12.013797 -16.205438
v 15.789590 11.911705 -16.980831
v 15.825652 12.014022 -17.756374
v 15.859255 12.313365 -18.479038
v 15.888098 12.790465 -19.099336
v 15.910261 13.411268 -19.575966
v 15.924148 14.135012 -19.874620
v 12.235552 16.042503 -19.701724
v 12.277093 16.766247 -19.405668
v 12.343390 17.387050 -18.933184
v 12.429670 17.864149 -18.318282
v 12.530188 18.163493 -17.601905
v 12.638062 18.265810 -16.833109
v 12.745915 18.163718 -16.064461
v 12.846422 17.863759 -15.348162
v 12.932769 17.387501 -14.732788
v 12.998934 16.765856 -14.261238
v 13.040663 16.042728 -13.963844
v 13.054754 15.266272 -13.863422
v 13.040663 14.489816 -13.963844
v 12.998934 13.766689 -14.261238
v 12.932769 13.145043 -14.732788
v 12.846422 12.668785 -15.348162
v 12.745915 12.368827 -16.064461
v 12.638062 12.266734 -16.833109
v 12.530188 12.369052 -17.601905
v 12.429670 12.668395 -18.318282
v 12.343390 13.145494 -18.933184
v 12.277093 13.766297 -19.405668
v 12.235552 14.490041 -19.701724
v 8.642352 16.397533 -18.848561
v 8.737888 17.121277 -18.565325
v 8.890356 17.742080 -18.113302
v 9.088782 18.219179 -17.525028
v 9.319953 18.518522 -16.839673
v 9.568040 18.620840 -16.104169
v 9.816079 18.518747 -15.368807
v 10.047225 18.218789 -14.683526
v 10.245803 17.742531 -14.094800
v 10.397970 17.120885 -13.643670
v 10.493938 16.397758 -13.359154
v 10.526343 15.621302 -13.263081
v 10.493938 14.844846 -13.359154
v 10.397970 14.121718 -13.643670
v 10.245803 13.500073 -14.094800
v 10.047225 13.023815 -14.683526
v 9.816079 12.723856 -15.368807
v 9.568040 12.621764 -16.104169
v 9.319953 12.724081 -16.839673
v 9.088782 13.023425 -17.525028
v 8.890356 13.500524 -18.113302
v 8.737888 14.121327 -18.565325
v 8.642352 14.845071 -18.848561
v 5.266153 16.752562 -17.352299
v 5.412423 17.476306 -17.091547
v 5.645859 18.097109 -16.675407
v 5.949657 18.574209 -16.133832
v 6.303591 18.873552 -15.502883
v 6.683423 18.975869 -14.825765
v 7.063182 18.873777 -14.148779
v 7.417077 18.573818 -13.517898
v 7.721109 18.097561 -12.975907
v 7.954083 17.475915 -12.560589
v 8.101014 16.752787 -12.298659
v 8.150628 15.976331 -12.210213
v 8.101014 15.199875 -12.298659
v 7.954083 14.476748 -12.560589
v 7.721109 13.855102 -12.975907
v 7.417077 13.378844 -13.517898
v 7.063182 13.078886 -14.148779
v 6.683423 12.976793 -14.825765
v 6.303591 13.079111 -15.502883
v 5.949657 13.378454 -16.133832
v 5.645859 13.855554 -16.675407
v 5.412423 14.476357 -17.091547
v 5.266153 15.200100 -17.352299
v 2.227796 17.107592 -15.253731
v 2.419723 17.831336 -15.024514
v 2.726024 18.452139 -14.658701
v 3.124652 18.929238 -14.182624
v 3.589063 19.228581 -13.627981
v 4.087458 19.330899 -13.032753
v 4.585755 19.228806 -12.437641
v 5.050117 18.928848 -11.883058
v 5.449051 18.452590 -11.406615
v 5.754746 17.830945 -11.041525
v 5.947541 17.107817 -10.811273
v 6.012642 16.331361 -10.733523
v 5.947541 15.554905 -10.811273
v 5.754746 14.831777 -11.041525
v 5.449051 14.210132 -11.406615
v 5.050117 13.733874 -11.883058
v 4.585755 13.433916 -12.437641
v 4.087458 13.331823 -13.032753
v 3.589063 13.434140 -13.627981
v 3.124652 13.733484 -14.182624
v 2.726024 14.210583 -14.658701
v 2.419723 14.831386 -15.024514
v 2.227796 15.555130 -15.253731
v -0.369346 17.462622 -12.628147
v -0.138392 18.186365 -12.438385
v 0.230193 18.807168 -12.135538
v 0.709879 19.284268 -11.741407
v 1.268726 19.583611 -11.282233
v 1.868465 19.685928 -10.789460
v 2.468088 19.583836 -10.296783
v 3.026874 19.283878 -9.837659
v 3.506929 18.807620 -9.443225
v 3.874786 18.185974 -9.140977
v 4.106783 17.462847 -8.950357
v 4.185122 16.686391 -8.885991
v 4.106783 15.909935 -8.950357
v 3.874786 15.186807 -9.140977
v 3.506929 14.565161 -9.443225
v 3.026874 14.088903 -9.837659
v 2.468088 13.788945 -10.296783
v 1.868465 13.686853 -10.789460
v 1.268726 13.789170 -11.282233
v 0.709879 14.088513 -11.741407
v 0.230193 14.565613 -12.135538
v -0.138392 15.186416 -12.438385
v -0.369346 15.910159 -12.628147
v -2.442089 17.817651 -9.571775
v -2.179989 18.541395 -9.427940
v -1.761695 19.162198 -9.198392
v -1.217318 19.639297 -8.899651
v -0.583104 19.938641 -8.551611
v 0.097518 20.040958 -8.178103
v 0.778007 19.938865 -7.804668
v 1.412152 19.638907 -7.456665
v 1.956948 19.162649 -7.157695
v 2.374415 18.541004 -6.928600
v 2.637701 17.817876 -6.784115
v 2.726604 17.041420 -6.735327
v 2.637701 16.264964 -6.784115
v 2.374415 15.541836 -6.928600
v 1.956948 14.920191 -7.157695
v 1.412152 14.443933 -7.456665
v 0.778007 14.143975 -7.804668
v 0.097518 14.041882 -8.178103
v -0.583104 14.144200 -8.551611
v -1.217318 14.443543 -8.899651
v -1.761695 14.920642 -9.198392
v -2.179989 15.541445 -9.427940
v -2.442089 16.265189 -9.571775
v -3.909718 18.172681 -6.183318
v -3.625563 18.896424 -6.090401
v -3.172073 19.517228 -5.942114
v -2.581890 19.994327 -5.749129
v -1.894312 20.293670 -5.524297
v -1.156421 20.395988 -5.283013
v -0.418673 20.293895 -5.041775
v 0.268831 19.993937 -4.816967
v 0.859468 19.517679 -4.623834
v 1.312061 18.896033 -4.475840
v 1.597500 18.172906 -4.382504
v 1.693885 17.396450 -4.350987
v 1.597500 16.619994 -4.382504
v 1.312061 15.896866 -4.475840
v 0.859468 15.275221 -4.623834
v 0.268831 14.798963 -4.816967
v -0.418673 14.499004 -5.041775
v -1.156421 14.396912 -5.283013
v -1.894312 14.499229 -5.524297
v -2.581890 14.798573 -5.749129
v -3.172073 15.275672 -5.942114
v -3.625563 15.896475 -6.090401
v -3.909718 16.620219 -6.183318
v -4.723694 18.527710 -2.581076
v -4.427308 19.251454 -2.542291
v -3.954297 19.872257 -2.480392
v -3.338710 20.349356 -2.399835
v -2.621534 20.648700 -2.305984
v -1.851880 20.751017 -2.205266
v -1.082376 20.648925 -2.104567
v -0.365278 20.348966 -2.010727
v 0.250783 19.872708 -1.930108
v 0.722859 19.251063 -1.868331
v 1.020585 18.527935 -1.829370
v 1.121118 17.751479 -1.816214
v 1.020585 16.975023 -1.829370
v 0.722859 16.251896 -1.868331
v 0.250783 15.630250 -1.930108
v -0.365278 15.153992 -2.010727
v -1.082376 14.854034 -2.104567
v -1.851880 14.751941 -2.205266
v -2.621534 14.854259 -2.305984
v -3.338710 15.153602 -2.399835
v -3.954297 15.630701 -2.480392
v -4.427308 16.251505 -2.542291
v -4.723694 16.975248 -2.581076
v -4.864800 18.882740 1.109170
v -4.566293 19.606484 1.092503
v -4.089898 20.227287 1.065903
v -3.469907 20.704386 1.031285
v -2.747601 21.003729 0.990955
v -1.972440 21.106047 0.947673
v -1.197431 21.003954 0.904399
v -0.475203 20.703996 0.864073
v 0.145266 20.227738 0.829429
v 0.620719 19.606092 0.802881
v 0.920574 18.882965 0.786138
v 1.021827 18.106509 0.780485
v 0.920574 17.330053 0.786138
v 0.620719 16.606925 0.802881
v 0.145266 15.985280 0.829429
v -0.475203 15.509022 0.864073
v -1.197431 15.209064 0.904399
v -1.972440 15.106971 0.947673
v -2.747601 15.209288 0.990955
v -3.469907 15.508632 1.031285
v -4.089898 15.985731 1.065903
v -4.566293 16.606534 1.092503
v -4.864800 17.330278 1.109170
v -4.317077 19.237770 4.760958
v -4.026801 19.961513 4.689416
v -3.563541 20.582316 4.575239
v -2.960645 21.059416 4.426647
v -2.258254 21.358759 4.253533
v -1.504467 21.461076 4.067752
v -0.750827 21.358984 3.882007
v -0.048512 21.059026 3.708912
v 0.554848 20.582768 3.560206
v 1.017192 19.961122 3.446255
v 1.308780 19.237994 3.374389
v 1.407240 18.461538 3.350122
v 1.308780 17.685082 3.374389
v 1.017192 16.961955 3.446255
v 0.554848 16.340309 3.560206
v -0.048512 15.864051 3.708912
v -0.750827 15.564093 3.882007
v -1.504467 15.462001 4.067752
v -2.258254 15.564318 4.253533
v -2.960645 15.863661 4.426647
v -3.563541 16.340761 4.575239
v -4.026801 16.961564 4.689416
v -4.317077 17.685307 4.760958
v -3.101219 19.592799 8.248113
v -2.829214 20.316543 8.124169
v -2.395113 20.937346 7.926364
v -1.830164 21.414445 7.668936
v -1.171983 21.713789 7.369025
v -0.465641 21.816106 7.047169
v 0.240564 21.714013 6.725375
v 0.898673 21.414055 6.425497
v 1.464056 20.937797 6.167871
v 1.897299 20.316152 5.970457
v 2.170534 19.593024 5.845953
v 2.262797 18.816568 5.803912
v 2.170534 18.040112 5.845953
v 1.897299 17.316984 5.970457
v 1.464056 16.695339 6.167871
v 0.898673 16.219081 6.425497
v 0.240564 15.919123 6.725375
v -0.465641 15.817030 7.047169
v -1.171983 15.919348 7.369025
v -1.830164 16.218691 7.668936
v -2.395113 16.695790 7.926364
v -2.829214 17.316593 8.124169
v -3.101219 18.040337 8.248113
v -1.267893 19.947829 11.453873
v -1.023437 20.671572 11.281757
v -0.633303 21.292375 11.007072
v -0.125573 21.769475 10.649590
v 0.465946 22.068818 10.233115
v 1.100749 22.171136 9.786164
v 1.735428 22.069043 9.339300
v 2.326882 21.769085 8.922869
v 2.835003 21.292827 8.565113
v 3.224366 20.671181 8.290971
v 3.469927 19.948054 8.118076
v 3.552846 19.171598 8.059695
v 3.469927 18.395142 8.118076
v 3.224366 17.672014 8.290971
v 2.835003 17.050368 8.565113
v 2.326882 16.574111 8.922869
v 1.735428 16.274152 9.339300
v 1.100749 16.172060 9.786164
v 0.465946 16.274377 10.233115
v -0.125573 16.573720 10.649590
v -0.633303 17.050820 11.007072
v -1.023437 17.671623 11.281757
v -1.267893 18.395367 11.453873
v 1.129241 20.302858 14.262662
v 1.337676 21.026602 14.048338
v 1.670322 21.647405 13.706293
v 2.103236 22.124504 13.261147
v 2.607593 22.423848 12.742541
v 3.148855 22.526165 12.185986
v 3.690011 22.424073 11.629540
v 4.194313 22.124114 11.110989
v 4.627560 21.647856 10.665502
v 4.959549 21.026211 10.324133
v 5.168926 20.303083 10.108840
v 5.239626 19.526627 10.036142
v 5.168926 18.750171 10.108840
v 4.959549 18.027044 10.324133
v 4.627560 17.405398 10.665502
v 4.194313 16.929140 11.110989
v 3.690011 16.629182 11.629540
v 3.148855 16.527089 12.185986
v 2.607593 16.629407 12.742541
v 2.103236 16.928750 13.261147
v 1.670322 17.405849 13.706293
v 1.337676 18.026652 14.048338
v 1.129241 18.750396 14.262662
v 4.006417 20.657888 16.577886
v 4.171617 21.381632 16.328772
v 4.435263 22.002435 15.931203
v 4.778379 22.479534 15.413798
v 5.178118 22.778877 14.811008
v 5.607107 22.881195 14.164109
v 6.036013 22.779102 13.517336
v 6.435709 22.479144 12.914610
v 6.779089 22.002886 12.396807
v 7.042214 21.381240 12.000025
v 7.208160 20.658113 11.749784
v 7.264196 19.881657 11.665286
v 7.208160 19.105201 11.749784
v 7.042214 18.382073 12.000025
v 6.779089 17.760428 12.396807
v 6.435709 17.284170 12.914610
v 6.036013 16.984211 13.517336
v 5.607107 16.882119 14.164109
v 5.178118 16.984436 14.811008
v 4.778379 17.283780 15.413798
v 4.435263 17.760879 15.931203
v 4.171617 18.381682 16.328772
v 4.006417 19.105426 16.577886
v 7.258590 21.012917 18.327604
v 7.374920 21.736661 18.052197
v 7.560573 22.357464 17.612667
v 7.802187 22.834564 17.040652
v 8.083673 23.133907 16.374240
v 8.385757 23.236224 15.659064
v 8.687782 23.134132 14.944027
v 8.969238 22.834173 14.277687
v 9.211037 22.357916 13.705232
v 9.396324 21.736270 13.266571
v 9.513179 21.013142 12.989919
v 9.552637 20.236686 12.896502
v 9.513179 19.460230 12.989919
v 9.396324 18.737103 13.266571
v 9.211037 18.115457 13.705232
v 8.969238 17.639199 14.277687
v 8.687782 17.339241 14.944027
v 8.385757 17.237148 15.659064
v 8.083673 17.339466 16.374240
v 7.802187 17.638809 17.040652
v 7.560573 18.115909 17.612667
v 7.374920 18.736712 18.052197
v 7.258590 19.460455 18.327604
v 10.778909 21.367947 19.442456
v 10.842339 22.091691 19.150295
v 10.943568 22.712494 18.684029
v 11.075311 23.189593 18.077220
v 11.228794 23.488937 17.370270
v 11.393509 23.591254 16.611591
v 11.558192 23.489161 15.853058
v 11.711659 23.189203 15.146186
v 11.843502 22.712945 14.538909
v 11.944532 22.091300 14.073565
v 12.008249 21.368172 13.780084
v 12.029764 20.591716 13.680984
v 12.008249 19.815260 13.780084
v 11.944532 19.092132 14.073565
v 11.843502 18.470487 14.538909
v 11.711659 17.994229 15.146186
v 11.558192 17.694271 15.853058
v 11.393509 17.592178 16.611591
v 11.228794 17.694495 17.370270
v 11.075311 17.993839 18.077220
v 10.943568 18.470938 18.684029
v 10.842339 19.091741 19.150295
v 10.778909 19.815485 19.442456
v 14.445406 21.722977 19.884102
v 14.453740 22.446720 19.585305
v 14.467040 23.067523 19.108448
v 14.484349 23.544623 18.487854
v 14.504515 23.843966 17.764846
v 14.526156 23.946283 16.988932
v 14.547793 23.844191 16.213170
v 14.567957 23.544233 15.490240
v 14.585279 23.067975 14.869169
v 14.598553 22.446329 14.393254
v 14.606925 21.723202 14.093106
v 14.609751 20.946746 13.991756
v 14.606925 20.170290 14.093106
v 14.598553 19.447162 14.393254
v 14.585279 18.825516 14.869169
v 14.567957 18.349258 15.490240
v 14.547793 18.049300 16.213170
v 14.526156 17.947208 16.988932
v 14.504515 18.049525 17.764846
v 14.484349 18.348868 18.487854
v 14.467040 18.825968 19.108448
v 14.453740 19.446771 19.585305
v 14.445406 20.170514 19.884102
v 18.130824 22.078006 19.647475
v 18.083777 22.801750 19.352234
v 18.008694 23.422553 18.881051
v 17.910980 23.899652 18.267843
v 17.797139 24.198996 17.553438
v 17.674969 24.301313 16.786759
v 17.552822 24.199220 16.020228
v 17.438994 23.899262 15.305901
v 17.341204 23.423004 14.692221
v 17.266270 22.801359 14.221969
v 17.219011 22.078231 13.925394
v 17.203053 21.301775 13.825249
v 17.219011 20.525319 13.925394
v 17.266270 19.802192 14.221969
v 17.341204 19.180546 14.692221
v 17.438994 18.704288 15.305901
v 17.552822 18.404330 16.020228
v 17.674969 18.302237 16.786759
v 17.797139 18.404555 17.553438
v 17.910980 18.703898 18.267843
v 18.008694 19.180997 18.881051
v 18.083777 19.801800 19.352234
v 18.130824 20.525544 19.647475
v 21.707827 22.433036 18.730640
v 21.607029 23.156779 18.449177
v 21.446163 23.777583 17.999981
v 21.236808 24.254682 17.415388
v 20.992904 24.554025 16.734321
v 20.731152 24.656343 16.003417
v 20.469452 24.554250 15.272656
v 20.225574 24.254292 14.591663
v 20.016058 23.778034 14.006619
v 19.855510 23.156388 13.558312
v 19.754256 22.433261 13.275576
v 19.720066 21.656805 13.180105
v 19.754256 20.880349 13.275576
v 19.855510 20.157221 13.558312
v 20.016058 19.535576 14.006619
v 20.225574 19.059318 14.591663
v 20.469452 18.759359 15.272656
v 20.731152 18.657267 16.003417
v 20.992904 18.759584 16.734321
v 21.236808 19.058928 17.415388
v 21.446163 19.536027 17.999981
v 21.607029 20.156830 18.449177
v 21.707827 20.880574 18.730640
v 25.052453 22.788065 17.164889
v 24.901396 23.511809 16.906954
v 24.660319 24.132612 16.495308
v 24.346577 24.609711 15.959582
v 23.981058 24.909055 15.335448
v 23.588794 25.011372 14.665643
v 23.196605 24.909280 13.995968
v 22.831126 24.609321 13.371901
v 22.517142 24.133063 12.835764
v 22.276542 23.511418 12.424931
v 22.124802 22.788290 12.165830
v 22.073564 22.011834 12.078339
v 22.124802 21.235378 12.165830
v 22.276542 20.512251 12.424931
v 22.517142 19.890605 12.835764
v 22.831126 19.414347 13.371901
v 23.196605 19.114389 13.995968
v 23.588794 19.012296 14.665643
v 23.981058 19.114614 15.335448
v 24.346577 19.413957 15.959582
v 24.660319 19.891056 16.495308
v 24.901396 20.511860 16.906954
v 25.052453 21.235603 17.164889
v 28.054188 23.143095 15.013603
v 27.858024 23.866839 14.787994
v 27.544960 24.487642 14.427940
v 27.137532 24.964741 13.959358
v 26.662867 25.264084 13.413446
v 26.153469 25.366402 12.827588
v 25.644170 25.264309 12.241845
v 25.169557 24.964351 11.695992
v 24.761815 24.488093 11.227049
v 24.449370 23.866448 10.867707
v 24.252319 23.143320 10.641079
v 24.185781 22.366864 10.564553
v 24.252319 21.590408 10.641079
v 24.449370 20.867280 10.867707
v 24.761815 20.245635 11.227049
v 25.169557 19.769377 11.695992
v 25.644170 19.469419 12.241845
v 26.153469 19.367326 12.827588
v 26.662867 19.469643 13.413446
v 27.137532 19.768987 13.959358
v 27.544960 20.246086 14.427940
v 27.858024 20.866889 14.787994
v 28.054188 21.590633 15.013603
v 30.604203 23.498125 12.342841
v 30.369720 24.221868 12.157366
v 29.995502 24.842671 11.861362
v 29.508487 25.319771 11.476135
v 28.941100 25.619114 11.027335
v 28.332196 25.721431 10.545696
v 27.723411 25.619339 10.064149
v 27.156086 25.319381 9.615398
v 26.668695 24.843123 9.229875
v 26.295217 24.221477 8.934456
v 26.059674 23.498350 8.748143
v 25.980139 22.721893 8.685231
v 26.059674 21.945437 8.748143
v 26.295217 21.222310 8.934456
v 26.668695 20.600664 9.229875
v 27.156086 20.124406 9.615398
v 27.723411 19.824448 10.064149
v 28.332196 19.722356 10.545696
v 28.941100 19.824673 11.027335
v 29.508487 20.124016 11.476135
v 29.995502 20.601116 11.861362
v 30.369720 21.221919 12.157366
v 30.604203 21.945662 12.342841
v 32.613337 23.853154 9.244240
v 32.348663 24.576898 9.105328
v 31.926263 25.197701 8.883634
v 31.376541 25.674800 8.595116
v 30.736100 25.974144 8.258985
v 30.048796 26.076461 7.898258
v 29.361626 25.974368 7.537601
v 28.721254 25.674410 7.201507
v 28.171109 25.198152 6.912767
v 27.749544 24.576507 6.691511
v 27.483674 23.853379 6.551971
v 27.393897 23.076923 6.504852
v 27.483674 22.300467 6.551971
v 27.749544 21.577339 6.691511
v 28.171109 20.955694 6.912767
v 28.721254 20.479436 7.201507
v 29.361626 20.179478 7.537601
v 30.048796 20.077385 7.898258
v 30.736100 20.179703 8.258985
v 31.376541 20.479046 8.595116
v 31.926263 20.956145 8.883634
v 32.348663 21.576948 9.105328
v 32.613337 22.300692 9.244240
v 34.021642 24.208184 5.830258
v 33.735806 24.931927 5.742648
v 33.279631 25.552730 5.602827
v 32.685955 26.029830 5.420862
v 31.994307 26.329173 5.208867
v 31.252049 26.431491 4.981360
v 30.509934 26.329398 4.753897
v 29.818361 26.029440 4.541925
v 29.224228 25.553182 4.359820
v 28.768956 24.931536 4.220276
v 28.481827 24.208409 4.132269
v 28.384873 23.431953 4.102551
v 28.481827 22.655497 4.132269
v 28.768956 21.932369 4.220276
v 29.224228 21.310723 4.359820
v 29.818361 20.834466 4.541925
v 30.509934 20.534507 4.753897
v 31.252049 20.432415 4.981360
v 31.994307 20.534732 5.208867
v 32.685955 20.834076 5.420862
v 33.279631 21.311175 5.602827
v 33.735806 21.931978 5.742648
v 34.021642 22.655722 5.830258
v 34.772126 24.563213 2.214690
v 34.475012 25.286957 2.181410
v 34.000839 25.907760 2.128298
v 33.383740 26.384859 2.059176
v 32.664804 26.684203 1.978647
v 31.893260 26.786520 1.892226
v 31.121866 26.684428 1.805822
v 30.403007 26.384469 1.725302
v 29.785434 25.908211 1.656127
v 29.312199 25.286566 1.603120
v 29.013742 24.563438 1.569689
v 28.912962 23.786982 1.558401
v 29.013742 23.010526 1.569689
v 29.312199 22.287399 1.603120
v 29.785434 21.665753 1.656127
v 30.403007 21.189495 1.725302
v 31.121866 20.889537 1.805822
v 31.893260 20.787444 1.892226
v 32.664804 20.889762 1.978647
v 33.383740 21.189105 2.059176
v 34.000839 21.666204 2.128298
v 34.475012 22.287007 2.181410
v 34.772126 23.010751 2.214690
v 34.837974 24.916856 -1.463272
v 34.539871 25.640600 -1.441284
v 34.064119 26.261403 -1.406192
v 33.444965 26.738502 -1.360522
v 32.723634 27.037846 -1.307316
v 31.949521 27.140163 -1.250216
v 31.175558 27.038070 -1.193128
v 30.454305 26.738112 -1.139928
v 29.834675 26.261854 -1.094223
v 29.359864 25.640209 -1.059200
v 29.060413 24.917081 -1.037112
v 28.959297 24.140625 -1.029654
v 29.060413 23.364169 -1.037112
v 29.359864 22.641041 -1.059200
v 29.834675 22.019396 -1.094223
v 30.454305 21.543138 -1.139928
v 31.175558 21.243180 -1.193128
v 31.949521 21.141087 -1.250216
v 32.723634 21.243404 -1.307316
v 33.444965 21.542748 -1.360522
v 34.064119 22.019847 -1.406192
v 34.539871 22.640650 -1.441284
v 34.837974 23.364394 -1.463272
v 34.224938 25.273272 -5.119689
v 33.936046 25.997016 -5.042756
v 33.474996 26.617819 -4.919977
v 32.874976 27.094919 -4.760188
v 32.175935 27.394262 -4.574031
v 31.425744 27.496579 -4.374251
v 30.675698 27.394487 -4.174510
v 29.976733 27.094529 -3.988373
v 29.376251 26.618271 -3.828462
v 28.916113 25.996625 -3.705925
v 28.625915 25.273497 -3.628644
v 28.527924 24.497041 -3.602549
v 28.625915 23.720585 -3.628644
v 28.916113 22.997458 -3.705925
v 29.376251 22.375812 -3.828462
v 29.976733 21.899554 -3.988373
v 30.675698 21.599596 -4.174510
v 31.425744 21.497504 -4.374251
v 32.175935 21.599821 -4.574031
v 32.874976 21.899164 -4.760188
v 33.474996 22.376264 -4.919977
v 33.936046 22.997067 -5.042756
v 34.224938 23.720810 -5.119689
v 32.948521 25.628302 -8.584706
v 32.678810 26.352046 -8.455705
v 32.248372 26.972849 -8.249828
v 31.688188 27.449948 -7.981894
v 31.035560 27.749292 -7.669745
v 30.335177 27.851609 -7.334754
v 29.634929 27.749516 -6.999828
v 28.982371 27.449558 -6.687713
v 28.421757 26.973300 -6.419573
v 27.992169 26.351655 -6.214103
v 27.721239 25.628527 -6.084518
v 27.629754 24.852071 -6.040761
v 27.721239 24.075615 -6.084518
v 27.992169 23.352487 -6.214103
v 28.421757 22.730842 -6.419573
v 28.982371 22.254584 -6.687713
v 29.634929 21.954626 -6.999828
v 30.335177 21.852533 -7.334754
v 31.035560 21.954850 -7.669745
v 31.688188 22.254194 -7.981894
v 32.248372 22.731293 -8.249828
v 32.678810 23.352096 -8.455705
v 32.948521 24.075840 -8.584706
v 31.049341 25.983332 -11.751842
v 30.808169 26.707075 -11.575248
v 30.423276 27.327878 -11.293417
v 29.922367 27.804978 -10.926636
v 29.338795 28.104321 -10.499326
v 28.712521 28.206638 -10.040748
v 28.086369 28.104546 -9.582259
v 27.502860 27.804588 -9.154995
v 27.001566 27.328330 -8.787931
v 26.617434 26.706684 -8.506658
v 26.375171 25.983557 -8.329265
v 26.293367 25.207101 -8.269365
v 26.375171 24.430645 -8.329265
v 26.617434 23.707517 -8.506658
v 27.001566 23.085871 -8.787931
v 27.502860 22.609614 -9.154995
v 28.086369 22.309655 -9.582259
v 28.712521 22.207563 -10.040748
v 29.338795 22.309880 -10.499326
v 29.922367 22.609223 -10.926636
v 30.423276 23.086323 -11.293417
v 30.808169 23.707126 -11.575248
v 31.049341 24.430870 -11.751842
v 28.602549 26.338361 -14.518082
v 28.398145 27.062105 -14.299920
v 28.071931 27.682908 -13.951750
v 27.647388 28.160007 -13.498633
v 27.152784 28.459351 -12.970739
v 26.621988 28.561668 -12.404217
v 26.091295 28.459576 -11.837806
v 25.596745 28.159617 -11.309969
v 25.171875 27.683359 -10.856503
v 24.846306 27.061714 -10.509021
v 24.640977 26.338586 -10.289873
v 24.571644 25.562130 -10.215873
v 24.640977 24.785674 -10.289873
v 24.846306 24.062547 -10.509021
v 25.171875 23.440901 -10.856503
v 25.596745 22.964643 -11.309969
v 26.091295 22.664685 -11.837806
v 26.621988 22.562592 -12.404217
v 27.152784 22.664910 -12.970739
v 27.647388 22.964253 -13.498633
v 28.071931 23.441352 -13.951750
v 28.398145 24.062155 -14.299920
v 28.602549 24.785899 -14.518082
v 25.685927 26.693391 -16.782795
v 25.525351 27.417135 -16.530602
v 25.269082 28.037938 -16.128119
v 24.935569 28.515037 -15.604319
v 24.547016 28.814380 -14.994078
v 24.130032 28.916698 -14.339183
v 23.713129 28.814605 -13.684415
v 23.324619 28.514647 -13.074240
v 22.990849 28.038389 -12.550037
v 22.735087 27.416743 -12.148350
v 22.573785 26.693616 -11.895016
v 22.519318 25.917160 -11.809473
v 22.573785 25.140704 -11.895016
v 22.735087 24.417576 -12.148350
v 22.990849 23.795931 -12.550037
v 23.324619 23.319673 -13.074240
v 23.713129 23.019714 -13.684415
v 24.130032 22.917622 -14.339183
v 24.547016 23.019939 -14.994078
v 24.935569 23.319283 -15.604319
v 25.269082 23.796382 -16.128119
v 25.525351 24.417185 -16.530602
v 25.685927 25.140929 -16.782795
v 22.398372 27.048420 -18.464895
v 22.287197 27.772164 -18.187425
v 22.109770 28.392967 -17.744602
v 21.878863 28.870066 -17.168303
v 21.609850 29.169410 -16.496899
v 21.321152 29.271727 -15.776365
v 21.032511 29.169635 -15.055972
v 20.763527 28.869676 -14.384640
v 20.532442 28.393419 -13.807897
v 20.355366 27.771773 -13.365950
v 20.243689 27.048645 -13.087226
v 20.205979 26.272189 -12.993109
v 20.243689 25.495733 -13.087226
v 20.355366 24.772606 -13.365950
v 20.532442 24.150960 -13.807897
v 20.763527 23.674702 -14.384640
v 21.032511 23.374744 -15.055972
v 21.321152 23.272651 -15.776365
v 21.609850 23.374969 -16.496899
v 21.878863 23.674312 -17.168303
v 22.109770 24.151412 -17.744602
v 22.287197 24.772215 -18.187425
v 22.398372 25.495958 -18.464895
v 18.858296 27.403450 -19.516973
v 18.800317 28.127194 -19.223693
v 18.707788 28.747997 -18.755640
v 18.587369 29.225096 -18.146504
v 18.447077 29.524439 -17.436845
v 18.296519 29.626757 -16.675258
v 18.145991 29.524664 -15.913819
v 18.005714 29.224706 -15.204237
v 17.885202 28.748448 -14.594633
v 17.792856 28.126803 -14.127505
v 17.734615 27.403675 -13.832899
v 17.714949 26.627219 -13.733420
v 17.734615 25.850763 -13.832899
v 17.792856 25.127635 -14.127505
v 17.885202 24.505990 -14.594633
v 18.005714 24.029732 -15.204237
v 18.145991 23.729774 -15.913819
v 18.296519 23.627681 -16.675258
v 18.447077 23.729998 -17.436845
v 18.587369 24.029342 -18.146504
v 18.707788 24.506441 -18.755640
v 18.800317 25.127244 -19.223693
v 18.858296 25.850988 -19.516973
v 15.185076 27.758480 -19.895263
v 15.182295 28.482223 -19.596298
v 15.177857 29.103026 -19.119173
v 15.172080 29.580126 -18.498231
v 15.165351 29.879469 -17.774817
v 15.158129 29.981786 -16.998468
v 15.150908 29.879694 -16.222270
v 15.144179 29.579736 -15.498934
v 15.138398 29.103478 -14.877515
v 15.133969 28.481832 -14.401333
v 15.131175 27.758705 -14.101017
v 15.130232 26.982249 -13.999609
v 15.131175 26.205792 -14.101017
v 15.133969 25.482665 -14.401333
v 15.138398 24.861019 -14.877515
v 15.144179 24.384761 -15.498934
v 15.150908 24.084803 -16.222270
v 15.158129 23.982711 -16.998468
v 15.165351 24.085028 -17.774817
v 15.172080 24.384371 -18.498231
v 15.177857 24.861471 -19.119173
v 15.182295 25.482274 -19.596298
v 15.185076 26.206017 -19.895263
v 11.505462 28.113509 -19.582589
v 11.557974 28.837253 -19.288323
v 11.641779 29.458056 -18.818697
v 11.750846 29.935155 -18.207513
v 11.877911 30.234499 -17.495468
v 12.014274 30.336816 -16.731321
v 12.150611 30.234723 -15.967321
v 12.277662 29.934765 -15.255353
v 12.386813 29.458507 -14.643700
v 12.470453 28.836862 -14.175002
v 12.523202 28.113734 -13.879406
v 12.541014 27.337278 -13.779592
v 12.523202 26.560822 -13.879406
v 12.470453 25.837694 -14.175002
v 12.386813 25.216049 -14.643700
v 12.277662 24.739791 -15.255353
v 12.150611 24.439833 -15.967321
v 12.014274 24.337740 -16.731321
v 11.877911 24.440058 -17.495468
v 11.750846 24.739401 -18.207513
v 11.641779 25.216500 -18.818697
v 11.557974 25.837303 -19.288323
v 11.505462 26.561047 -19.582589
v 7.945007 28.468539 -18.601622
v 8.051022 29.192282 -18.322097
v 8.220214 29.813086 -17.875996
v 8.440404 30.290185 -17.295429
v 8.696931 30.589528 -16.619053
v 8.972230 30.691846 -15.893185
v 9.247475 30.589753 -15.167457
v 9.503974 30.289795 -14.491154
v 9.724334 29.813537 -13.910141
v 9.893191 29.191891 -13.464921
v 9.999685 28.468764 -13.184133
v 10.035645 27.692308 -13.089319
v 9.999685 26.915852 -13.184133
v 9.893191 26.192724 -13.464921
v 9.724334 25.571079 -13.910141
v 9.503974 25.094821 -14.491154
v 9.247475 24.794862 -15.167457
v 8.972230 24.692770 -15.893185
v 8.696931 24.795087 -16.619053
v 8.440404 25.094431 -17.295429
v 8.220214 25.571530 -17.875996
v 8.051022 26.192333 -18.322097
v 7.945007 26.916077 -18.601622
v 4.628025 28.823568 -16.978874
v 4.783884 29.547312 -16.723734
v 5.032623 30.168115 -16.316549
v 5.356338 30.645214 -15.786629
v 5.733475 30.944558 -15.169258
v 6.138208 31.046875 -14.506712
v 6.542862 30.944783 -13.844295
v 6.919958 30.644824 -13.226991
v 7.243922 30.168566 -12.696663
v 7.492169 29.546921 -12.290283
v 7.648733 28.823793 -12.033990
v 7.701599 28.047337 -11.947447
v 7.648733 27.270881 -12.033990
v 7.492169 26.547754 -12.290283
v 7.243922 25.926108 -12.696663
v 6.919958 25.449850 -13.226991
v 6.542862 25.149892 -13.844295
v 6.138208 25.047799 -14.506712
v 5.733475 25.150117 -15.169258
v 5.356338 25.449460 -15.786629
v 5.032623 25.926559 -16.316549
v 4.783884 26.547363 -16.723734
v 4.628025 27.271106 -16.978874
v 1.671454 29.178598 -14.766213
v 1.871741 29.902342 -14.544323
v 2.191384 30.523145 -14.190201
v 2.607375 31.000244 -13.729340
v 3.092016 31.299587 -13.192424
v 3.612120 31.401905 -12.616220
v 4.132123 31.299812 -12.040127
v 4.616711 30.999854 -11.503269
v 5.033022 30.523596 -11.042053
v 5.352034 29.901950 -10.688632
v 5.553226 29.178823 -10.465739
v 5.621163 28.402367 -10.390474
v 5.553226 27.625911 -10.465739
v 5.352034 26.902783 -10.688632
v 5.033022 26.281138 -11.042053
v 4.616711 25.804880 -11.503269
v 4.132123 25.504922 -12.040127
v 3.612120 25.402829 -12.616220
v 3.092016 25.505146 -13.192424
v 2.607375 25.804490 -13.729340
v 2.191384 26.281589 -14.190201
v 1.871741 26.902392 -14.544323
v 1.671454 27.626136 -14.766213
v -0.830278 29.533628 -12.049489
v -0.592398 30.257371 -11.868423
v -0.212759 30.878174 -11.579454
v 0.281313 31.355274 -11.203382
v 0.856920 31.654617 -10.765250
v 1.474646 31.756934 -10.295057
v 2.092251 31.654842 -9.824955
v 2.667796 31.354884 -9.386870
v 3.162248 30.878626 -9.010509
v 3.541136 30.256980 -8.722112
v 3.780092 29.533852 -8.540227
v 3.860780 28.757396 -8.478809
v 3.780092 27.980940 -8.540227
v 3.541136 27.257813 -8.722112
v 3.162248 26.636167 -9.010509
v 2.667796 26.159909 -9.386870
v 2.092251 25.859951 -9.824955
v 1.474646 25.757859 -10.295057
v 0.856920 25.860176 -10.765250
v 0.281313 26.159519 -11.203382
v -0.212759 26.636619 -11.579454
v -0.592398 27.257422 -11.868423
v -0.830278 27.981165 -12.049489
v -2.786104 29.888657 -8.917322
v -2.518834 30.612401 -8.783322
v -2.092290 31.233204 -8.569469
v -1.537176 31.710303 -8.291154
v -0.890453 32.009647 -7.966910
v -0.196408 32.111964 -7.618940
v 0.497503 32.009871 -7.271038
v 1.144156 31.709913 -6.946829
v 1.699697 31.233655 -6.668301
v 2.125398 30.612010 -6.454869
v 2.393876 29.888882 -6.320264
v 2.484533 29.112426 -6.274812
v 2.393876 28.335970 -6.320264
v 2.125398 27.612842 -6.454869
v 1.699697 26.991197 -6.668301
v 1.144156 26.514939 -6.946829
v 0.497503 26.214981 -7.271038
v -0.196408 26.112888 -7.618940
v -0.890453 26.215205 -7.966910
v -1.537176 26.514549 -8.291154
v -2.092290 26.991648 -8.569469
v -2.518834 27.612451 -8.783322
v -2.786104 28.336195 -8.917322
v -4.123671 30.243687 -5.475237
v -3.836301 30.967430 -5.392961
v -3.377680 31.588233 -5.261655
v -2.780820 32.065333 -5.090770
v -2.085462 32.364676 -4.891684
v -1.339222 32.466994 -4.678030
v -0.593127 32.364901 -4.464418
v 0.102156 32.064943 -4.265354
v 0.699476 31.588685 -4.094337
v 1.157190 30.967039 -3.963291
v 1.445859 30.243912 -3.880643
v 1.543333 29.467456 -3.852735
v 1.445859 28.691000 -3.880643
v 1.157190 27.967872 -3.963291
v 0.699476 27.346226 -4.094337
v 0.102156 26.869969 -4.265354
v -0.593127 26.570010 -4.464418
v -1.339222 26.467918 -4.678030
v -2.085462 26.570235 -4.891684
v -2.780820 26.869578 -5.090770
v -3.377680 27.346678 -5.261655
v -3.836301 27.967481 -5.392961
v -4.123671 28.691225 -5.475237
v -4.808442 30.598716 -1.846125
v -4.510782 31.322460 -1.818384
v -4.035739 31.943263 -1.774110
v -3.417507 32.420362 -1.716491
v -2.697250 32.719706 -1.649364
v -1.924289 32.822023 -1.577325
v -1.151478 32.719931 -1.505300
v -0.431299 32.419972 -1.438180
v 0.187409 31.943714 -1.380517
v 0.661513 31.322069 -1.336331
v 0.960519 30.598941 -1.308464
v 1.061484 29.822485 -1.299054
v 0.960519 29.046029 -1.308464
v 0.661513 28.322902 -1.336331
v 0.187409 27.701256 -1.380517
v -0.431299 27.224998 -1.438180
v -1.151478 26.925040 -1.505300
v -1.924289 26.822947 -1.577325
v -2.697250 26.925265 -1.649364
v -3.417507 27.224608 -1.716491
v -4.035739 27.701707 -1.774110
v -4.510782 28.322510 -1.818384
v -4.808442 29.046254 -1.846125
v -4.810560 30.953746 1.846539
v -4.512869 31.677490 1.818791
v -4.037775 32.298293 1.774508
v -3.419476 32.775392 1.716876
v -2.699142 33.074735 1.649734
v -1.926099 33.177053 1.577679
v -1.153205 33.074960 1.505637
v -0.432949 32.775002 1.438502
v 0.185825 32.298744 1.380827
v 0.659980 31.677098 1.336631
v 0.959017 30.953971 1.308758
v 1.059993 30.177515 1.299346
v 0.959017 29.401059 1.308758
v 0.659980 28.677931 1.336631
v 0.185825 28.056286 1.380827
v -0.432949 27.580028 1.438502
v -1.153205 27.280069 1.505637
v -1.926099 27.177977 1.577679
v -2.699142 27.280294 1.649734
v -3.419476 27.579638 1.716876
v -4.037775 28.056737 1.774508
v -4.512869 28.677540 1.818791
v -4.810560 29.401284 1.846539
v -4.123810 31.308775 5.474937
v -3.836438 32.032519 5.392665
v -3.377814 32.653322 5.261366
v -2.780949 33.130422 5.090490
v -2.085586 33.429765 4.891416
v -1.339341 33.532082 4.677774
v -0.593240 33.429990 4.464173
v 0.102048 33.130031 4.265120
v 0.699371 32.653774 4.094113
v 1.157089 32.032128 3.963073
v 1.445760 31.309000 3.880430
v 1.543235 30.532544 3.852524
v 1.445760 29.756088 3.880430
v 1.157089 29.032961 3.963073
v 0.699371 28.411315 4.094113
v 0.102048 27.935057 4.265120
v -0.593240 27.635099 4.464173
v -1.339341 27.533006 4.677774
v -2.085586 27.635324 4.891416
v -2.780949 27.934667 5.090490
v -3.377814 28.411767 5.261366
v -3.836438 29.032570 5.392665
v -4.123810 29.756313 5.474937
v -2.784060 31.663805 8.916526
v -2.516821 32.387549 8.782539
v -2.090326 33.008352 8.568704
v -1.535276 33.485451 8.290414
v -0.888627 33.784795 7.966199
v -0.194661 33.887112 7.618260
v 0.499170 33.785019 7.270389
v 1.145748 33.485061 6.946209
v 1.701225 33.008803 6.667705
v 2.126877 32.387158 6.454293
v 2.395325 31.664030 6.319700
v 2.485971 30.887574 6.274252
v 2.395325 30.111118 6.319700
v 2.126877 29.387990 6.454293
v 1.701225 28.766345 6.667705
v 1.145748 28.290087 6.946209
v 0.499170 27.990129 7.270389
v -0.194661 27.888036 7.618260
v -0.888627 27.990353 7.966199
v -1.535276 28.289697 8.290414
v -2.090326 28.766796 8.568704
v -2.516821 29.387599 8.782539
v -2.784060 30.111343 8.916526
v -0.831817 32.018835 12.050943
v -0.593913 32.742578 11.869854
v -0.214237 33.363381 11.580850
v 0.279883 33.840481 11.204734
v 0.855545 34.139824 10.766548
v 1.473331 34.242141 10.296299
v 2.090997 34.140049 9.826140
v 2.666597 33.840091 9.388002
v 3.161097 33.363833 9.011596
v 3.540023 32.742187 8.723164
v 3.779001 32.019060 8.541257
v 3.859697 31.242604 8.479832
v 3.779001 30.466148 8.541257
v 3.540023 29.743020 8.723164
v 3.161097 29.121374 9.011596
v 2.666597 28.645116 9.388002
v 2.090997 28.345158 9.826140
v 1.473331 28.243066 10.296299
v 0.855545 28.345383 10.766548
v 0.279883 28.644726 11.204734
v -0.214237 29.121826 11.580850
v -0.593913 29.742629 11.869854
v -0.831817 30.466372 12.050943
v 1.671109 32.373864 14.766109
v 1.871401 33.097608 14.544220
v 2.191053 33.718411 14.190101
v 2.607055 34.195510 13.729243
v 3.091708 34.494854 13.192331
v 3.611825 34.597171 12.616131
v 4.131842 34.495078 12.040042
v 4.616442 34.195120 11.503188
v 5.032764 33.718862 11.041976
v 5.351784 33.097217 10.688557
v 5.552982 32.374089 10.465665
v 5.620920 31.597633 10.390401
v 5.552982 30.821177 10.465665
v 5.351784 30.098050 10.688557
v 5.032764 29.476404 11.041976
v 4.616442 29.000146 11.503188
v 4.131842 28.700188 12.040042
v 3.611825 28.598095 12.616131
v 3.091708 28.700413 13.192331
v 2.607055 28.999756 13.729243
v 2.191053 29.476855 14.190101
v 1.871401 30.097658 14.544220
v 1.671109 30.821402 14.766109
v 4.629343 32.728894 16.977086
v 4.785182 33.452637 16.721973
v 5.033889 34.073441 16.314831
v 5.357563 34.550540 15.784967
v 5.734652 34.849883 15.167661
v 6.139334 34.952201 14.505184
v 6.543937 34.850108 13.842837
v 6.920984 34.550150 13.225598
v 7.244907 34.073892 12.695326
v 7.493123 33.452246 12.288989
v 7.649667 32.729119 12.032722
v 7.702527 31.952663 11.946189
v 7.649667 31.176207 12.032722
v 7.493123 30.453079 12.288989
v 7.244907 29.831434 12.695326
v 6.920984 29.355176 13.225598
v 6.543937 29.055217 13.842837
v 6.139334 28.953125 14.505184
v 5.734652 29.055442 15.167661
v 5.357563 29.354786 15.784967
v 5.033889 29.831885 16.314831
v 4.785182 30.452688 16.721973
v 4.629343 31.176432 16.977086
v 7.944496 33.083923 18.603626
v 8.050518 33.807667 18.324070
v 8.219722 34.428470 17.877921
v 8.439928 34.905569 17.297292
v 8.696474 35.204913 16.620843
v 8.971793 35.307230 15.894896
v 9.247058 35.205138 15.169090
v 9.503576 34.905179 14.492715
v 9.723952 34.428921 13.911639
v 9.892821 33.807276 13.466371
v 9.999323 33.084148 13.185553
v 10.035285 32.307692 13.090729
v 9.999323 31.531236 13.185553
v 9.892821 30.808109 13.466371
v 9.723952 30.186463 13.911639
v 9.503576 29.710205 14.492715
v 9.247058 29.410247 15.169090
v 8.971793 29.308154 15.894896
v 8.696474 29.410472 16.620843
v 8.439928 29.709815 17.297292
v 8.219722 30.186914 17.877921
v 8.050518 30.807718 18.324070
v 7.944496 31.531461 18.603626
v 11.505098 33.438953 19.582785
v 11.557616 34.162697 19.288516
v 11.641430 34.783500 18.818885
v 11.750508 35.260599 18.207695
v 11.877586 35.559942 17.495643
v 12.013964 35.662260 16.731488
v 12.150314 35.560167 15.967481
v 12.277379 35.260209 15.255506
v 12.386541 34.783951 14.643846
v 12.470190 34.162306 14.175143
v 12.522944 33.439178 13.879544
v 12.540758 32.662722 13.779729
v 12.522944 31.886266 13.879544
v 12.470190 31.163138 14.175143
v 12.386541 30.541493 14.643846
v 12.277379 30.065235 15.255506
v 12.150314 29.765277 15.967481
v 12.013964 29.663184 16.731488
v 11.877586 29.765501 17.495643
v 11.750508 30.064845 18.207695
v 11.641430 30.541944 18.818885
v 11.557616 31.162747 19.288516
v 11.505098 31.886491 19.582785
v 15.185234 33.793983 19.893026
v 15.182451 34.517726 19.594095
v 15.178009 35.138529 19.117023
v 15.172227 35.615629 18.496151
v 15.165492 35.914972 17.772818
v 15.158264 36.017289 16.996557
v 15.151037 35.915197 16.220446
v 15.144302 35.615239 15.497192
v 15.138517 35.138981 14.875842
v 15.134083 34.517335 14.399713
v 15.131287 33.794208 14.099431
v 15.130343 33.017751 13.998035
v 15.131287 32.241295 14.099431
v 15.134083 31.518168 14.399713
v 15.138517 30.896522 14.875842
v 15.144302 30.420264 15.497192
v 15.151037 30.120306 16.220446
v 15.158264 30.018214 16.996557
v 15.165492 30.120531 17.772818
v 15.172227 30.419874 18.496151
v 15.178009 30.896974 19.117023
v 15.182451 31.517777 19.594095
v 15.185234 32.241520 19.893026
v 18.858916 34.149012 19.518885
v 18.800929 34.872756 19.225577
v 18.708385 35.493559 18.757478
v 18.587946 35.970658 18.148283
v 18.447631 36.270002 17.438554
v 18.297049 36.372319 16.676892
v 18.146497 36.270226 15.915378
v 18.006197 35.970268 15.205726
v 17.885666 35.494010 14.596063
v 17.793305 34.872365 14.128889
v 17.735055 34.149237 13.834255
v 17.715386 33.372781 13.734765
v 17.735055 32.596325 13.834255
v 17.793305 31.873197 14.128889
v 17.885666 31.251552 14.596063
v 18.006197 30.775294 15.205726
v 18.146497 30.475336 15.915378
v 18.297049 30.373243 16.676892
v 18.447631 30.475561 17.438554
v 18.587946 30.774904 18.148283
v 18.708385 31.252003 18.757478
v 18.800929 31.872806 19.225577
v 18.858916 32.596550 19.518885
v 22.398208 34.504042 18.465347
v 22.287036 35.227785 18.187869
v 22.109613 35.848588 17.745036
v 21.878711 36.325688 17.168723
v 21.609704 36.625031 16.497302
v 21.321012 36.727349 15.776751
v 21.032377 36.625256 15.056340
v 20.763399 36.325298 14.384992
v 20.532319 35.849040 13.808235
v 20.355247 35.227394 13.366277
v 20.243572 34.504267 13.087546
v 20.205863 33.727811 12.993427
v 20.243572 32.951355 13.087546
v 20.355247 32.228227 13.366277
v 20.532319 31.606581 13.808235
v 20.763399 31.130324 14.384992
v 21.032377 30.830365 15.056340
v 21.321012 30.728273 15.776751
v 21.609704 30.830590 16.497302
v 21.878711 31.129934 17.168723
v 22.109613 31.607033 17.745036
v 22.287036 32.227836 18.187869
v 22.398208 32.951580 18.465347
v 25.684857 34.859071 16.780808
v 25.524296 35.582815 16.528644
v 25.268053 36.203618 16.126209
v 24.934573 36.680717 15.602471
v 24.546060 36.980061 14.992302
v 24.129118 37.082378 14.337485
v 23.712256 36.980286 13.682795
v 23.323785 36.680327 13.072692
v 22.990048 36.204069 12.548551
v 22.734312 35.582424 12.146911
v 22.573026 34.859296 11.893608
v 22.518564 34.082840 11.808075
v 22.573026 33.306384 11.893608
v 22.734312 32.583257 12.146911
v 22.990048 31.961611 12.548551
v 23.323785 31.485353 13.072692
v 23.712256 31.185395 13.682795
v 24.129118 31.083302 14.337485
v 24.546060 31.185620 14.992302
v 24.934573 31.484963 15.602471
v 25.268053 31.962062 16.126209
v 25.524296 32.582865 16.528644
v 25.684857 33.306609 16.780808
v 28.604046 35.214101 14.519326
v 28.399619 35.937845 14.301146
v 28.073369 36.558648 13.952945
v 27.648779 37.035747 13.499789
v 27.154121 37.335090 12.971850
v 26.623267 37.437408 12.405280
v 26.092516 37.335315 11.838820
v 25.597911 37.035357 11.310938
v 25.172994 36.559099 10.857433
v 24.847389 35.937453 10.509921
v 24.642038 35.214326 10.290754
v 24.572697 34.437870 10.216748
v 24.642038 33.661414 10.290754
v 24.847389 32.938286 10.509921
v 25.172994 32.316641 10.857433
v 25.597911 31.840383 11.310938
v 26.092516 31.540424 11.838820
v 26.623267 31.438332 12.405280
v 27.154121 31.540649 12.971850
v 27.648779 31.839993 13.499789
v 28.073369 32.317092 13.952945
v 28.399619 32.937895 14.301146
v 28.604046 33.661639 14.519326
v 31.049525 35.569130 11.752368
v 30.808350 36.292874 11.575766
v 30.423453 36.913677 11.293923
v 29.922539 37.390777 10.927125
v 29.338960 37.690120 10.499796
v 28.712679 37.792437 10.041197
v 28.086519 37.690345 9.582688
v 27.503003 37.390386 9.155405
v 27.001704 36.914129 8.788325
v 26.617567 36.292483 8.507038
v 26.375302 35.569355 8.329638
v 26.293496 34.792899 8.269735
v 26.375302 34.016443 8.329638
v 26.617567 33.293316 8.507038
v 27.001704 32.671670 8.788325
v 27.503003 32.195412 9.155405
v 28.086519 31.895454 9.582688
v 28.712679 31.793362 10.041197
v 29.338960 31.895679 10.499796
v 29.922539 32.195022 10.927125
v 30.423453 32.672122 11.293923
v 30.808350 33.292925 11.575766
v 31.049525 34.016668 11.752368
v 32.946546 35.924160 8.583597
v 32.676865 36.647904 8.454612
v 32.246473 37.268707 8.248761
v 31.686352 37.745806 7.980862
v 31.033795 38.045150 7.668753
v 30.333489 38.147467 7.333806
v 29.633318 38.045374 6.998924
v 28.980832 37.745416 6.686848
v 28.420280 37.269158 6.418743
v 27.990739 36.647513 6.213300
v 27.719839 35.924385 6.083732
v 27.628364 35.147929 6.039980
v 27.719839 34.371473 6.083732
v 27.990739 33.648345 6.213300
v 28.420280 33.026700 6.418743
v 28.980832 32.550442 6.686848
v 29.633318 32.250484 6.998924
v 30.333489 32.148391 7.333806
v 31.033795 32.250708 7.668753
v 31.686352 32.550052 7.980862
v 32.246473 33.027151 8.248761
v 32.676865 33.647954 8.454612
v 32.946546 34.371698 8.583597
v 34.226796 36.279190 5.119932
v 33.937877 37.002933 5.042995
v 33.476782 37.623736 4.920210
v 32.876704 38.100836 4.760414
v 32.177596 38.400179 4.574248
v 31.427332 38.502496 4.374459
v 30.677213 38.400404 4.174708
v 29.978181 38.100446 3.988562
v 29.377641 37.624188 3.828643
v 28.917458 37.002542 3.706101
v 28.627233 36.279415 3.628816
v 28.529232 35.502959 3.602719
v 28.627233 34.726503 3.628816
v 28.917458 34.003375 3.706101
v 29.377641 33.381729 3.828643
v 29.978181 32.905471 3.988562
v 30.677213 32.605513 4.174708
v 31.427332 32.503421 4.374459
v 32.177596 32.605738 4.574248
v 32.876704 32.905081 4.760414
v 33.476782 33.382181 4.920210
v 33.937877 34.002984 5.042995
v 34.226796 34.726728 5.119932
v 34.838494 36.635606 1.463622
v 34.540383 37.359350 1.441628
v 34.064619 37.980153 1.406528
v 33.445449 38.457252 1.360847
v 32.724099 38.756596 1.307629
v 31.949965 38.858913 1.250515
v 31.175982 38.756820 1.193413
v 30.454710 38.456862 1.140200
v 29.835064 37.980604 1.094485
v 29.360240 37.358959 1.059454
v 29.060781 36.635831 1.037360
v 28.959663 35.859375 1.029900
v 29.060781 35.082919 1.037360
v 29.360240 34.359791 1.059454
v 29.835064 33.738146 1.094485
v 30.454710 33.261888 1.140200
v 31.175982 32.961930 1.193413
v 31.949965 32.859837 1.250515
v 32.724099 32.962154 1.307629
v 33.445449 33.261498 1.360847
v 34.064619 33.738597 1.406528
v 34.540383 34.359400 1.441628
v 34.838494 35.083144 1.463622
v 34.769861 36.989249 -2.214569
v 34.472781 37.712993 -2.181291
v 33.998663 38.333796 -2.128182
v 33.381635 38.810895 -2.059064
v 32.662780 39.110238 -1.978540
v 31.891325 39.212556 -1.892123
v 31.120019 39.110463 -1.805724
v 30.401243 38.810505 -1.725208
v 29.783740 38.334247 -1.656037
v 29.310559 37.712601 -1.603032
v 29.012137 36.989474 -1.569604
v 28.911368 36.213018 -1.558316
v 29.012137 35.436562 -1.569604
v 29.310559 34.713434 -1.603032
v 29.783740 34.091789 -1.656037
v 30.401243 33.615531 -1.725208
v 31.120019 33.315572 -1.805724
v 31.891325 33.213480 -1.892123
v 32.662780 33.315797 -1.978540
v 33.381635 33.615141 -2.059064
v 33.998663 34.092240 -2.128182
v 34.472781 34.713043 -2.181291
v 34.769861 35.436787 -2.214569
v 34.023271 37.344278 -5.831012
v 33.737410 38.068022 -5.743390
v 33.281196 38.688825 -5.603551
v 32.687470 39.165924 -5.421562
v 31.995762 39.465268 -5.209540
v 31.253440 39.567585 -4.982004
v 30.511262 39.465493 -4.754511
v 29.819629 39.165534 -4.542512
v 29.225446 38.689277 -4.360383
v 28.770135 38.067631 -4.220821
v 28.482981 37.344503 -4.132803
v 28.386018 36.568047 -4.103082
v 28.482981 35.791591 -4.132803
v 28.770135 35.068464 -4.220821
v 29.225446 34.446818 -4.360383
v 29.819629 33.970560 -4.542512
v 30.511262 33.670602 -4.754511
v 31.253440 33.568509 -4.982004
v 31.995762 33.670827 -5.209540
v 32.687470 33.970170 -5.421562
v 33.281196 34.447270 -5.603551
v 33.737410 35.068073 -5.743390
v 34.023271 35.791816 -5.831012
v 32.614062 37.699308 -9.244278
v 32.349377 38.423052 -9.105365
v 31.926959 39.043855 -8.883670
v 31.377214 39.520954 -8.595151
v 30.736747 39.820297 -8.259019
v 30.049415 39.922615 -7.898291
v 29.362216 39.820522 -7.537632
v 28.721818 39.520564 -7.201536
v 28.171651 39.044306 -6.912795
v 27.750068 38.422661 -6.691539
v 27.484187 37.699533 -6.551998
v 27.394407 36.923077 -6.504879
v 27.484187 36.146621 -6.551998
v 27.750068 35.423493 -6.691539
v 28.171651 34.801848 -6.912795
v 28.721818 34.325590 -7.201536
v 29.362216 34.025632 -7.537632
v 30.049415 33.923539 -7.898291
v 30.736747 34.025856 -8.259019
v 31.377214 34.325200 -8.595151
v 31.926959 34.802299 -8.883670
v 32.349377 35.423102 -9.105365
v 32.614062 36.146846 -9.244278
v 30.602358 38.054338 -12.341528
v 30.367903 38.778081 -12.156073
v 29.993729 39.398884 -11.860100
v 29.506771 39.875984 -11.474914
v 28.939452 40.175327 -11.026163
v 28.330620 40.277644 -10.544574
v 27.721906 40.175552 -10.063079
v 27.154648 39.875594 -9.614376
v 26.667316 39.399336 -9.228894
v 26.293882 38.777690 -8.933506
v 26.058367 38.054563 -8.747213
v 25.978840 37.278107 -8.684307
v 26.058367 36.501650 -8.747213
v 26.293882 35.778523 -8.933506
v 26.667316 35.156877 -9.228894
v 27.154648 34.680619 -9.614376
v 27.721906 34.380661 -10.063079
v 28.330620 34.278569 -10.544574
v 28.939452 34.380886 -11.026163
v 29.506771 34.680229 -11.474914
v 29.993729 35.157329 -11.860100
v 30.367903 35.778132 -12.156073
v 30.602358 36.501875 -12.341528
v 28.055115 38.409367 -15.015035
v 27.858937 39.133111 -14.789405
v 27.545851 39.753914 -14.429317
v 27.138394 40.231013 -13.960689
v 26.663695 40.530357 -13.414726
v 26.154261 40.632674 -12.828812
v 25.644926 40.530581 -12.243012
v 25.170279 40.230623 -11.697108
v 24.762508 39.754365 -11.228120
v 24.450041 39.132720 -10.868744
v 24.252976 38.409592 -10.642094
v 24.186433 37.633136 -10.565561
v 24.252976 36.856680 -10.642094
v 24.450041 36.133552 -10.868744
v 24.762508 35.511907 -11.228120
v 25.170279 35.035649 -11.697108
v 25.644926 34.735691 -12.243012
v 26.154261 34.633598 -12.828812
v 26.663695 34.735916 -13.414726
v 27.138394 35.035259 -13.960689
v 27.545851 35.512358 -14.429317
v 27.858937 36.133161 -14.789405
v 28.055115 36.856905 -15.015035
v 25.053090 38.764397 -17.165393
v 24.902023 39.488140 -16.907450
v 24.660932 40.108944 -16.495792
v 24.347169 40.586043 -15.960051
v 23.981628 40.885386 -15.335898
v 23.589338 40.987704 -14.666074
v 23.197125 40.885611 -13.996379
v 22.831622 40.585653 -13.372294
v 22.517619 40.109395 -12.836141
v 22.277004 39.487749 -12.425296
v 22.125254 38.764622 -12.166188
v 22.074012 37.988166 -12.078694
v 22.125254 37.211710 -12.166188
v 22.277004 36.488582 -12.425296
v 22.517619 35.866937 -12.836141
v 22.831622 35.390679 -13.372294
v 23.197125 35.090720 -13.996379
v 23.589338 34.988628 -14.666074
v 23.981628 35.090945 -15.335898
v 24.347169 35.390289 -15.960051
v 24.660932 35.867388 -16.495792
v 24.902023 36.488191 -16.907450
v 25.053090 37.211935 -17.165393
v 21.706976 39.119426 -18.728552
v 21.606191 39.843170 -18.447120
v 21.445345 40.463973 -17.997974
v 21.236017 40.941072 -17.413446
v 20.992144 41.240416 -16.732455
v 20.730425 41.342733 -16.001633
v 20.468758 41.240641 -15.270953
v 20.224911 40.940682 -14.590036
v 20.015422 40.464424 -14.005058
v 19.854894 39.842779 -13.556801
v 19.753653 39.119651 -13.274096
v 19.719467 38.343195 -13.178635
v 19.753653 37.566739 -13.274096
v 19.854894 36.843612 -13.556801
v 20.015422 36.221966 -14.005058
v 20.224911 35.745708 -14.590036
v 20.468758 35.445750 -15.270953
v 20.730425 35.343657 -16.001633
v 20.992144 35.445975 -16.732455
v 21.236017 35.745318 -17.413446
v 21.445345 36.222417 -17.997974
v 21.606191 36.843221 -18.447120
v 21.706976 37.566964 -18.728552
v 18.130843 39.474456 -19.649084
v 18.083796 40.198200 -19.353819
v 18.008712 40.819003 -18.882598
v 17.910997 41.296102 -18.269339
v 17.797156 41.595445 -17.554876
v 17.674985 41.697763 -16.788134
v 17.552837 41.595670 -16.021540
v 17.439009 41.295712 -15.307155
v 17.341218 40.819454 -14.693424
v 17.266283 40.197808 -14.223134
v 17.219024 39.474681 -13.926535
v 17.203066 38.698225 -13.826382
v 17.219024 37.921769 -13.926535
v 17.266283 37.198641 -14.223134
v 17.341218 36.576996 -14.693424
v 17.439009 36.100738 -15.307155
v 17.552837 35.800780 -16.021540
v 17.674985 35.698687 -16.788134
v 17.797156 35.801004 -17.554876
v 17.910997 36.100348 -18.269339
v 18.008712 36.577447 -18.882598
v 18.083796 37.198250 -19.353819
v 18.130843 37.921994 -19.649084
v 14.445668 39.829486 -19.884963
v 14.453998 40.553229 -19.586154
v 14.467292 41.174032 -19.109275
v 14.484593 41.651132 -18.488655
v 14.504749 41.950475 -17.765615
v 14.526380 42.052792 -16.989668
v 14.548007 41.950700 -16.213872
v 14.568161 41.650742 -15.490911
v 14.585475 41.174484 -14.869813
v 14.598743 40.552838 -14.393877
v 14.607110 39.829710 -14.093717
v 14.609936 39.053254 -13.992362
v 14.607110 38.276798 -14.093717
v 14.598743 37.553671 -14.393877
v 14.585475 36.932025 -14.869813
v 14.568161 36.455767 -15.490911
v 14.548007 36.155809 -16.213872
v 14.526380 36.053717 -16.989668
v 14.504749 36.156034 -17.765615
v 14.484593 36.455377 -18.488655
v 14.467292 36.932477 -19.109275
v 14.453998 37.553280 -19.586154
v 14.445668 38.277023 -19.884963
v 10.779307 40.184515 -19.440252
v 10.842731 40.908259 -19.148125
v 10.943951 41.529062 -18.681911
v 11.075681 42.006161 -18.075170
v 11.229150 42.305505 -17.368301
v 11.393849 42.407822 -16.609708
v 11.558516 42.305729 -15.851261
v 11.711969 42.005771 -15.144469
v 11.843800 41.529513 -14.537261
v 11.944820 40.907868 -14.071969
v 12.008531 40.184740 -13.778522
v 12.030044 39.408284 -13.679433
v 12.008531 38.631828 -13.778522
v 11.944820 37.908700 -14.071969
v 11.843800 37.287055 -14.537261
v 11.711969 36.810797 -15.144469
v 11.558516 36.510839 -15.851261
v 11.393849 36.408746 -16.609708
v 11.229150 36.511063 -17.368301
v 11.075681 36.810407 -18.075170
v 10.943951 37.287506 -18.681911
v 10.842731 37.908309 -19.148125
v 10.779307 38.632053 -19.440252
v 7.257803 40.539545 -18.328886
v 7.374144 41.263288 -18.053459
v 7.559816 41.884091 -17.613899
v 7.801455 42.361191 -17.041844
v 8.082969 42.660534 -16.375385
v 8.385084 42.762852 -15.660159
v 8.687140 42.660759 -14.945072
v 8.968624 42.360801 -14.278685
v 9.210448 41.884543 -13.706191
v 9.395753 41.262897 -13.267499
v 9.512621 40.539770 -12.990827
v 9.552083 39.763314 -12.897404
v 9.512621 38.986858 -12.990827
v 9.395753 38.263730 -13.267499
v 9.210448 37.642084 -13.706191
v 8.968624 37.165827 -14.278685
v 8.687140 36.865868 -14.945072
v 8.385084 36.763776 -15.660159
v 8.082969 36.866093 -16.375385
v 7.801455 37.165436 -17.041844
v 7.559816 37.642536 -17.613899
v 7.374144 38.263339 -18.053459
v 7.257803 38.987083 -18.328886
v 4.006123 40.894574 -16.578829
v 4.171327 41.618318 -16.329701
v 4.434981 42.239121 -15.932110
v 4.778105 42.716220 -15.414675
v 5.177855 43.015564 -14.811850
v 5.606856 43.117881 -14.164915
v 6.035774 43.015789 -13.518105
v 6.435480 42.715830 -12.915345
v 6.778869 42.239572 -12.397513
v 7.042001 41.617927 -12.000708
v 7.207952 40.894799 -11.750453
v 7.263988 40.118343 -11.665949
v 7.207952 39.341887 -11.750453
v 7.042001 38.618760 -12.000708
v 6.778869 37.997114 -12.397513
v 6.435480 37.520856 -12.915345
v 6.035774 37.220898 -13.518105
v 5.606856 37.118805 -14.164915
v 5.177855 37.221123 -14.811850
v 4.778105 37.520466 -15.414675
v 4.434981 37.997565 -15.932110
v 4.171327 38.618368 -16.329701
v 4.006123 39.342112 -16.578829
v 1.130745 41.249604 -14.261030
v 1.339157 41.973348 -14.046730
v 1.671767 42.594151 -13.704724
v 2.104635 43.071250 -13.259630
v 2.608936 43.370593 -12.741083
v 3.150139 43.472911 -12.184592
v 3.691238 43.370818 -11.628209
v 4.195485 43.070860 -11.109718
v 4.628685 42.594602 -10.664281
v 4.960638 41.972956 -10.322951
v 5.169992 41.249829 -10.107683
v 5.240684 40.473373 -10.034994
v 5.169992 39.696917 -10.107683
v 4.960638 38.973789 -10.322951
v 4.628685 38.352144 -10.664281
v 4.195485 37.875886 -11.109718
v 3.691238 37.575927 -11.628209
v 3.150139 37.473835 -12.184592
v 2.608936 37.576152 -12.741083
v 2.104635 37.875496 -13.259630
v 1.671767 38.352595 -13.704724
v 1.339157 38.973398 -14.046730
v 1.130745 39.697142 -14.261030
v -1.269141 41.604633 -11.454488
v -1.024666 42.328377 -11.282362
v -0.634501 42.949180 -11.007663
v -0.126733 43.426280 -10.650162
v 0.464831 43.725623 -10.233664
v 1.099683 43.827940 -9.786689
v 1.734410 43.725848 -9.339801
v 2.325910 43.425889 -8.923348
v 2.834070 42.949632 -8.565572
v 3.223463 42.327986 -8.291416
v 3.469043 41.604858 -8.118512
v 3.551968 40.828402 -8.060128
v 3.469043 40.051946 -8.118512
v 3.223463 39.328819 -8.291416
v 2.834070 38.707173 -8.565572
v 2.325910 38.230915 -8.923348
v 1.734410 37.930957 -9.339801
v 1.099683 37.828864 -9.786689
v 0.464831 37.931182 -10.233664
v -0.126733 38.230525 -10.650162
v -0.634501 38.707625 -11.007663
v -1.024666 39.328428 -11.282362
v -1.269141 40.052171 -11.454488
v -3.102057 41.959663 -8.248786
v -2.830039 42.683407 -8.124832
v -2.395918 43.304210 -7.927011
v -1.830943 43.781309 -7.669562
v -1.172732 44.080652 -7.369627
v -0.466357 44.182970 -7.047744
v 0.239880 44.080877 -6.725924
v 0.898020 43.780919 -6.426022
v 1.463430 43.304661 -6.168375
v 1.896692 42.683016 -5.970944
v 2.169940 41.959888 -5.846430
v 2.262208 41.183432 -5.804386
v 2.169940 40.406976 -5.846430
v 1.896692 39.683848 -5.970944
v 1.463430 39.062203 -6.168375
v 0.898020 38.585945 -6.426022
v 0.239880 38.285987 -6.725924
v -0.466357 38.183894 -7.047744
v -1.172732 38.286211 -7.369627
v -1.830943 38.585555 -7.669562
v -2.395918 39.062654 -7.927011
v -2.830039 39.683457 -8.124832
v -3.102057 40.407201 -8.248786
v -4.314957 42.314693 -4.760394
v -4.024713 43.038436 -4.688860
v -3.561505 43.659239 -4.574697
v -2.958674 44.136339 -4.426123
v -2.256361 44.435682 -4.253029
v -1.502656 44.537999 -4.067270
v -0.749098 44.435907 -3.881547
v -0.046861 44.135949 -3.708473
v 0.556433 43.659691 -3.559784
v 1.018726 43.038045 -3.445847
v 1.310282 42.314918 -3.373989
v 1.408732 41.538462 -3.349725
v 1.310282 40.762006 -3.373989
v 1.018726 40.038878 -3.445847
v 0.556433 39.417232 -3.559784
v -0.046861 38.940974 -3.708473
v -0.749098 38.641016 -3.881547
v -1.502656 38.538924 -4.067270
v -2.256361 38.641241 -4.253029
v -2.958674 38.940584 -4.426123
v -3.561505 39.417684 -4.574697
v -4.024713 40.038487 -4.688860
v -4.314957 40.762230 -4.760394
v -4.866061 42.669722 -1.109039
v -4.567535 43.393466 -1.092373
v -4.091110 44.014269 -1.065776
v -3.471080 44.491368 -1.031163
v -2.748727 44.790712 -0.990837
v -1.973518 44.893029 -0.947560
v -1.198459 44.790936 -0.904292
v -0.476185 44.490978 -0.863970
v 0.144322 44.014720 -0.829330
v 0.619805 43.393075 -0.802786
v 0.919680 42.669947 -0.786045
v 1.020939 41.893491 -0.780392
v 0.919680 41.117035 -0.786045
v 0.619805 40.393908 -0.802786
v 0.144322 39.772262 -0.829330
v -0.476185 39.296004 -0.863970
v -1.198459 38.996046 -0.904292
v -1.973518 38.893953 -0.947560
v -2.748727 38.996271 -0.990837
v -3.471080 39.295614 -1.031163
v -4.091110 39.772713 -1.065776
v -4.567535 40.393516 -1.092373
v -4.866061 41.117260 -1.109039
v -4.724851 43.024752 2.580972
v -4.428447 43.748495 2.542188
v -3.955409 44.369299 2.480292
v -3.339785 44.846398 2.399738
v -2.622568 45.145741 2.305891
v -1.852868 45.248059 2.205177
v -1.083319 45.145966 2.104482
v -0.366179 44.846008 2.010645
v 0.249918 44.369750 1.930030
v 0.722021 43.748104 1.868256
v 1.019765 43.024977 1.829296
v 1.120304 42.248521 1.816141
v 1.019765 41.472065 1.829296
v 0.722021 40.748937 1.868256
v 0.249918 40.127292 1.930030
v -0.366179 39.651034 2.010645
v -1.083319 39.351075 2.104482
v -1.852868 39.248983 2.205177
v -2.622568 39.351300 2.305891
v -3.339785 39.650644 2.399738
v -3.955409 40.127743 2.480292
v -4.428447 40.748546 2.542188
v -4.724851 41.472290 2.580972
v -3.907656 43.379781 6.182665
v -3.623532 44.103525 6.089759
v -3.170092 44.724328 5.941487
v -2.579973 45.201427 5.748523
v -1.892470 45.500771 5.523714
v -1.154659 45.603088 5.282455
v -0.416992 45.500996 5.041244
v 0.270437 45.201037 4.816459
v 0.861010 44.724779 4.623346
v 1.313554 44.103134 4.475368
v 1.598962 43.380006 4.382041
v 1.695336 42.603550 4.350528
v 1.598962 41.827094 4.382041
v 1.313554 41.103967 4.475368
v 0.861010 40.482321 4.623346
v 0.270437 40.006063 4.816459
v -0.416992 39.706105 5.041244
v -1.154659 39.604012 5.282455
v -1.892470 39.706330 5.523714
v -2.579973 40.005673 5.748523
v -3.170092 40.482772 5.941487
v -3.623532 41.103576 6.089759
v -3.907656 41.827319 6.182665
v -2.442982 43.734811 9.572480
v -2.180868 44.458555 9.428635
v -1.762553 45.079358 9.199069
v -1.218148 45.556457 8.900307
v -0.583902 45.855800 8.552241
v 0.096755 45.958118 8.178705
v 0.777279 45.856025 7.805243
v 1.411457 45.556067 7.457214
v 1.956281 45.079809 7.158222
v 2.373769 44.458164 6.929110
v 2.637068 43.735036 6.784615
v 2.725976 42.958580 6.735823
v 2.637068 42.182124 6.784615
v 2.373769 41.458996 6.929110
v 1.956281 40.837351 7.158222
v 1.411457 40.361093 7.457214
v 0.777279 40.061135 7.805243
v 0.096755 39.959042 8.178705
v -0.583902 40.061359 8.552241
v -1.218148 40.360703 8.900307
v -1.762553 40.837802 9.199069
v -2.180868 41.458605 9.428635
v -2.442982 42.182349 9.572480
v -0.370443 44.089841 12.628737
v -0.139473 44.813584 12.438966
v 0.229139 45.434387 12.136105
v 0.708859 45.911487 11.741956
v 1.267746 46.210830 11.282761
v 1.867528 46.313147 10.789965
v 2.467194 46.211055 10.297264
v 3.026020 45.911097 9.838119
v 3.506109 45.434839 9.443666
v 3.873992 44.813193 9.141404
v 4.106006 44.090065 8.950776
v 4.184350 43.313609 8.886406
v 4.106006 42.537153 8.950776
v 3.873992 41.814026 9.141404
v 3.506109 41.192380 9.443666
v 3.026020 40.716122 9.838119
v 2.467194 40.416164 10.297264
v 1.867528 40.314072 10.789965
v 1.267746 40.416389 11.282761
v 0.708859 40.715732 11.741956
v 0.229139 41.192832 12.136105
v -0.139473 41.813635 12.438966
v -0.370443 42.537378 12.628737
v 2.229163 44.444870 15.252101
v 2.421069 45.168614 15.022909
v 2.727337 45.789417 14.657135
v 3.125922 46.266516 14.181108
v 3.590284 46.565860 13.626525
v 4.088625 46.668177 13.031361
v 4.586869 46.566084 12.436312
v 5.051181 46.266126 11.881789
v 5.450072 45.789868 11.405396
v 5.755735 45.168223 11.040345
v 5.948509 44.445095 10.810117
v 6.013603 43.668639 10.732376
v 5.948509 42.892183 10.810117
v 5.755735 42.169055 11.040345
v 5.450072 41.547410 11.405396
v 5.051181 41.071152 11.881789
v 4.586869 40.771194 12.436312
v 4.088625 40.669101 13.031361
v 3.590284 40.771419 13.626525
v 3.125922 41.070762 14.181108
v 2.727337 41.547861 14.657135
v 2.421069 42.168664 15.022909
v 2.229163 42.892408 15.252101
v 5.265827 44.799900 17.353244
v 5.412101 45.523643 17.092478
v 5.645545 46.144446 16.676315
v 5.949354 46.621546 16.134711
v 6.303299 46.920889 15.503728
v 6.683144 47.023207 14.826573
v 7.062915 46.921114 14.149550
v 7.416822 46.621156 13.518635
v 7.720865 46.144898 12.976614
v 7.953847 45.523252 12.561274
v 8.100783 44.800125 12.299329
v 8.150398 44.023669 12.210878
v 8.100783 43.247213 12.299329
v 7.953847 42.524085 12.561274
v 7.720865 41.902439 12.976614
v 7.416822 41.426182 13.518635
v 7.062915 41.126223 14.149550
v 6.683144 41.024131 14.826573
v 6.303299 41.126448 15.503728
v 5.949354 41.425791 16.134711
v 5.645545 41.902891 16.676315
v 5.412101 42.523694 17.092478
v 5.265827 43.247438 17.353244
v 8.641719 45.154929 18.849729
v 8.737265 45.878673 18.566476
v 8.889748 46.499476 18.114424
v 9.088193 46.976575 17.526114
v 9.319388 47.275919 16.840717
v 9.567499 47.378236 16.105166
v 9.815563 47.276144 15.369759
v 10.046732 46.976185 14.684436
v 10.245330 46.499927 14.095673
v 10.397512 45.878282 13.644515
v 10.493489 45.155154 13.359982
v 10.525898 44.378698 13.263903
v 10.493489 43.602242 13.359982
v 10.397512 42.879115 13.644515
v 10.245330 42.257469 14.095673
v 10.046732 41.781211 14.684436
v 9.815563 41.481253 15.369759
v 9.567499 41.379160 16.105166
v 9.319388 41.481478 16.840717
v 9.088193 41.780821 17.526114
v 8.889748 42.257920 18.114424
v 8.737265 42.878723 18.566476
v 8.641719 43.602467 18.849729
v 12.235824 45.509959 19.699655
v 12.277361 46.233703 19.403630
v 12.343651 46.854506 18.931196
v 12.429922 47.331605 18.316359
v 12.530431 47.630948 17.600057
v 12.638294 47.733266 16.831341
v 12.746136 47.631173 16.062775
v 12.846634 47.331215 15.346551
v 12.932972 46.854957 14.731241
v 12.999131 46.233311 14.259740
v 13.040856 45.510184 13.962377
v 13.054945 44.733728 13.861967
v 13.040856 43.957272 13.962377
v 12.999131 43.234144 14.259740
v 12.932972 42.612499 14.731241
v 12.846634 42.136241 15.346551
v 12.746136 41.836282 16.062775
v 12.638294 41.734190 16.831341
v 12.530431 41.836507 17.600057
v 12.429922 42.135851 18.316359
v 12.343651 42.612950 18.931196
v 12.277361 43.233753 19.403630
v 12.235824 43.957497 19.699655
v 15.924355 45.864988 19.875452
v 15.910465 46.588732 19.576785
v 15.888297 47.209535 19.100135
v 15.859448 47.686635 18.479811
v 15.825837 47.985978 17.757117
v 15.789767 48.088295 16.981541
v 15.753704 47.986203 16.206116
v 15.720097 47.686244 15.483501
v 15.691225 47.209987 14.862700
v 15.669101 46.588341 14.386992
v 15.655148 45.865213 14.086975
v 15.650437 45.088757 13.985669
v 15.655148 44.312301 14.086975
v 15.669101 43.589174 14.386992
v 15.691225 42.967528 14.862700
v 15.720097 42.491270 15.483501
v 15.753704 42.191312 16.206116
v 15.789767 42.089220 16.981541
v 15.825837 42.191537 17.757117
v 15.859448 42.490880 18.479811
v 15.888297 42.967980 19.100135
v 15.910465 43.588783 19.576785
v 15.924355 44.312526 19.875452
v 19.580737 46.220018 19.358758
v 19.511903 46.943762 19.067855
v 19.402048 47.564565 18.603596
v 19.259081 48.041664 17.999399
v 19.092520 48.341008 17.295493
v 18.913771 48.443325 16.540079
v 18.735058 48.341232 15.784813
v 18.568515 48.041274 15.080983
v 18.425438 47.565016 14.476320
v 18.315800 46.943371 14.012979
v 18.246655 46.220243 13.720762
v 18.223306 45.443787 13.622089
v 18.246655 44.667331 13.720762
v 18.315800 43.944203 14.012979
v 18.425438 43.322558 14.476320
v 18.568515 42.846300 15.080983
v 18.735058 42.546342 15.784813
v 18.913771 42.444249 16.540079
v 19.092520 42.546566 17.295493
v 19.259081 42.845910 17.999399
v 19.402048 43.323009 18.603596
v 19.511903 43.943812 19.067855
v 19.580737 44.667556 19.358758
v 23.080010 46.575048 18.177649
v 22.958592 47.298791 17.904495
v 22.764819 47.919594 17.468561
v 22.512637 48.396694 16.901227
v 22.218839 48.696037 16.240267
v 21.903542 48.798354 15.530943
v 21.588307 48.696262 14.821756
v 21.294541 48.396304 14.160868
v 21.042165 47.920046 13.593097
v 20.848775 47.298400 13.158025
v 20.726808 46.575273 12.883637
v 20.685624 45.798817 12.790984
v 20.726808 45.022361 12.883637
v 20.848775 44.299233 13.158025
v 21.042165 43.677587 13.593097
v 21.294541 43.201329 14.160868
v 21.588307 42.901371 14.821756
v 21.903542 42.799279 15.530943
v 22.218839 42.901596 16.240267
v 22.512637 43.200939 16.901227
v 22.764819 43.678039 17.468561
v 22.958592 44.298842 17.904495
v 23.080010 45.022586 18.177649
v 26.302742 46.930077 16.374811
v 26.132896 47.653821 16.128748
v 25.861836 48.274624 15.736050
v 25.509071 48.751723 15.224983
v 25.098091 49.051067 14.629577
v 24.657037 49.153384 13.990602
v 24.216070 49.051291 13.351752
v 23.805134 48.751333 12.756410
v 23.452098 48.275075 12.244950
v 23.181573 47.653430 11.853028
v 23.010960 46.930302 11.605853
v 22.953349 46.153846 11.522389
v 23.010960 45.377390 11.605853
v 23.181573 44.654263 11.853028
v 23.452098 44.032617 12.244950
v 23.805134 43.556359 12.756410
v 24.216070 43.256401 13.351752
v 24.657037 43.154308 13.990602
v 25.098091 43.256626 14.629577
v 25.509071 43.555969 15.224983
v 25.861836 44.033068 15.736050
v 26.132896 44.653871 16.128748
v 26.302742 45.377615 16.374811
v 29.131784 47.285107 14.001503
v 28.919427 48.008850 13.791104
v 28.580520 48.629654 13.455322
v 28.139460 49.106753 13.018327
v 27.625612 49.406096 12.509217
v 27.074164 49.508414 11.962853
v 26.522824 49.406321 11.416596
v 26.009032 49.106363 10.907540
v 25.567632 48.630105 10.470210
v 25.229396 48.008459 10.135091
v 25.016079 47.285332 9.923741
v 24.944048 46.508876 9.852374
v 25.016079 45.732420 9.923741
v 25.229396 45.009292 10.135091
v 25.567632 44.387647 10.470210
v 26.009032 43.911389 10.907540
v 26.522824 43.611430 11.416596
v 27.074164 43.509338 11.962853
v 27.625612 43.611655 12.509217
v 28.139460 43.910999 13.018327
v 28.580520 44.388098 13.455322
v 28.919427 45.008901 13.791104
v 29.131784 45.732645 14.001503
v 31.475641 47.640136 11.147346
v 31.228063 48.363880 10.979836
v 30.832947 48.984683 10.712502
v 30.318733 49.461782 10.364587
v 29.719660 49.761126 9.959257
v 29.076751 49.863443 9.524268
v 28.433967 49.761351 9.089363
v 27.834959 49.461392 8.684076
v 27.320350 48.985134 8.335894
v 26.926014 48.363489 8.069089
v 26.677317 47.640361 7.900821
v 26.593340 46.863905 7.844002
v 26.677317 46.087449 7.900821
v 26.926014 45.364322 8.069089
v 27.320350 44.742676 8.335894
v 27.834959 44.266418 8.684076
v 28.433967 43.966460 9.089363
v 29.076751 43.864367 9.524268
v 29.719660 43.966685 9.959257
v 30.318733 44.266028 10.364587
v 30.832947 44.743127 10.712502
v 31.228063 45.363931 10.979836
v 31.475641 46.087674 11.147346
v 33.256024 47.995166 7.912144
v 32.981693 48.718910 7.793249
v 32.543879 49.339713 7.603501
v 31.974099 49.816812 7.356559
v 31.310289 50.116155 7.068864
v 30.597906 50.218473 6.760118
v 29.885662 50.116380 6.451432
v 29.221924 49.816422 6.163769
v 28.651706 49.340164 5.916637
v 28.214758 48.718519 5.727264
v 27.939186 47.995391 5.607831
v 27.846134 47.218935 5.567502
v 27.939186 46.442479 5.607831
v 28.214758 45.719351 5.727264
v 28.651706 45.097706 5.916637
v 29.221924 44.621448 6.163769
v 29.885662 44.321490 6.451432
v 30.597906 44.219397 6.760118
v 31.310289 44.321714 7.068864
v 31.974099 44.621058 7.356559
v 32.543879 45.098157 7.603501
v 32.981693 45.718960 7.793249
v 33.256024 46.442704 7.912144
v 34.400588 48.350196 4.401303
v 34.109057 49.073939 4.335165
v 33.643795 49.694742 4.229613
v 33.038292 50.171842 4.092246
v 32.332865 50.471185 3.932210
v 31.575819 50.573502 3.760463
v 30.818920 50.471410 3.588750
v 30.113570 50.171452 3.428731
v 29.507601 49.695194 3.291258
v 29.043259 49.073548 3.185915
v 28.750410 48.350421 3.119479
v 28.651524 47.573964 3.097045
v 28.750410 46.797508 3.119479
v 29.043259 46.074381 3.185915
v 29.507601 45.452735 3.291258
v 30.113570 44.976477 3.428731
v 30.818920 44.676519 3.588750
v 31.575819 44.574427 3.760463
v 32.332865 44.676744 3.932210
v 33.038292 44.976087 4.092246
v 33.643795 45.453187 4.229613
v 34.109057 46.073990 4.335165
v 34.400588 46.797733 4.401303
v 34.878645 48.705225 0.739160
v 34.579930 49.428969 0.728053
v 34.103203 50.049772 0.710326
v 33.482780 50.526871 0.687257
v 32.759970 50.826215 0.660380
v 31.984270 50.928532 0.631537
v 31.208720 50.826439 0.602699
v 30.485988 50.526481 0.575825
v 29.865088 50.050223 0.552738
v 29.389303 49.428578 0.535046
v 29.089238 48.705450 0.523889
v 28.987916 47.928994 0.520121
v 29.089238 47.152538 0.523889
v 29.389303 46.429410 0.535046
v 29.865088 45.807765 0.552738
v 30.485988 45.331507 0.575825
v 31.208720 45.031549 0.602699
v 31.984270 44.929456 0.631537
v 32.759970 45.031774 0.660380
v 33.482780 45.331117 0.687257
v 34.103203 45.808216 0.710326
v 34.579930 46.429019 0.728053
v 34.878645 47.152763 0.739160
v 34.681409 49.057481 -2.919507
v 34.385658 49.781225 -2.875636
v 33.913661 50.402028 -2.805621
v 33.299393 50.879127 -2.714502
v 32.583755 51.178471 -2.608345
v 31.815752 51.280788 -2.494421
v 31.047897 51.178695 -2.380518
v 30.332336 50.878737 -2.274373
v 29.717596 50.402479 -2.183184
v 29.246533 49.780834 -2.113307
v 28.949445 49.057706 -2.069237
v 28.849127 48.281250 -2.054357
v 28.949445 47.504794 -2.069237
v 29.246533 46.781666 -2.113307
v 29.717596 46.160021 -2.183184
v 30.332336 45.683763 -2.274373
v 31.047897 45.383805 -2.380518
v 31.815752 45.281712 -2.494421
v 32.583755 45.384029 -2.608345
v 33.299393 45.683373 -2.714502
v 33.913661 46.160472 -2.805621
v 34.385658 46.781275 -2.875636
v 34.681409 47.505019 -2.919507
v 33.790489 49.415284 -6.532747
v 33.508126 50.139028 -6.434580
v 33.057495 50.759831 -6.277913
v 32.471034 51.236930 -6.074022
v 31.787791 51.536274 -5.836484
v 31.054552 51.638591 -5.581565
v 30.321456 51.536499 -5.326695
v 29.638287 51.236540 -5.089182
v 29.051374 50.760282 -4.885135
v 28.601634 50.138637 -4.728777
v 28.317995 49.415509 -4.630166
v 28.222218 48.639053 -4.596869
v 28.317995 47.862597 -4.630166
v 28.601634 47.139470 -4.728777
v 29.051374 46.517824 -4.885135
v 29.638287 46.041566 -5.089182
v 30.321456 45.741608 -5.326695
v 31.054552 45.639515 -5.581565
v 31.787791 45.741833 -5.836484
v 32.471034 46.041176 -6.074022
v 33.057495 46.518275 -6.277913
v 33.508126 47.139078 -6.434580
v 33.790489 47.862822 -6.532747
v 32.257863 49.770314 -9.892929
v 31.998530 50.494058 -9.744269
v 31.584655 51.114861 -9.507018
v 31.046027 51.591960 -9.198254
v 30.418512 51.891303 -8.838536
v 29.745079 51.993621 -8.452496
v 29.071777 51.891528 -8.066531
v 28.444330 51.591570 -7.706852
v 27.905288 51.115312 -7.397851
v 27.492231 50.493666 -7.161069
v 27.231726 49.770539 -7.011737
v 27.143762 48.994083 -6.961312
v 27.231726 48.217627 -7.011737
v 27.492231 47.494499 -7.161069
v 27.905288 46.872854 -7.397851
v 28.444330 46.396596 -7.706852
v 29.071777 46.096638 -8.066531
v 29.745079 45.994545 -8.452496
v 30.418512 46.096862 -8.838536
v 31.046027 46.396206 -9.198254
v 31.584655 46.873305 -9.507018
v 31.998530 47.494108 -9.744269
v 32.257863 48.217852 -9.892929
v 30.135553 50.125343 -12.914895
v 29.908112 50.849087 -12.720824
v 29.545134 51.469890 -12.411101
v 29.072745 51.946990 -12.008020
v 28.522399 52.246333 -11.538420
v 27.931783 52.348650 -11.034458
v 27.341281 52.246558 -10.530593
v 26.790995 51.946600 -10.061044
v 26.318243 51.470342 -9.657653
v 25.955982 50.848696 -9.348542
v 25.727513 50.125568 -9.153594
v 25.650366 49.349112 -9.087766
v 25.727513 48.572656 -9.153594
v 25.955982 47.849529 -9.348542
v 26.318243 47.227883 -9.657653
v 26.790995 46.751625 -10.061044
v 27.341281 46.451667 -10.530593
v 27.931783 46.349575 -11.034458
v 28.522399 46.451892 -11.538420
v 29.072745 46.751235 -12.008020
v 29.545134 47.228335 -12.411101
v 29.908112 47.849138 -12.720824
v 30.135553 48.572881 -12.914895
v 27.486289 50.480373 -15.487315
v 27.298659 51.204117 -15.254588
v 26.999215 51.824920 -14.883174
v 26.609511 52.302019 -14.399806
v 26.155495 52.601363 -13.836670
v 25.668258 52.703680 -13.232327
v 25.181115 52.601587 -12.628102
v 24.727149 52.301629 -12.065027
v 24.337145 51.825371 -11.581287
v 24.038293 51.203726 -11.210607
v 23.849814 50.480598 -10.976829
v 23.786170 49.704142 -10.897889
v 23.849814 48.927686 -10.976829
v 24.038293 48.204558 -11.210607
v 24.337145 47.582913 -11.581287
v 24.727149 47.106655 -12.065027
v 25.181115 46.806697 -12.628102
v 25.668258 46.704604 -13.232327
v 26.155495 46.806921 -13.836670
v 26.609511 47.106265 -14.399806
v 26.999215 47.583364 -14.883174
v 27.298659 48.204167 -15.254588
v 27.486289 48.927911 -15.487315
v 24.407508 50.835403 -17.527118
v 24.266142 51.559146 -17.263739
v 24.040533 52.179949 -16.843406
v 23.746919 52.657049 -16.296375
v 23.404852 52.956392 -15.659070
v 23.037754 53.058709 -14.975130
v 22.670727 52.956617 -14.291323
v 22.328697 52.656659 -13.654087
v 22.034857 52.180401 -13.106635
v 21.809694 51.558755 -12.687133
v 21.667689 50.835628 -12.422564
v 21.619738 50.059172 -12.333227
v 21.667689 49.282716 -12.422564
v 21.809694 48.559588 -12.687133
v 22.034857 47.937942 -13.106635
v 22.328697 47.461685 -13.654087
v 22.670727 47.161726 -14.291323
v 23.037754 47.059634 -14.975130
v 23.404852 47.161951 -15.659070
v 23.746919 47.461294 -16.296375
v 24.040533 47.938394 -16.843406
v 24.266142 48.559197 -17.263739
v 24.407508 49.282941 -17.527118
v 21.007463 51.190432 -18.968050
v 20.917190 51.914176 -18.683019
v 20.773120 52.534979 -18.228130
v 20.585623 53.012078 -17.636126
v 20.367185 53.311422 -16.946427
v 20.132763 53.413739 -16.206259
v 19.898387 53.311647 -15.466236
v 19.679972 53.011688 -14.776611
v 19.492332 52.535430 -14.184152
v 19.348547 51.913785 -13.730163
v 19.257865 51.190657 -13.443843
v 19.227244 50.414201 -13.347161
v 19.257865 49.637745 -13.443843
v 19.348547 48.914618 -13.730163
v 19.492332 48.292972 -14.184152
v 19.679972 47.816714 -14.776611
v 19.898387 47.516756 -15.466236
v 20.132763 47.414663 -16.206259
v 20.367185 47.516981 -16.946427
v 20.585623 47.816324 -17.636126
v 20.773120 48.293423 -18.228130
v 20.917190 48.914226 -18.683019
v 21.007463 49.637970 -18.968050
v 17.398278 51.545462 -19.748868
v 17.362240 52.269206 -19.452103
v 17.304724 52.890009 -18.978489
v 17.229873 53.367108 -18.362116
v 17.142669 53.666451 -17.644025
v 17.049084 53.768769 -16.873388
v 16.955517 53.666676 -16.102902
v 16.868322 53.366718 -15.384889
v 16.793413 52.890460 -14.768041
v 16.736011 52.268814 -14.295363
v 16.699810 51.545687 -13.997257
v 16.687586 50.769231 -13.896596
v 16.699810 49.992775 -13.997257
v 16.736011 49.269647 -14.295363
v 16.793413 48.648002 -14.768041
v 16.868322 48.171744 -15.384889
v 16.955517 47.871785 -16.102902
v 17.049084 47.769693 -16.873388
v 17.142669 47.872010 -17.644025
v 17.229873 48.171354 -18.362116
v 17.304724 48.648453 -18.978489
v 17.362240 49.269256 -19.452103
v 17.398278 49.993000 -19.748868
v 13.706481 51.900491 -19.850070
v 13.725919 52.624235 -19.551785
v 13.756940 53.245038 -19.075743
v 13.797311 53.722137 -18.456212
v 13.844345 54.021481 -17.734441
v 13.894820 54.123798 -16.959855
v 13.945286 54.021706 -16.185420
v 13.992315 53.721747 -15.463728
v 14.032717 53.245490 -14.843720
v 14.063677 52.623844 -14.368619
v 14.083202 51.900716 -14.068986
v 14.089795 51.124260 -13.967809
v 14.083202 50.347804 -14.068986
v 14.063677 49.624677 -14.368619
v 14.032717 49.003031 -14.843720
v 13.992315 48.526773 -15.463728
v 13.945286 48.226815 -16.185420
v 13.894820 48.124722 -16.959855
v 13.844345 48.227040 -17.734441
v 13.797311 48.526383 -18.456212
v 13.756940 49.003483 -19.075743
v 13.725919 49.624286 -19.551785
v 13.706481 50.348029 -19.850070
v 10.059011 52.255521 -19.273295
v 10.133259 52.979265 -18.983677
v 10.251753 53.600068 -18.521468
v 10.405964 54.077167 -17.919938
v 10.585624 54.376510 -17.219139
v 10.778430 54.478828 -16.467060
v 10.971199 54.376735 -15.715128
v 11.150839 54.076777 -15.014405
v 11.305169 53.600519 -14.412412
v 11.423429 52.978874 -13.951117
v 11.498012 52.255746 -13.660190
v 11.523197 51.479290 -13.561952
v 11.498012 50.702834 -13.660190
v 11.423429 49.979706 -13.951117
v 11.305169 49.358061 -14.412412
v 11.150839 48.881803 -15.014405
v 10.971199 48.581845 -15.715128
v 10.778430 48.479752 -16.467060
v 10.585624 48.582069 -17.219139
v 10.405964 48.881413 -17.919938
v 10.251753 49.358512 -18.521468
v 10.133259 49.979315 -18.983677
v 10.059011 50.703059 -19.273295
v 6.583382 52.610551 -18.025961
v 6.709857 53.334294 -17.755086
v 6.911703 53.955097 -17.322791
v 7.174391 54.432197 -16.760190
v 7.480428 54.731540 -16.104746
v 7.808860 54.833857 -15.401341
v 8.137228 54.731765 -14.698072
v 8.443232 54.431807 -14.042699
v 8.706122 53.955549 -13.479666
v 8.907569 53.333903 -13.048225
v 9.034616 52.610776 -12.776126
v 9.077516 51.834320 -12.684246
v 9.034616 51.057863 -12.776126
v 8.907569 50.334736 -13.048225
v 8.706122 49.713090 -13.479666
v 8.443232 49.236832 -14.042699
v 8.137228 48.936874 -14.698072
v 7.808860 48.834782 -15.401341
v 7.480428 48.937099 -16.104746
v 7.174391 49.236442 -16.760190
v 6.911703 49.713542 -17.322791
v 6.709857 50.334345 -17.755086
v 6.583382 51.058088 -18.025961
v 3.397493 52.965580 -16.157906
v 3.571843 53.689324 -15.915103
v 3.850092 54.310127 -15.527606
v 4.212213 54.787226 -15.023309
v 4.634093 55.086570 -14.435789
v 5.086844 55.188887 -13.805279
v 5.539507 55.086794 -13.174891
v 5.961341 54.786836 -12.587435
v 6.323740 54.310578 -12.082750
v 6.601440 53.688933 -11.696019
v 6.776578 52.965805 -11.452118
v 6.835717 52.189349 -11.369760
v 6.776578 51.412893 -11.452118
v 6.601440 50.689765 -11.696019
v 6.323740 50.068120 -12.082750
v 5.961341 49.591862 -12.587435
v 5.539507 49.291904 -13.174891
v 5.086844 49.189811 -13.805279
v 4.634093 49.292129 -14.435789
v 4.212213 49.591472 -15.023309
v 3.850092 50.068571 -15.527606
v 3.571843 50.689374 -15.915103
v 3.397493 51.413118 -16.157906
v 0.607912 53.320610 -13.738180
v 0.824181 54.044353 -13.531737
v 1.169330 54.665157 -13.202270
v 1.618515 55.142256 -12.773494
v 2.141827 55.441599 -12.273959
v 2.703433 55.543917 -11.737870
v 3.264929 55.441824 -11.201886
v 3.788184 55.141866 -10.702404
v 4.237715 54.665608 -10.273298
v 4.582181 54.043962 -9.944483
v 4.799428 53.320835 -9.737107
v 4.872785 52.544379 -9.667083
v 4.799428 51.767923 -9.737107
v 4.582181 51.044795 -9.944483
v 4.237715 50.423150 -10.273298
v 3.788184 49.946892 -10.702404
v 3.264929 49.646933 -11.201886
v 2.703433 49.544841 -11.737870
v 2.141827 49.647158 -12.273959
v 1.618515 49.946502 -12.773494
v 1.169330 50.423601 -13.202270
v 0.824181 51.044404 -13.531737
v 0.607912 51.768148 -13.738180
v -1.681164 53.675639 -10.840608
v -1.430498 54.399383 -10.677707
v -1.030453 55.020186 -10.417729
v -0.509824 55.497285 -10.079388
v 0.096721 55.796629 -9.685211
v 0.747650 55.898946 -9.262191
v 1.398453 55.796854 -8.839254
v 2.004933 55.496895 -8.445120
v 2.525962 55.020637 -8.106518
v 2.925216 54.398992 -7.847054
v 3.177016 53.675864 -7.683417
v 3.262041 52.899408 -7.628161
v 3.177016 52.122952 -7.683417
v 2.925216 51.399825 -7.847054
v 2.525962 50.778179 -8.106518
v 2.004933 50.301921 -8.445120
v 1.398453 50.001963 -8.839254
v 0.747650 49.899870 -9.262191
v 0.096721 50.002188 -9.685211
v -0.509824 50.301531 -10.079388
v -1.030453 50.778630 -10.417729
v -1.430498 51.399434 -10.677707
v -1.681164 52.123177 -10.840608
v -3.395566 54.030669 -7.569486
v -3.119137 54.754413 -7.455739
v -2.677977 55.375216 -7.274209
v -2.103842 55.852315 -7.037961
v -1.434958 56.151658 -6.762726
v -0.717130 56.253976 -6.467352
v 0.000558 56.151883 -6.172034
v 0.669369 55.851925 -5.896829
v 1.243947 55.375667 -5.660399
v 1.684234 54.754021 -5.479228
v 1.961912 54.030894 -5.364968
v 2.055676 53.254438 -5.326385
v 1.961912 52.477982 -5.364968
v 1.684234 51.754854 -5.479228
v 1.243947 51.133209 -5.660399
v 0.669369 50.656951 -5.896829
v 0.000558 50.356993 -6.172034
v -0.717130 50.254900 -6.467352
v -1.434958 50.357217 -6.762726
v -2.103842 50.656561 -7.037961
v -2.677977 51.133660 -7.274209
v -3.119137 51.754463 -7.455739
v -3.395566 52.478207 -7.569486
v -4.481888 54.385699 -4.040056
v -4.189135 55.109442 -3.979346
v -3.721923 55.730245 -3.882458
v -3.113883 56.207345 -3.756366
v -2.405500 56.506688 -3.609465
v -1.645281 56.609005 -3.451815
v -0.885211 56.506913 -3.294195
v -0.176904 56.206955 -3.147310
v 0.431604 55.730697 -3.021121
v 0.897892 55.109051 -2.924424
v 1.191968 54.385923 -2.863440
v 1.291269 53.609467 -2.842848
v 1.191968 52.833011 -2.863440
v 0.897892 52.109884 -2.924424
v 0.431604 51.488238 -3.021121
v -0.176904 51.011980 -3.147310
v -0.885211 50.712022 -3.294195
v -1.645281 50.609930 -3.451815
v -2.405500 50.712247 -3.609465
v -3.113883 51.011590 -3.756366
v -3.721923 51.488690 -3.882458
v -4.189135 52.109493 -3.979346
v -4.481888 52.833236 -4.040056
v -4.890912 54.740728 -0.370118
v -4.592013 55.464472 -0.364556
v -4.114992 56.085275 -0.355680
v -3.494186 56.562374 -0.344128
v -2.770930 56.861718 -0.330670
v -1.994751 56.964035 -0.316228
v -1.218722 56.861942 -0.301788
v -0.495545 56.561984 -0.288331
v 0.125739 56.085726 -0.276771
v 0.601817 55.464081 -0.267912
v 0.902067 54.740953 -0.262326
v 1.003452 53.964497 -0.260439
v 0.902067 53.188041 -0.262326
v 0.601817 52.464913 -0.267912
v 0.125739 51.843268 -0.276771
v -0.495545 51.367010 -0.288331
v -1.218722 51.067052 -0.301788
v -1.994751 50.964959 -0.316228
v -2.770930 51.067276 -0.330670
v -3.494186 51.366620 -0.344128
v -4.114992 51.843719 -0.355680
v -4.592013 52.464522 -0.364556
v -4.890912 53.188266 -0.370118
v -4.614239 55.095758 3.312647
v -4.319498 55.819501 3.262869
v -3.849112 56.440304 3.183425
v -3.236941 56.917404 3.080036
v -2.523745 57.216747 2.959584
v -1.758362 57.319065 2.830319
v -0.993128 57.216972 2.701078
v -0.280010 56.917014 2.580640
v 0.332632 56.440756 2.477171
v 0.802088 55.819110 2.397884
v 1.098162 55.095983 2.347880
v 1.198137 54.319527 2.330996
v 1.098162 53.543071 2.347880
v 0.802088 52.819943 2.397884
v 0.332632 52.198297 2.477171
v -0.280010 51.722040 2.580640
v -0.993128 51.422081 2.701078
v -1.758362 51.319989 2.830319
v -2.523745 51.422306 2.959584
v -3.236941 51.721649 3.080036
v -3.849112 52.198749 3.183425
v -4.319498 52.819552 3.262869
v -4.614239 53.543296 3.312647
v -3.668074 55.450787 6.882225
v -3.387551 56.174531 6.778806
v -2.939856 56.795334 6.613758
v -2.357215 57.272433 6.398960
v -1.678423 57.571777 6.148714
v -0.949961 57.674094 5.880158
v -0.221641 57.572002 5.611653
v 0.457078 57.272043 5.361435
v 1.040167 56.795785 5.146471
v 1.486977 56.174140 4.981749
v 1.768769 55.451012 4.877863
v 1.863921 54.674556 4.842784
v 1.768769 53.898100 4.877863
v 1.486977 53.174973 4.981749
v 1.040167 52.553327 5.146471
v 0.457078 52.077069 5.361435
v -0.221641 51.777111 5.611653
v -0.949961 51.675018 5.880158
v -1.678423 51.777336 6.148714
v -2.357215 52.076679 6.398960
v -2.939856 52.553778 6.613758
v -3.387551 53.174581 6.778806
v -3.668074 53.898325 6.882225
v -2.073138 55.805817 10.212672
v -1.816582 56.529561 10.059208
v -1.407136 57.150364 9.814289
v -0.874274 57.627463 9.495546
v -0.253476 57.926806 9.124201
v 0.412749 58.029124 8.725685
v 1.078844 57.927031 8.327245
v 1.699575 57.627073 7.955941
v 2.232847 57.150815 7.636953
v 2.641483 56.529169 7.392518
v 2.899199 55.806042 7.238360
v 2.986222 55.029586 7.186305
v 2.899199 54.253130 7.238360
v 2.641483 53.530002 7.392518
v 2.232847 52.908357 7.636953
v 1.699575 52.432099 7.955941
v 1.078844 52.132140 8.327245
v 0.412749 52.030048 8.725685
v -0.253476 52.132365 9.124201
v -0.874274 52.431709 9.495546
v -1.407136 52.908808 9.814289
v -1.816582 53.529611 10.059208
v -2.073138 54.253355 10.212672
v 0.110734 56.160846 13.190909
v 0.334474 56.884590 12.992690
v 0.691546 57.505393 12.676348
v 1.156248 57.982493 12.264652
v 1.697638 58.281836 11.785016
v 2.278644 58.384153 11.270283
v 2.859537 58.282061 10.755650
v 3.400869 57.982102 10.276066
v 3.865929 57.505845 9.864054
v 4.222295 56.884199 9.548337
v 4.447046 56.161071 9.349222
v 4.522938 55.384615 9.281987
v 4.447046 54.608159 9.349222
v 4.222295 53.885032 9.548337
v 3.865929 53.263386 9.864054
v 3.400869 52.787128 10.276066
v 2.859537 52.487170 10.755650
v 2.278644 52.385077 11.270283
v 1.697638 52.487395 11.785016
v 1.156248 52.786738 12.264652
v 0.691546 53.263838 12.676348
v 0.334474 53.884641 12.992690
v 0.110734 54.608384 13.190909
v 2.802685 56.515876 15.718884
v 2.985973 57.239620 15.482678
v 3.278487 57.860423 15.105710
v 3.659172 58.337522 14.615115
v 4.102680 58.636866 14.043558
v 4.578641 58.739183 13.430179
v 5.054510 58.637090 12.816919
v 5.497970 58.337132 12.245425
v 5.878948 57.860874 11.754453
v 6.170884 57.239229 11.378230
v 6.355000 56.516101 11.140956
v 6.417171 55.739645 11.060836
v 6.355000 54.963189 11.140956
v 6.170884 54.240061 11.378230
v 5.878948 53.618416 11.754453
v 5.497970 53.142158 12.245425
v 5.054510 52.842200 12.816919
v 4.578641 52.740107 13.430179
v 4.102680 52.842424 14.043558
v 3.659172 53.141768 14.615115
v 3.278487 53.618867 15.105710
v 2.985973 54.239670 15.482678
v 2.802685 54.963414 15.718884
v 5.918367 56.870906 17.700849
v 6.054836 57.594649 17.434860
v 6.272630 58.215452 17.010361
v 6.556073 58.692552 16.457908
v 6.886292 58.991895 15.814285
v 7.240673 59.094212 15.123566
v 7.594986 58.992120 14.432981
v 7.925169 58.692162 13.789428
v 8.208829 58.215904 13.236550
v 8.426193 57.594258 12.812890
v 8.563279 56.871131 12.545699
v 8.609569 56.094675 12.455476
v 8.563279 55.318219 12.545699
v 8.426193 54.595091 12.812890
v 8.208829 53.973445 13.236550
v 7.925169 53.497187 13.789428
v 7.594986 53.197229 14.432981
v 7.240673 53.095137 15.123566
v 6.886292 53.197454 15.814285
v 6.556073 53.496797 16.457908
v 6.272630 53.973897 17.010361
v 6.054836 54.594700 17.434860
v 5.918367 55.318443 17.700849
v 9.347537 57.225935 19.071930
v 9.432476 57.949679 18.785338
v 9.568032 58.570482 18.327958
v 9.744449 59.047581 17.732712
v 9.949979 59.346925 17.039236
v 10.170548 59.449242 16.295015
v 10.391074 59.347149 15.550938
v 10.596582 59.047191 14.857537
v 10.773134 58.570933 14.261833
v 10.908423 57.949288 13.805357
v 10.993746 57.226160 13.517470
v 11.022557 56.449704 13.420258
v 10.993746 55.673248 13.517470
v 10.908423 54.950121 13.805357
v 10.773134 54.328475 14.261833
v 10.596582 53.852217 14.857537
v 10.391074 53.552259 15.550938
v 10.170548 53.450166 16.295015
v 9.949979 53.552484 17.039236
v 9.744449 53.851827 17.732712
v 9.568032 54.328926 18.327958
v 9.432476 54.949729 18.785338
v 9.347537 55.673473 19.071930
v 12.969504 57.580965 19.792183
v 13.000016 58.304708 19.494767
v 13.048711 58.925512 19.020114
v 13.112084 59.402611 18.402389
v 13.185915 59.701954 17.682723
v 13.265149 59.804272 16.910397
v 13.344367 59.702179 16.138220
v 13.418190 59.402221 15.418632
v 13.481612 58.925963 14.800432
v 13.530210 58.304317 14.326717
v 13.560860 57.581190 14.027957
v 13.571210 56.804734 13.927075
v 13.560860 56.028278 14.027957
v 13.530210 55.305150 14.326717
v 13.481612 54.683505 14.800432
v 13.418190 54.207247 15.418632
v 13.344367 53.907288 16.138220
v 13.265149 53.805196 16.910397
v 13.185915 53.907513 17.682723
v 13.112084 54.206857 18.402389
v 13.048711 54.683956 19.020114
v 13.000016 55.304759 19.494767
v 12.969504 56.028503 19.792183
v 16.662001 57.935994 19.825218
v 16.637026 58.659738 19.527306
v 16.597168 59.280541 19.051860
v 16.545296 59.757640 18.433105
v 16.484864 60.056984 17.712237
v 16.420010 60.159301 16.938622
v 16.355168 60.057209 16.165156
v 16.294742 59.757250 15.444367
v 16.242830 59.280992 14.825136
v 16.203051 58.659347 14.350630
v 16.177964 57.936219 14.051372
v 16.169492 57.159763 13.950321
v 16.177964 56.383307 14.051372
v 16.203051 55.660180 14.350630
v 16.242830 55.038534 14.825136
v 16.294742 54.562276 15.444367
v 16.355168 54.262318 16.165156
v 16.420010 54.160225 16.938622
v 16.484864 54.262543 17.712237
v 16.545296 54.561886 18.433105
v 16.597168 55.038985 19.051860
v 16.637026 55.659789 19.527306
v 16.662001 56.383532 19.825218
v 20.297157 58.291024 19.173622
v 20.217557 59.014768 18.885501
v 20.090521 59.635571 18.425682
v 19.925194 60.112670 17.827263
v 19.732584 60.412013 17.130089
v 19.525879 60.514331 16.381900
v 19.319215 60.412238 15.633856
v 19.126625 60.112280 14.936757
v 18.961170 59.636022 14.337877
v 18.834386 59.014377 13.878967
v 18.754426 58.291249 13.589545
v 18.727426 57.514793 13.491815
v 18.754426 56.738337 13.589545
v 18.834386 56.015209 13.878967
v 18.961170 55.393564 14.337877
v 19.126625 54.917306 14.936757
v 19.319215 54.617348 15.633856
v 19.525879 54.515255 16.381900
v 19.732584 54.617572 17.130089
v 19.925194 54.916916 17.827263
v 20.090521 55.394015 18.425682
v 20.217557 56.014818 18.885501
v 20.297157 56.738562 19.173622
v 23.751504 58.646054 17.867848
v 23.619996 59.369797 17.599350
v 23.410119 59.990600 17.170845
v 23.136980 60.467700 16.613180
v 22.818765 60.767043 15.963485
v 22.477266 60.869360 15.266250
v 22.135833 60.767268 14.569149
v 21.817653 60.467310 13.919525
v 21.544303 59.991052 13.361431
v 21.334841 59.369406 12.933774
v 21.202738 58.646279 12.664061
v 21.158131 57.869822 12.572988
v 21.202738 57.093366 12.664061
v 21.334841 56.370239 12.933774
v 21.544303 55.748593 13.361431
v 21.817653 55.272335 13.919525
v 22.135833 54.972377 14.569149
v 22.477266 54.870285 15.266250
v 22.818765 54.972602 15.963485
v 23.136980 55.271945 16.613180
v 23.410119 55.749045 17.170845
v 23.619996 56.369848 17.599350
v 23.751504 57.093591 17.867848
v 26.902143 59.001083 15.941954
v 26.723291 59.724827 15.702395
v 26.437855 60.345630 15.320078
v 26.066383 60.822729 14.822520
v 25.633607 61.122073 14.242853
v 25.169164 61.224390 13.620770
v 24.704812 61.122297 12.998807
v 24.272083 60.822339 12.419202
v 23.900325 60.346081 11.921262
v 23.615454 59.724436 11.539701
v 23.435793 59.001308 11.299059
v 23.375127 58.224852 11.217802
v 23.435793 57.448396 11.299059
v 23.615454 56.725268 11.539701
v 23.900325 56.103623 11.921262
v 24.272083 55.627365 12.419202
v 24.704812 55.327407 12.998807
v 25.169164 55.225314 13.620770
v 25.633607 55.327632 14.242853
v 26.066383 55.626975 14.822520
v 26.437855 56.104074 15.320078
v 26.723291 56.724877 15.702395
v 26.902143 57.448621 15.941954
v 29.641564 59.356113 13.465187
v 29.421547 60.079856 13.262846
v 29.070415 60.700659 12.939926
v 28.613443 61.177759 12.519670
v 28.081060 61.477102 12.030061
v 27.509720 61.579420 11.504625
v 26.938491 61.477327 10.979292
v 26.406165 61.177369 10.489735
v 25.948842 60.701111 10.069156
v 25.598404 60.079465 9.746875
v 25.377392 59.356338 9.543620
v 25.302763 58.579882 9.474987
v 25.377392 57.803426 9.543620
v 25.598404 57.080298 9.746875
v 25.948842 56.458652 10.069156
v 26.406165 55.982395 10.489735
v 26.938491 55.682436 10.979292
v 27.509720 55.580344 11.504625
v 28.081060 55.682661 12.030061
v 28.613443 55.982005 12.519670
v 29.070415 56.459104 12.939926
v 29.421547 57.079907 13.262846
v 29.641564 57.803651 13.465187
v 31.881428 59.711142 10.529079
v 31.627752 60.434886 10.370859
v 31.222904 61.055689 10.118352
v 30.696025 61.532788 9.789734
v 30.082198 61.832132 9.406885
v 29.423454 61.934449 8.996021
v 28.764838 61.832357 8.585238
v 28.151077 61.532398 8.202430
v 27.623793 61.056140 7.873559
v 27.219746 60.434495 7.621551
v 26.964923 59.711367 7.462617
v 26.878877 58.934911 7.408949
v 26.964923 58.158455 7.462617
v 27.219746 57.435328 7.621551
v 27.623793 56.813682 7.873559
v 28.151077 56.337424 8.202430
v 28.764838 56.037466 8.585238
v 29.423454 55.935373 8.996021
v 30.082198 56.037691 9.406885
v 30.696025 56.337034 9.789734
v 31.222904 56.814133 10.118352
v 31.627752 57.434936 10.370859
v 31.881428 58.158680 10.529079
v 33.536350 60.066172 7.227833
v 33.257806 60.789916 7.119220
v 32.813270 61.410719 6.945884
v 32.234740 61.887818 6.720299
v 31.560738 62.187161 6.457487
v 30.837416 62.289479 6.175444
v 30.114235 62.187386 5.893456
v 29.440305 61.887428 5.630672
v 28.861331 61.411170 5.404914
v 28.417673 60.789524 5.231920
v 28.137870 60.066397 5.122817
v 28.043389 59.289941 5.085976
v 28.137870 58.513485 5.122817
v 28.417673 57.790357 5.231920
v 28.861331 57.168712 5.404914
v 29.440305 56.692454 5.630672
v 30.114235 56.392495 5.893456
v 30.837416 56.290403 6.175444
v 31.560738 56.392720 6.457487
v 32.234740 56.692064 6.720299
v 32.813270 57.169163 6.945884
v 33.257806 57.789966 7.119220
v 33.536350 58.513710 7.227833
v 34.551802 60.421201 3.676888
v 34.257999 61.144945 3.621636
v 33.789110 61.765748 3.533458
v 33.178888 62.242848 3.418700
v 32.467962 62.542191 3.285004
v 31.705016 62.644508 3.141525
v 30.942218 62.542416 2.998074
v 30.231369 62.242458 2.864393
v 29.620677 61.766200 2.749547
v 29.152716 61.144554 2.661543
v 28.857585 60.421426 2.606041
v 28.757928 59.644970 2.587299
v 28.857585 58.868514 2.606041
v 29.152716 58.145387 2.661543
v 29.620677 57.523741 2.749547
v 30.231369 57.047483 2.864393
v 30.942218 56.747525 2.998074
v 31.705016 56.645433 3.141525
v 32.467962 56.747750 3.285004
v 33.178888 57.047093 3.418700
v 33.789110 57.524193 3.533458
v 34.257999 58.144996 3.621636
v 34.551802 58.868739 3.676888
vt -0.942478 0.000000 0.000000
vt -0.863938 0.000000 0.000000
vt -0.942478 0.173397 0.000000
vt -0.863938 0.262661 0.000000
vt -0.942478 0.346794 0.000000
vt -0.863938 0.525321 0.000000
vt -0.942478 0.520191 0.000000
vt -0.942478 0.693589 0.000000
vt -0.863938 0.787982 0.000000
vt -0.942478 0.866986 0.000000
vt -0.863938 1.050643 0.000000
vt -0.942478 1.040383 0.000000
vt -0.942478 1.213780 0.000000
vt -0.863938 1.313304 0.000000
vt -0.942478 1.387177 0.000000
vt -0.863938 1.575964 0.000000
vt -0.942478 1.560574 0.000000
vt -0.942478 1.733971 0.000000
vt -0.863938 1.838625 0.000000
vt -0.942478 1.907368 0.000000
vt -0.863938 2.101286 0.000000
vt -0.942478 2.080766 0.000000
vt -0.942478 2.254163 0.000000
vt -0.863938 2.363947 0.000000
vt -0.942478 2.427560 0.000000
vt -0.863938 2.626607 0.000000
vt -0.942478 2.600957 0.000000
vt -0.942478 2.774354 0.000000
vt -0.863938 2.889268 0.000000
vt -0.942478 2.947751 0.000000
vt -0.863938 3.151929 0.000000
vt -0.942478 3.121148 0.000000
vt -0.942478 3.294546 0.000000
vt -0.863938 3.414590 0.000000
vt -0.942478 3.467943 0.000000
vt -0.863938 3.677250 0.000000
vt -0.942478 3.641340 0.000000
vt -0.942478 3.814737 0.000000
vt -0.863938 3.939911 0.000000
vt -0.942478 3.988134 0.000000
vt -0.863938 4.202572 0.000000
vt -0.942478 4.161531 0.000000
vt -0.942478 4.334928 0.000000
vt -0.863938 4.465233 0.000000
vt -0.942478 4.508325 0.000000
vt -0.942478 4.681723 0.000000
vt -0.863938 4.727893 0.000000
vt -0.942478 4.855120 0.000000
vt -0.863938 4.990554 0.000000
vt -0.942478 5.028517 0.000000
vt -0.942478 5.201914 0.000000
vt -0.863938 5.253215 0.000000
vt -0.942478 5.375311 0.000000
vt -0.863938 5.515876 0.000000
vt -0.942478 5.548708 0.000000
vt -0.942478 5.722105 0.000000
vt -0.863938 5.778536 0.000000
vt -0.942478 5.895503 0.000000
vt -0.863938 6.041197 0.000000
vt -0.942478 6.068900 0.000000
vt -0.942478 6.242297 0.000000
vt -0.863938 6.303858 0.000000
vt -0.942478 6.415694 0.000000
vt -0.863938 6.566519 0.000000
vt -0.942478 6.589091 0.000000
vt -0.942478 6.762488 0.000000
vt -0.863938 6.829179 0.000000
vt -0.942478 6.935885 0.000000
vt -0.863938 7.091840 0.000000
vt -0.942478 7.109282 0.000000
vt -0.942478 7.282680 0.000000
vt -0.863938 7.354501 0.000000
vt -0.942478 7.456077 0.000000
vt -0.863938 7.617162 0.000000
vt -0.942478 7.629474 0.000000
vt -0.942478 7.802871 0.000000
vt -0.863938 7.879822 0.000000
vt -0.942478 7.976268 0.000000
vt -0.863938 8.142483 0.000000
vt -0.942478 8.149665 0.000000
vt -0.942478 8.323062 0.000000
vt -0.863938 8.405144 0.000000
vt -0.942478 8.496460 0.000000
vt -0.863938 8.669857 0.000000
vt -0.942478 8.669857 0.000000
vt -0.942478 8.843254 0.000000
vt -0.863938 8.930465 0.000000
vt -0.942478 9.016651 0.000000
vt -0.863938 9.193126 0.000000
vt -0.942478 9.190048 0.000000
vt -0.942478 9.363445 0.000000
vt -0.863938 9.455787 0.000000
vt -0.942478 9.536842 0.000000
vt -0.863938 9.718448 0.000000
vt -0.942478 9.710239 0.000000
vt -0.942478 9.883637 0.000000
vt -0.863938 9.981108 0.000000
vt -0.942478 10.057034 0.000000
vt -0.863938 10.243769 0.000000
vt -0.942478 10.230431 0.000000
vt -0.942478 10.403828 0.000000
vt -0.863938 10.506430 0.000000
vt -0.942478 10.577225 0.000000
vt -0.863938 10.769091 0.000000
vt -0.942478 10.750622 0.000000
vt -0.942478 10.924019 0.000000
vt -0.863938 11.031751 0.000000
vt -0.942478 11.097417 0.000000
vt -0.863938 11.294412 0.000000
vt -0.942478 11.270814 0.000000
vt -0.942478 11.444211 0.000000
vt -0.863938 11.557073 0.000000
vt -0.942478 11.617608 0.000000
vt -0.863938 11.819734 0.000000
vt -0.942478 11.791005 0.000000
vt -0.942478 11.964402 0.000000
vt -0.863938 12.082394 0.000000
vt -0.942478 12.137799 0.000000
vt -0.863938 12.345055 0.000000
vt -0.942478 12.311196 0.000000
vt -0.942478 12.484594 0.000000
vt -0.863938 12.607716 0.000000
vt -0.942478 12.657991 0.000000
vt -0.863938 12.870377 0.000000
vt -0.942478 12.831388 0.000000
vt -0.942478 13.004785 0.000000
vt -0.863938 13.133037 0.000000
vt -0.942478 13.178182 0.000000
vt -0.942478 13.351579 0.000000
vt -0.863938 13.395698 0.000000
vt -0.942478 13.524976 0.000000
vt -0.863938 13.658359 0.000000
vt -0.942478 13.698374 0.000000
vt -0.942478 13.871771 0.000000
vt -0.863938 13.921020 0.000000
vt -0.942478 14.045168 0.000000
vt -0.863938 14.183680 0.000000
vt -0.942478 14.218565 0.000000
vt -0.942478 14.391962 0.000000
vt -0.863938 14.446341 0.000000
vt -0.942478 14.565359 0.000000
vt -0.863938 14.709002 0.000000
vt -0.942478 14.738756 0.000000
vt -0.942478 14.912153 0.000000
vt -0.863938 14.971663 0.000000
vt -0.942478 15.085551 0.000000
vt -0.863938 15.234323 0.000000
vt -0.942478 15.258948 0.000000
vt -0.942478 15.432345 0.000000
vt -0.863938 15.496984 0.000000
vt -0.942478 15.605742 0.000000
vt -0.863938 15.759645 0.000000
vt -0.942478 15.779139 0.000000
vt -0.942478 15.952536 0.000000
vt -0.863938 16.022306 0.000000
vt -0.942478 16.125933 0.000000
vt -0.863938 16.284966 0.000000
vt -0.942478 16.299331 0.000000
vt -0.942478 16.472728 0.000000
vt -0.863938 16.547627 0.000000
vt -0.942478 16.646125 0.000000
vt -0.863938 16.810288 0.000000
vt -0.942478 16.819522 0.000000
vt -0.942478 16.992919 0.000000
vt -0.863938 17.072949 0.000000
vt -0.942478 17.166316 0.000000
vt -0.863938 17.335609 0.000000
vt -0.942478 17.339713 0.000000
vt -0.942478 17.513110 0.000000
vt -0.863938 17.598270 0.000000
vt -0.942478 17.686508 0.000000
vt -0.863938 17.859905 0.000000
vt -0.942478 17.859905 0.000000
vt -0.942478 18.033302 0.000000
vt -0.863938 18.123592 0.000000
vt -0.942478 18.206699 0.000000
vt -0.863938 18.386252 0.000000
vt -0.942478 18.380096 0.000000
vt -0.942478 18.553493 0.000000
vt -0.863938 18.648913 0.000000
vt -0.942478 18.726890 0.000000
vt -0.863938 18.911574 0.000000
vt -0.942478 18.900288 0.000000
vt -0.942478 19.073685 0.000000
vt -0.863938 19.174234 0.000000
vt -0.942478 19.247082 0.000000
vt -0.863938 19.436895 0.000000
vt -0.942478 19.420479 0.000000
vt -0.942478 19.593876 0.000000
vt -0.863938 19.699556 0.000000
vt -0.942478 19.767273 0.000000
vt -0.863938 19.962217 0.000000
vt -0.942478 19.940670 0.000000
vt -0.942478 20.114067 0.000000
vt -0.863938 20.224877 0.000000
vt -0.942478 20.287465 0.000000
vt -0.863938 20.487538 0.000000
vt -0.942478 20.460862 0.000000
vt -0.942478 20.634259 0.000000
vt -0.863938 20.750199 0.000000
vt -0.942478 20.807656 0.000000
vt -0.863938 21.012860 0.000000
vt -0.942478 20.981053 0.000000
vt -0.942478 21.154450 0.000000
vt -0.863938 21.275520 0.000000
vt -0.942478 21.327847 0.000000
vt -0.863938 21.538181 0.000000
vt -0.942478 21.501245 0.000000
vt -0.942478 21.674642 0.000000
vt -0.863938 21.800842 0.000000
vt -0.942478 21.848039 0.000000
vt -0.863938 22.063503 0.000000
vt -0.942478 22.021436 0.000000
vt -0.942478 22.194833 0.000000
vt -0.863938 22.326163 0.000000
vt -0.942478 22.368230 0.000000
vt -0.942478 22.541627 0.000000
vt -0.863938 22.588824 0.000000
vt -0.942478 22.715024 0.000000
vt -0.863938 22.851485 0.000000
vt -0.942478 22.888422 0.000000
vt -0.942478 23.061819 0.000000
vt -0.863938 23.114146 0.000000
vt -0.942478 23.235216 0.000000
vt -0.863938 23.376806 0.000000
vt -0.942478 23.408613 0.000000
vt -0.942478 23.582010 0.000000
vt -0.863938 23.639467 0.000000
vt -0.942478 23.755407 0.000000
vt -0.863938 23.902128 0.000000
vt -0.942478 23.928804 0.000000
vt -0.942478 24.102202 0.000000
vt -0.863938 24.164789 0.000000
vt -0.942478 24.275599 0.000000
vt -0.863938 24.427449 0.000000
vt -0.942478 24.448996 0.000000
vt -0.942478 24.622393 0.000000
vt -0.863938 24.690110 0.000000
vt -0.942478 24.795790 0.000000
vt -0.863938 24.952771 0.000000
vt -0.942478 24.969187 0.000000
vt -0.942478 25.142584 0.000000
vt -0.863938 25.215432 0.000000
vt -0.942478 25.315981 0.000000
vt -0.863938 25.478092 0.000000
vt -0.942478 25.489379 0.000000
vt -0.942478 25.662776 0.000000
vt -0.863938 25.740753 0.000000
vt -0.942478 25.836173 0.000000
vt -0.863938 26.003414 0.000000
vt -0.942478 26.009570 0.000000
vt -0.942478 26.182967 0.000000
vt -0.863938 26.266075 0.000000
vt -0.942478 26.356364 0.000000
vt -0.863938 26.529761 0.000000
vt -0.942478 26.529761 0.000000
vt -0.942478 26.703159 0.000000
vt -0.863938 26.791396 0.000000
vt -0.942478 26.876556 0.000000
vt -0.863938 27.054057 0.000000
vt -0.942478 27.049953 0.000000
vt -0.942478 27.223350 0.000000
vt -0.863938 27.316718 0.000000
vt -0.942478 27.396747 0.000000
vt -0.863938 27.579378 0.000000
vt -0.942478 27.570144 0.000000
vt -0.942478 27.743541 0.000000
vt -0.863938 27.842039 0.000000
vt -0.942478 27.916938 0.000000
vt -0.863938 28.104700 0.000000
vt -0.942478 28.090336 0.000000
vt -0.942478 28.263733 0.000000
vt -0.863938 28.367361 0.000000
vt -0.942478 28.437130 0.000000
vt -0.863938 28.630021 0.000000
vt -0.942478 28.610527 0.000000
vt -0.942478 28.783924 0.000000
vt -0.863938 28.892682 0.000000
vt -0.942478 28.957321 0.000000
vt -0.863938 29.155343 0.000000
vt -0.942478 29.130718 0.000000
vt -0.942478 29.304116 0.000000
vt -0.863938 29.418004 0.000000
vt -0.942478 29.477513 0.000000
vt -0.863938 29.680664 0.000000
vt -0.942478 29.650910 0.000000
vt -0.942478 29.824307 0.000000
vt -0.863938 29.943325 0.000000
vt -0.942478 29.997704 0.000000
vt -0.863938 30.205986 0.000000
vt -0.942478 30.171101 0.000000
vt -0.942478 30.344498 0.000000
vt -0.863938 30.468647 0.000000
vt -0.942478 30.517895 0.000000
vt -0.863938 30.731307 0.000000
vt -0.942478 30.691293 0.000000
vt -0.942478 30.864690 0.000000
vt -0.863938 30.993968 0.000000
vt -0.942478 31.038087 0.000000
vt -0.942478 31.211484 0.000000
vt -0.863938 31.256629 0.000000
vt -0.942478 31.384881 0.000000
vt -0.863938 31.519290 0.000000
vt -0.942478 31.558278 0.000000
vt -0.942478 31.731675 0.000000
vt -0.863938 31.781950 0.000000
vt -0.942478 31.905073 0.000000
vt -0.863938 32.044611 0.000000
vt -0.942478 32.078470 0.000000
vt -0.942478 32.251867 0.000000
vt -0.863938 32.307272 0.000000
vt -0.942478 32.425264 0.000000
vt -0.863938 32.569933 0.000000
vt -0.942478 32.598661 0.000000
vt -0.942478 32.772058 0.000000
vt -0.863938 32.832593 0.000000
vt -0.942478 32.945455 0.000000
vt -0.863938 33.095254 0.000000
vt -0.942478 33.118852 0.000000
vt -0.942478 33.292250 0.000000
vt -0.863938 33.357915 0.000000
vt -0.942478 33.465647 0.000000
vt -0.863938 33.620576 0.000000
vt -0.942478 33.639044 0.000000
vt -0.942478 33.812441 0.000000
vt -0.863938 33.883236 0.000000
vt -0.942478 33.985838 0.000000
vt -0.863938 34.145897 0.000000
vt -0.942478 34.159235 0.000000
vt -0.942478 34.332632 0.000000
vt -0.863938 34.408558 0.000000
vt -0.942478 34.506030 0.000000
vt -0.863938 34.671219 0.000000
vt -0.942478 34.679427 0.000000
vt -0.942478 34.852824 0.000000
vt -0.863938 34.933879 0.000000
vt -0.942478 35.026221 0.000000
vt -0.863938 35.196540 0.000000
vt -0.942478 35.199618 0.000000
vt -0.942478 35.373015 0.000000
vt -0.863938 35.459201 0.000000
vt -0.942478 35.546412 0.000000
vt -0.863938 35.719809 0.000000
vt -0.942478 35.719809 0.000000
vt -0.942478 35.893207 0.000000
vt -0.863938 35.984522 0.000000
vt -0.942478 36.066604 0.000000
vt -0.863938 36.247183 0.000000
vt -0.942478 36.240001 0.000000
vt -0.942478 36.413398 0.000000
vt -0.863938 36.509844 0.000000
vt -0.942478 36.586795 0.000000
vt -0.863938 36.772505 0.000000
vt -0.942478 36.760192 0.000000
vt -0.942478 36.933589 0.000000
vt -0.863938 37.035165 0.000000
vt -0.942478 37.106987 0.000000
vt -0.863938 37.297826 0.000000
vt -0.942478 37.280384 0.000000
vt -0.942478 37.453781 0.000000
vt -0.863938 37.560487 0.000000
vt -0.942478 37.627178 0.000000
vt -0.863938 37.823147 0.000000
vt -0.942478 37.800575 0.000000
vt -0.942478 37.973972 0.000000
vt -0.863938 38.085808 0.000000
vt -0.942478 38.147369 0.000000
vt -0.863938 38.348469 0.000000
vt -0.942478 38.320766 0.000000
vt -0.942478 38.494164 0.000000
vt -0.863938 38.611130 0.000000
vt -0.942478 38.667561 0.000000
vt -0.863938 38.873790 0.000000
vt -0.942478 38.840958 0.000000
vt -0.942478 39.014355 0.000000
vt -0.863938 39.136451 0.000000
vt -0.942478 39.187752 0.000000
vt -0.863938 39.399112 0.000000
vt -0.942478 39.361149 0.000000
vt -0.942478 39.534546 0.000000
vt -0.863938 39.661773 0.000000
vt -0.942478 39.707944 0.000000
vt -0.863938 39.924433 0.000000
vt -0.942478 39.881341 0.000000
vt -0.942478 40.054738 0.000000
vt -0.863938 40.187094 0.000000
vt -0.942478 40.228135 0.000000
vt -0.942478 40.401532 0.000000
vt -0.863938 40.449755 0.000000
vt -0.942478 40.574929 0.000000
vt -0.863938 40.712416 0.000000
vt -0.942478 40.748326 0.000000
vt -0.942478 40.921723 0.000000
vt -0.863938 40.975076 0.000000
vt -0.942478 41.095121 0.000000
vt -0.863938 41.237737 0.000000
vt -0.942478 41.268518 0.000000
vt -0.942478 41.441915 0.000000
vt -0.863938 41.500398 0.000000
vt -0.942478 41.615312 0.000000
vt -0.863938 41.763059 0.000000
vt -0.942478 41.788709 0.000000
vt -0.942478 41.962106 0.000000
vt -0.863938 42.025719 0.000000
vt -0.942478 42.135503 0.000000
vt -0.863938 42.288380 0.000000
vt -0.942478 42.308901 0.000000
vt -0.942478 42.482298 0.000000
vt -0.863938 42.551041 0.000000
vt -0.942478 42.655695 0.000000
vt -0.863938 42.813702 0.000000
vt -0.942478 42.829092 0.000000
vt -0.942478 43.002489 0.000000
vt -0.863938 43.076362 0.000000
vt -0.942478 43.175886 0.000000
vt -0.863938 43.339023 0.000000
vt -0.942478 43.349283 0.000000
vt -0.942478 43.522680 0.000000
vt -0.863938 43.601684 0.000000
vt -0.942478 43.696078 0.000000
vt -0.863938 43.864345 0.000000
vt -0.942478 43.869475 0.000000
vt -0.942478 44.042872 0.000000
vt -0.863938 44.127005 0.000000
vt -0.942478 44.216269 0.000000
vt -0.863938 44.389666 0.000000
vt -0.942478 44.389666 0.000000
vt -0.785398 0.000000 0.000000
vt -0.785398 0.262661 0.000000
vt -0.785398 0.525321 0.000000
vt -0.785398 0.787982 0.000000
vt -0.785398 1.050643 0.000000
vt -0.785398 1.313304 0.000000
vt -0.785398 1.575964 0.000000
vt -0.785398 1.838625 0.000000
vt -0.785398 2.101286 0.000000
vt -0.785398 2.363947 0.000000
vt -0.785398 2.626607 0.000000
vt -0.785398 2.889268 0.000000
vt -0.785398 3.151929 0.000000
vt -0.785398 3.414590 0.000000
vt -0.785398 3.677250 0.000000
vt -0.785398 3.939911 0.000000
vt -0.785398 4.202572 0.000000
vt -0.785398 4.465233 0.000000
vt -0.785398 4.727893 0.000000
vt -0.785398 4.990554 0.000000
vt -0.785398 5.253215 0.000000
vt -0.785398 5.515876 0.000000
vt -0.785398 5.778536 0.000000
vt -0.785398 6.041197 0.000000
vt -0.785398 6.303858 0.000000
vt -0.785398 6.566519 0.000000
vt -0.785398 6.829179 0.000000
vt -0.785398 7.091840 0.000000
vt -0.785398 7.354501 0.000000
vt -0.785398 7.617162 0.000000
vt -0.785398 7.879822 0.000000
vt -0.785398 8.142483 0.000000
vt -0.785398 8.405144 0.000000
vt -0.785398 8.669857 0.000000
vt -0.785398 8.930465 0.000000
vt -0.785398 9.193126 0.000000
vt -0.785398 9.455787 0.000000
vt -0.785398 9.718448 0.000000
vt -0.785398 9.981108 0.000000
vt -0.785398 10.243769 0.000000
vt -0.785398 10.506430 0.000000
vt -0.785398 10.769091 0.000000
vt -0.785398 11.031751 0.000000
vt -0.785398 11.294412 0.000000
vt -0.785398 11.557073 0.000000
vt -0.785398 11.819734 0.000000
vt -0.785398 12.082394 0.000000
vt -0.785398 12.345055 0.000000
vt -0.785398 12.607716 0.000000
vt -0.785398 12.870377 0.000000
vt -0.785398 13.133037 0.000000
vt -0.785398 13.395698 0.000000
vt -0.785398 13.658359 0.000000
vt -0.785398 13.921020 0.000000
vt -0.785398 14.183680 0.000000
vt -0.785398 14.446341 0.000000
vt -0.785398 14.709002 0.000000
vt -0.785398 14.971663 0.000000
vt -0.785398 15.234323 0.000000
vt -0.785398 15.496984 0.000000
vt -0.785398 15.759645 0.000000
vt -0.785398 16.022306 0.000000
vt -0.785398 16.284966 0.000000
vt -0.785398 16.547627 0.000000
vt -0.785398 16.810288 0.000000
vt -0.785398 17.072949 0.000000
vt -0.785398 17.335609 0.000000
vt -0.785398 17.598270 0.000000
vt -0.785398 17.859905 0.000000
vt -0.785398 18.123592 0.000000
vt -0.785398 18.386252 0.000000
vt -0.785398 18.648913 0.000000
vt -0.785398 18.911574 0.000000
vt -0.785398 19.174234 0.000000
vt -0.785398 19.436895 0.000000
vt -0.785398 19.699556 0.000000
vt -0.785398 19.962217 0.000000
vt -0.785398 20.224877 0.000000
vt -0.785398 20.487538 0.000000
vt -0.785398 20.750199 0.000000
vt -0.785398 21.012860 0.000000
vt -0.785398 21.275520 0.000000
vt -0.785398 21.538181 0.000000
vt -0.785398 21.800842 0.000000
vt -0.785398 22.063503 0.000000
vt -0.785398 22.326163 0.000000
vt -0.785398 22.588824 0.000000
vt -0.785398 22.851485 0.000000
vt -0.785398 23.114146 0.000000
vt -0.785398 23.376806 0.000000
vt -0.785398 23.639467 0.000000
vt -0.785398 23.902128 0.000000
vt -0.785398 24.164789 0.000000
vt -0.785398 24.427449 0.000000
vt -0.785398 24.690110 0.000000
vt -0.785398 24.952771 0.000000
vt -0.785398 25.215432 0.000000
vt -0.785398 25.478092 0.000000
vt -0.785398 25.740753 0.000000
vt -0.785398 26.003414 0.000000
vt -0.785398 26.266075 0.000000
vt -0.785398 26.529761 0.000000
vt -0.785398 26.791396 0.000000
vt -0.785398 27.054057 0.000000
vt -0.785398 27.316718 0.000000
vt -0.785398 27.579378 0.000000
vt -0.785398 27.842039 0.000000
vt -0.785398 28.104700 0.000000
vt -0.785398 28.367361 0.000000
vt -0.785398 28.630021 0.000000
vt -0.785398 28.892682 0.000000
vt -0.785398 29.155343 0.000000
vt -0.785398 29.418004 0.000000
vt -0.785398 29.680664 0.000000
vt -0.785398 29.943325 0.000000
vt -0.785398 30.205986 0.000000
vt -0.785398 30.468647 0.000000
vt -0.785398 30.731307 0.000000
vt -0.785398 30.993968 0.000000
vt -0.785398 31.256629 0.000000
vt -0.785398 31.519290 0.000000
vt -0.785398 31.781950 0.000000
vt -0.785398 32.044611 0.000000
vt -0.785398 32.307272 0.000000
vt -0.785398 32.569933 0.000000
vt -0.785398 32.832593 0.000000
vt -0.785398 33.095254 0.000000
vt -0.785398 33.357915 0.000000
vt -0.785398 33.620576 0.000000
vt -0.785398 33.883236 0.000000
vt -0.785398 34.145897 0.000000
vt -0.785398 34.408558 0.000000
vt -0.785398 34.671219 0.000000
vt -0.785398 34.933879 0.000000
vt -0.785398 35.196540 0.000000
vt -0.785398 35.459201 0.000000
vt -0.785398 35.719809 0.000000
vt -0.785398 35.984522 0.000000
vt -0.785398 36.247183 0.000000
vt -0.785398 36.509844 0.000000
vt -0.785398 36.772505 0.000000
vt -0.785398 37.035165 0.000000
vt -0.785398 37.297826 0.000000
vt -0.785398 37.560487 0.000000
vt -0.785398 37.823147 0.000000
vt -0.785398 38.085808 0.000000
vt -0.785398 38.348469 0.000000
vt -0.785398 38.611130 0.000000
vt -0.785398 38.873790 0.000000
vt -0.785398 39.136451 0.000000
vt -0.785398 39.399112 0.000000
vt -0.785398 39.661773 0.000000
vt -0.785398 39.924433 0.000000
vt -0.785398 40.187094 0.000000
vt -0.785398 40.449755 0.000000
vt -0.785398 40.712416 0.000000
vt -0.785398 40.975076 0.000000
vt -0.785398 41.237737 0.000000
vt -0.785398 41.500398 0.000000
vt -0.785398 41.763059 0.000000
vt -0.785398 42.025719 0.000000
vt -0.785398 42.288380 0.000000
vt -0.785398 42.551041 0.000000
vt -0.785398 42.813702 0.000000
vt -0.785398 43.076362 0.000000
vt -0.785398 43.339023 0.000000
vt -0.785398 43.601684 0.000000
vt -0.785398 43.864345 0.000000
vt -0.785398 44.127005 0.000000
vt -0.785398 44.389666 0.000000
vt -0.706858 44.127005 0.000000
vt -0.706858 44.389666 0.000000
vt -0.628319 44.127005 0.000000
vt -0.628319 44.389666 0.000000
vt -0.549779 44.127005 0.000000
vt -0.549779 44.389666 0.000000
vt -0.471239 44.127005 0.000000
vt -0.471239 44.389666 0.000000
vt -0.392699 44.127005 0.000000
vt -0.392699 44.389666 0.000000
vt -0.314159 44.127005 0.000000
vt -0.314159 44.389666 0.000000
vt -0.235619 44.127005 0.000000
vt -0.235619 44.389666 0.000000
vt -0.157080 44.127005 0.000000
vt -0.157080 44.389666 0.000000
vt -0.078540 44.127005 0.000000
vt -0.078540 44.389666 0.000000
vt 0.000000 44.127005 0.000000
vt 0.000000 44.389666 0.000000
vt 0.078540 44.127005 0.000000
vt 0.078540 44.389666 0.000000
vt 0.157080 44.127005 0.000000
vt 0.157080 44.389666 0.000000
vt 0.235619 44.127005 0.000000
vt 0.235619 44.389666 0.000000
vt 0.314159 44.127005 0.000000
vt 0.314159 44.389666 0.000000
vt 0.392699 44.127005 0.000000
vt 0.392699 44.389666 0.000000
vt 0.471239 44.127005 0.000000
vt 0.471239 44.389666 0.000000
vt 0.549779 44.127005 0.000000
vt 0.549779 44.389666 0.000000
vt 0.628319 44.127005 0.000000
vt 0.628319 44.389666 0.000000
vt 0.706858 44.127005 0.000000
vt 0.706858 44.389666 0.000000
vt 0.785398 44.127005 0.000000
vt 0.785398 44.389666 0.000000
vt 0.863938 44.127005 0.000000
vt 0.863938 44.389666 0.000000
vt 0.942478 44.216269 0.000000
vt 0.942478 44.389666 0.000000
vt -0.706858 0.000000 0.000000
vt -0.706858 0.262661 0.000000
vt -0.706858 0.525321 0.000000
vt -0.706858 0.787982 0.000000
vt -0.706858 1.050643 0.000000
vt -0.706858 1.313304 0.000000
vt -0.706858 1.575964 0.000000
vt -0.706858 1.838625 0.000000
vt -0.706858 2.101286 0.000000
vt -0.706858 2.363947 0.000000
vt -0.706858 2.626607 0.000000
vt -0.706858 2.889268 0.000000
vt -0.706858 3.151929 0.000000
vt -0.706858 3.414590 0.000000
vt -0.706858 3.677250 0.000000
vt -0.706858 3.939911 0.000000
vt -0.706858 4.202572 0.000000
vt -0.706858 4.465233 0.000000
vt -0.706858 4.727893 0.000000
vt -0.706858 4.990554 0.000000
vt -0.706858 5.253215 0.000000
vt -0.706858 5.515876 0.000000
vt -0.706858 5.778536 0.000000
vt -0.706858 6.041197 0.000000
vt -0.706858 6.303858 0.000000
vt -0.706858 6.566519 0.000000
vt -0.706858 6.829179 0.000000
vt -0.706858 7.091840 0.000000
vt -0.706858 7.354501 0.000000
vt -0.706858 7.617162 0.000000
vt -0.706858 7.879822 0.000000
vt -0.706858 8.142483 0.000000
vt -0.706858 8.405144 0.000000
vt -0.706858 8.669857 0.000000
vt -0.706858 8.930465 0.000000
vt -0.706858 9.193126 0.000000
vt -0.706858 9.455787 0.000000
vt -0.706858 9.718448 0.000000
vt -0.706858 9.981108 0.000000
vt -0.706858 10.243769 0.000000
vt -0.706858 10.506430 0.000000
vt -0.706858 10.769091 0.000000
vt -0.706858 11.031751 0.000000
vt -0.706858 11.294412 0.000000
vt -0.706858 11.557073 0.000000
vt -0.706858 11.819734 0.000000
vt -0.706858 12.082394 0.000000
vt -0.706858 12.345055 0.000000
vt -0.706858 12.607716 0.000000
vt -0.706858 12.870377 0.000000
vt -0.706858 13.133037 0.000000
vt -0.706858 13.395698 0.000000
vt -0.706858 13.658359 0.000000
vt -0.706858 13.921020 0.000000
vt -0.706858 14.183680 0.000000
vt -0.706858 14.446341 0.000000
vt -0.706858 14.709002 0.000000
vt -0.706858 14.971663 0.000000
vt -0.706858 15.234323 0.000000
vt -0.706858 15.496984 0.000000
vt -0.706858 15.759645 0.000000
vt -0.706858 16.022306 0.000000
vt -0.706858 16.284966 0.000000
vt -0.706858 16.547627 0.000000
vt -0.706858 16.810288 0.000000
vt -0.706858 17.072949 0.000000
vt -0.706858 17.335609 0.000000
vt -0.706858 17.598270 0.000000
vt -0.706858 17.859905 0.000000
vt -0.706858 18.123592 0.000000
vt -0.706858 18.386252 0.000000
vt -0.706858 18.648913 0.000000
vt -0.706858 18.911574 0.000000
vt -0.706858 19.174234 0.000000
vt -0.706858 19.436895 0.000000
vt -0.706858 19.699556 0.000000
vt -0.706858 19.962217 0.000000
vt -0.706858 20.224877 0.000000
vt -0.706858 20.487538 0.000000
vt -0.706858 20.750199 0.000000
vt -0.706858 21.012860 0.000000
vt -0.706858 21.275520 0.000000
vt -0.706858 21.538181 0.000000
vt -0.706858 21.800842 0.000000
vt -0.706858 22.063503 0.000000
vt -0.706858 22.326163 0.000000
vt -0.706858 22.588824 0.000000
vt -0.706858 22.851485 0.000000
vt -0.706858 23.114146 0.000000
vt -0.706858 23.376806 0.000000
vt -0.706858 23.639467 0.000000
vt -0.706858 23.902128 0.000000
vt -0.706858 24.164789 0.000000
vt -0.706858 24.427449 0.000000
vt -0.706858 24.690110 0.000000
vt -0.706858 24.952771 0.000000
vt -0.706858 25.215432 0.000000
vt -0.706858 25.478092 0.000000
vt -0.706858 25.740753 0.000000
vt -0.706858 26.003414 0.000000
vt -0.706858 26.266075 0.000000
vt -0.706858 26.529761 0.000000
vt -0.706858 26.791396 0.000000
vt -0.706858 27.054057 0.000000
vt -0.706858 27.316718 0.000000
vt -0.706858 27.579378 0.000000
vt -0.706858 27.842039 0.000000
vt -0.706858 28.104700 0.000000
vt -0.706858 28.367361 0.000000
vt -0.706858 28.630021 0.000000
vt -0.706858 28.892682 0.000000
vt -0.706858 29.155343 0.000000
vt -0.706858 29.418004 0.000000
vt -0.706858 29.680664 0.000000
vt -0.706858 29.943325 0.000000
vt -0.706858 30.205986 0.000000
vt -0.706858 30.468647 0.000000
vt -0.706858 30.731307 0.000000
vt -0.706858 30.993968 0.000000
vt -0.706858 31.256629 0.000000
vt -0.706858 31.519290 0.000000
vt -0.706858 31.781950 0.000000
vt -0.706858 32.044611 0.000000
vt -0.706858 32.307272 0.000000
vt -0.706858 32.569933 0.000000
vt -0.706858 32.832593 0.000000
vt -0.706858 33.095254 0.000000
vt -0.706858 33.357915 0.000000
vt -0.706858 33.620576 0.000000
vt -0.706858 33.883236 0.000000
vt -0.706858 34.145897 0.000000
vt -0.706858 34.408558 0.000000
vt -0.706858 34.671219 0.000000
vt -0.706858 34.933879 0.000000
vt -0.706858 35.196540 0.000000
vt -0.706858 35.459201 0.000000
vt -0.706858 35.719809 0.000000
vt -0.706858 35.984522 0.000000
vt -0.706858 36.247183 0.000000
vt -0.706858 36.509844 0.000000
vt -0.706858 36.772505 0.000000
vt -0.706858 37.035165 0.000000
vt -0.706858 37.297826 0.000000
vt -0.706858 37.560487 0.000000
vt -0.706858 37.823147 0.000000
vt -0.706858 38.085808 0.000000
vt -0.706858 38.348469 0.000000
vt -0.706858 38.611130 0.000000
vt -0.706858 38.873790 0.000000
vt -0.706858 39.136451 0.000000
vt -0.706858 39.399112 0.000000
vt -0.706858 39.661773 0.000000
vt -0.706858 39.924433 0.000000
vt -0.706858 40.187094 0.000000
vt -0.706858 40.449755 0.000000
vt -0.706858 40.712416 0.000000
vt -0.706858 40.975076 0.000000
vt -0.706858 41.237737 0.000000
vt -0.706858 41.500398 0.000000
vt -0.706858 41.763059 0.000000
vt -0.706858 42.025719 0.000000
vt -0.706858 42.288380 0.000000
vt -0.706858 42.551041 0.000000
vt -0.706858 42.813702 0.000000
vt -0.706858 43.076362 0.000000
vt -0.706858 43.339023 0.000000
vt -0.706858 43.601684 0.000000
vt -0.706858 43.864345 0.000000
vt -0.628319 0.000000 0.000000
vt -0.628319 0.262661 0.000000
vt -0.628319 0.525321 0.000000
vt -0.628319 0.787982 0.000000
vt -0.628319 1.050643 0.000000
vt -0.628319 1.313304 0.000000
vt -0.628319 1.575964 0.000000
vt -0.628319 1.838625 0.000000
vt -0.628319 2.101286 0.000000
vt -0.628319 2.363947 0.000000
vt -0.628319 2.626607 0.000000
vt -0.628319 2.889268 0.000000
vt -0.628319 3.151929 0.000000
vt -0.628319 3.414590 0.000000
vt -0.628319 3.677250 0.000000
vt -0.628319 3.939911 0.000000
vt -0.628319 4.202572 0.000000
vt -0.628319 4.465233 0.000000
vt -0.628319 4.727893 0.000000
vt -0.628319 4.990554 0.000000
vt -0.628319 5.253215 0.000000
vt -0.628319 5.515876 0.000000
vt -0.628319 5.778536 0.000000
vt -0.628319 6.041197 0.000000
vt -0.628319 6.303858 0.000000
vt -0.628319 6.566519 0.000000
vt -0.628319 6.829179 0.000000
vt -0.628319 7.091840 0.000000
vt -0.628319 7.354501 0.000000
vt -0.628319 7.617162 0.000000
vt -0.628319 7.879822 0.000000
vt -0.628319 8.142483 0.000000
vt -0.628319 8.405144 0.000000
vt -0.628319 8.669857 0.000000
vt -0.628319 8.930465 0.000000
vt -0.628319 9.193126 0.000000
vt -0.628319 9.455787 0.000000
vt -0.628319 9.718448 0.000000
vt -0.628319 9.981108 0.000000
vt -0.628319 10.243769 0.000000
vt -0.628319 10.506430 0.000000
vt -0.628319 10.769091 0.000000
vt -0.628319 11.031751 0.000000
vt -0.628319 11.294412 0.000000
vt -0.628319 11.557073 0.000000
vt -0.628319 11.819734 0.000000
vt -0.628319 12.082394 0.000000
vt -0.628319 12.345055 0.000000
vt -0.628319 12.607716 0.000000
vt -0.628319 12.870377 0.000000
vt -0.628319 13.133037 0.000000
vt -0.628319 13.395698 0.000000
vt -0.628319 13.658359 0.000000
vt -0.628319 13.921020 0.000000
vt -0.628319 14.183680 0.000000
vt -0.628319 14.446341 0.000000
vt -0.628319 14.709002 0.000000
vt -0.628319 14.971663 0.000000
vt -0.628319 15.234323 0.000000
vt -0.628319 15.496984 0.000000
vt -0.628319 15.759645 0.000000
vt -0.628319 16.022306 0.000000
vt -0.628319 16.284966 0.000000
vt -0.628319 16.547627 0.000000
vt -0.628319 16.810288 0.000000
vt -0.628319 17.072949 0.000000
vt -0.628319 17.335609 0.000000
vt -0.628319 17.598270 0.000000
vt -0.628319 17.859905 0.000000
vt -0.628319 18.123592 0.000000
vt -0.628319 18.386252 0.000000
vt -0.628319 18.648913 0.000000
vt -0.628319 18.911574 0.000000
vt -0.628319 19.174234 0.000000
vt -0.628319 19.436895 0.000000
vt -0.628319 19.699556 0.000000
vt -0.628319 19.962217 0.000000
vt -0.628319 20.224877 0.000000
vt -0.628319 20.487538 0.000000
vt -0.628319 20.750199 0.000000
vt -0.628319 21.012860 0.000000
vt -0.628319 21.275520 0.000000
vt -0.628319 21.538181 0.000000
vt -0.628319 21.800842 0.000000
vt -0.628319 22.063503 0.000000
vt -0.628319 22.326163 0.000000
vt -0.628319 22.588824 0.000000
vt -0.628319 22.851485 0.000000
vt -0.628319 23.114146 0.000000
vt -0.628319 23.376806 0.000000
vt -0.628319 23.639467 0.000000
vt -0.628319 23.902128 0.000000
vt -0.628319 24.164789 0.000000
vt -0.628319 24.427449 0.000000
vt -0.628319 24.690110 0.000000
vt -0.628319 24.952771 0.000000
vt -0.628319 25.215432 0.000000
vt -0.628319 25.478092 0.000000
vt -0.628319 25.740753 0.000000
vt -0.628319 26.003414 0.000000
vt -0.628319 26.266075 0.000000
vt -0.628319 26.529761 0.000000
vt -0.628319 26.791396 0.000000
vt -0.628319 27.054057 0.000000
vt -0.628319 27.316718 0.000000
vt -0.628319 27.579378 0.000000
vt -0.628319 27.842039 0.000000
vt -0.628319 28.104700 0.000000
vt -0.628319 28.367361 0.000000
vt -0.628319 28.630021 0.000000
vt -0.628319 28.892682 0.000000
vt -0.628319 29.155343 0.000000
vt -0.628319 29.418004 0.000000
vt -0.628319 29.680664 0.000000
vt -0.628319 29.943325 0.000000
vt -0.628319 30.205986 0.000000
vt -0.628319 30.468647 0.000000
vt -0.628319 30.731307 0.000000
vt -0.628319 30.993968 0.000000
vt -0.628319 31.256629 0.000000
vt -0.628319 31.519290 0.000000
vt -0.628319 31.781950 0.000000
vt -0.628319 32.044611 0.000000
vt -0.628319 32.307272 0.000000
vt -0.628319 32.569933 0.000000
vt -0.628319 32.832593 0.000000
vt -0.628319 33.095254 0.000000
vt -0.628319 33.357915 0.000000
vt -0.628319 33.620576 0.000000
vt -0.628319 33.883236 0.000000
vt -0.628319 34.145897 0.000000
vt -0.628319 34.408558 0.000000
vt -0.628319 34.671219 0.000000
vt -0.628319 34.933879 0.000000
vt -0.628319 35.196540 0.000000
vt -0.628319 35.459201 0.000000
vt -0.628319 35.719809 0.000000
vt -0.628319 35.984522 0.000000
vt -0.628319 36.247183 0.000000
vt -0.628319 36.509844 0.000000
vt -0.628319 36.772505 0.000000
vt -0.628319 37.035165 0.000000
vt -0.628319 37.297826 0.000000
vt -0.628319 37.560487 0.000000
vt -0.628319 37.823147 0.000000
vt -0.628319 38.085808 0.000000
vt -0.628319 38.348469 0.000000
vt -0.628319 38.611130 0.000000
vt -0.628319 38.873790 0.000000
vt -0.628319 39.136451 0.000000
vt -0.628319 39.399112 0.000000
vt -0.628319 39.661773 0.000000
vt -0.628319 39.924433 0.000000
vt -0.628319 40.187094 0.000000
vt -0.628319 40.449755 0.000000
vt -0.628319 40.712416 0.000000
vt -0.628319 40.975076 0.000000
vt -0.628319 41.237737 0.000000
vt -0.628319 41.500398 0.000000
vt -0.628319 41.763059 0.000000
vt -0.628319 42.025719 0.000000
vt -0.628319 42.288380 0.000000
vt -0.628319 42.551041 0.000000
vt -0.628319 42.813702 0.000000
vt -0.628319 43.076362 0.000000
vt -0.628319 43.339023 0.000000
vt -0.628319 43.601684 0.000000
vt -0.628319 43.864345 0.000000
vt -0.549779 0.000000 0.000000
vt -0.549779 0.262661 0.000000
vt -0.549779 0.525321 0.000000
vt -0.549779 0.787982 0.000000
vt -0.549779 1.050643 0.000000
vt -0.549779 1.313304 0.000000
vt -0.549779 1.575964 0.000000
vt -0.549779 1.838625 0.000000
vt -0.549779 2.101286 0.000000
vt -0.549779 2.363947 0.000000
vt -0.549779 2.626607 0.000000
vt -0.549779 2.889268 0.000000
vt -0.549779 3.151929 0.000000
vt -0.549779 3.414590 0.000000
vt -0.549779 3.677250 0.000000
vt -0.549779 3.939911 0.000000
vt -0.549779 4.202572 0.000000
vt -0.549779 4.465233 0.000000
vt -0.549779 4.727893 0.000000
vt -0.549779 4.990554 0.000000
vt -0.549779 5.253215 0.000000
vt -0.549779 5.515876 0.000000
vt -0.549779 5.778536 0.000000
vt -0.549779 6.041197 0.000000
vt -0.549779 6.303858 0.000000
vt -0.549779 6.566519 0.000000
vt -0.549779 6.829179 0.000000
vt -0.549779 7.091840 0.000000
vt -0.549779 7.354501 0.000000
vt -0.549779 7.617162 0.000000
vt -0.549779 7.879822 0.000000
vt -0.549779 8.142483 0.000000
vt -0.549779 8.405144 0.000000
vt -0.549779 8.669857 0.000000
vt -0.549779 8.930465 0.000000
vt -0.549779 9.193126 0.000000
vt -0.549779 9.455787 0.000000
vt -0.549779 9.718448 0.000000
vt -0.549779 9.981108 0.000000
vt -0.549779 10.243769 0.000000
vt -0.549779 10.506430 0.000000
vt -0.549779 10.769091 0.000000
vt -0.549779 11.031751 0.000000
vt -0.549779 11.294412 0.000000
vt -0.549779 11.557073 0.000000
vt -0.549779 11.819734 0.000000
vt -0.549779 12.082394 0.000000
vt -0.549779 12.345055 0.000000
vt -0.549779 12.607716 0.000000
vt -0.549779 12.870377 0.000000
vt -0.549779 13.133037 0.000000
vt -0.549779 13.395698 0.000000
vt -0.549779 13.658359 0.000000
vt -0.549779 13.921020 0.000000
vt -0.549779 14.183680 0.000000
vt -0.549779 14.446341 0.000000
vt -0.549779 14.709002 0.000000
vt -0.549779 14.971663 0.000000
vt -0.549779 15.234323 0.000000
vt -0.549779 15.496984 0.000000
vt -0.549779 15.759645 0.000000
vt -0.549779 16.022306 0.000000
vt -0.549779 16.284966 0.000000
vt -0.549779 16.547627 0.000000
vt -0.549779 16.810288 0.000000
vt -0.549779 17.072949 0.000000
vt -0.549779 17.335609 0.000000
vt -0.549779 17.598270 0.000000
vt -0.549779 17.859905 0.000000
vt -0.549779 18.123592 0.000000
vt -0.549779 18.386252 0.000000
vt -0.549779 18.648913 0.000000
vt -0.549779 18.911574 0.000000
vt -0.549779 19.174234 0.000000
vt -0.549779 19.436895 0.000000
vt -0.549779 19.699556 0.000000
vt -0.549779 19.962217 0.000000
vt -0.549779 20.224877 0.000000
vt -0.549779 20.487538 0.000000
vt -0.549779 20.750199 0.000000
vt -0.549779 21.012860 0.000000
vt -0.549779 21.275520 0.000000
vt -0.549779 21.538181 0.000000
vt -0.549779 21.800842 0.000000
vt -0.549779 22.063503 0.000000
vt -0.549779 22.326163 0.000000
vt -0.549779 22.588824 0.000000
vt -0.549779 22.851485 0.000000
vt -0.549779 23.114146 0.000000
vt -0.549779 23.376806 0.000000
vt -0.549779 23.639467 0.000000
vt -0.549779 23.902128 0.000000
vt -0.549779 24.164789 0.000000
vt -0.549779 24.427449 0.000000
vt -0.549779 24.690110 0.000000
vt -0.549779 24.952771 0.000000
vt -0.549779 25.215432 0.000000
vt -0.549779 25.478092 0.000000
vt -0.549779 25.740753 0.000000
vt -0.549779 26.003414 0.000000
vt -0.549779 26.266075 0.000000
vt -0.549779 26.529761 0.000000
vt -0.549779 26.791396 0.000000
vt -0.549779 27.054057 0.000000
vt -0.549779 27.316718 0.000000
vt -0.549779 27.579378 0.000000
vt -0.549779 27.842039 0.000000
vt -0.549779 28.104700 0.000000
vt -0.549779 28.367361 0.000000
vt -0.549779 28.630021 0.000000
vt -0.549779 28.892682 0.000000
vt -0.549779 29.155343 0.000000
vt -0.549779 29.418004 0.000000
vt -0.549779 29.680664 0.000000
vt -0.549779 29.943325 0.000000
vt -0.549779 30.205986 0.000000
vt -0.549779 30.468647 0.000000
vt -0.549779 30.731307 0.000000
vt -0.549779 30.993968 0.000000
vt -0.549779 31.256629 0.000000
vt -0.549779 31.519290 0.000000
vt -0.549779 31.781950 0.000000
vt -0.549779 32.044611 0.000000
vt -0.549779 32.307272 0.000000
vt -0.549779 32.569933 0.000000
vt -0.549779 32.832593 0.000000
vt -0.549779 33.095254 0.000000
vt -0.549779 33.357915 0.000000
vt -0.549779 33.620576 0.000000
vt -0.549779 33.883236 0.000000
vt -0.549779 34.145897 0.000000
vt -0.549779 34.408558 0.000000
vt -0.549779 34.671219 0.000000
vt -0.549779 34.933879 0.000000
vt -0.549779 35.196540 0.000000
vt -0.549779 35.459201 0.000000
vt -0.549779 35.719809 0.000000
vt -0.549779 35.984522 0.000000
vt -0.549779 36.247183 0.000000
vt -0.549779 36.509844 0.000000
vt -0.549779 36.772505 0.000000
vt -0.549779 37.035165 0.000000
vt -0.549779 37.297826 0.000000
vt -0.549779 37.560487 0.000000
vt -0.549779 37.823147 0.000000
vt -0.549779 38.085808 0.000000
vt -0.549779 38.348469 0.000000
vt -0.549779 38.611130 0.000000
vt -0.549779 38.873790 0.000000
vt -0.549779 39.136451 0.000000
vt -0.549779 39.399112 0.000000
vt -0.549779 39.661773 0.000000
vt -0.549779 39.924433 0.000000
vt -0.549779 40.187094 0.000000
vt -0.549779 40.449755 0.000000
vt -0.549779 40.712416 0.000000
vt -0.549779 40.975076 0.000000
vt -0.549779 41.237737 0.000000
vt -0.549779 41.500398 0.000000
vt -0.549779 41.763059 0.000000
vt -0.549779 42.025719 0.000000
vt -0.549779 42.288380 0.000000
vt -0.549779 42.551041 0.000000
vt -0.549779 42.813702 0.000000
vt -0.549779 43.076362 0.000000
vt -0.549779 43.339023 0.000000
vt -0.549779 43.601684 0.000000
vt -0.549779 43.864345 0.000000
vt -0.471239 0.000000 0.000000
vt -0.471239 0.262661 0.000000
vt -0.471239 0.525321 0.000000
vt -0.471239 0.787982 0.000000
vt -0.471239 1.050643 0.000000
vt -0.471239 1.313304 0.000000
vt -0.471239 1.575964 0.000000
vt -0.471239 1.838625 0.000000
vt -0.471239 2.101286 0.000000
vt -0.471239 2.363947 0.000000
vt -0.471239 2.626607 0.000000
vt -0.471239 2.889268 0.000000
vt -0.471239 3.151929 0.000000
vt -0.471239 3.414590 0.000000
vt -0.471239 3.677250 0.000000
vt -0.471239 3.939911 0.000000
vt -0.471239 4.202572 0.000000
vt -0.471239 4.465233 0.000000
vt -0.471239 4.727893 0.000000
vt -0.471239 4.990554 0.000000
vt -0.471239 5.253215 0.000000
vt -0.471239 5.515876 0.000000
vt -0.471239 5.778536 0.000000
vt -0.471239 6.041197 0.000000
vt -0.471239 6.303858 0.000000
vt -0.471239 6.566519 0.000000
vt -0.471239 6.829179 0.000000
vt -0.471239 7.091840 0.000000
vt -0.471239 7.354501 0.000000
vt -0.471239 7.617162 0.000000
vt -0.471239 7.879822 0.000000
vt -0.471239 8.142483 0.000000
vt -0.471239 8.405144 0.000000
vt -0.471239 8.669857 0.000000
vt -0.471239 8.930465 0.000000
vt -0.471239 9.193126 0.000000
vt -0.471239 9.455787 0.000000
vt -0.471239 9.718448 0.000000
vt -0.471239 9.981108 0.000000
vt -0.471239 10.243769 0.000000
vt -0.471239 10.506430 0.000000
vt -0.471239 10.769091 0.000000
vt -0.471239 11.031751 0.000000
vt -0.471239 11.294412 0.000000
vt -0.471239 11.557073 0.000000
vt -0.471239 11.819734 0.000000
vt -0.471239 12.082394 0.000000
vt -0.471239 12.345055 0.000000
vt -0.471239 12.607716 0.000000
vt -0.471239 12.870377 0.000000
vt -0.471239 13.133037 0.000000
vt -0.471239 13.395698 0.000000
vt -0.471239 13.658359 0.000000
vt -0.471239 13.921020 0.000000
vt -0.471239 14.183680 0.000000
vt -0.471239 14.446341 0.000000
vt -0.471239 14.709002 0.000000
vt -0.471239 14.971663 0.000000
vt -0.471239 15.234323 0.000000
vt -0.471239 15.496984 0.000000
vt -0.471239 15.759645 0.000000
vt -0.471239 16.022306 0.000000
vt -0.471239 16.284966 0.000000
vt -0.471239 16.547627 0.000000
vt -0.471239 16.810288 0.000000
vt -0.471239 17.072949 0.000000
vt -0.471239 17.335609 0.000000
vt -0.471239 17.598270 0.000000
vt -0.471239 17.859905 0.000000
vt -0.471239 18.123592 0.000000
vt -0.471239 18.386252 0.000000
vt -0.471239 18.648913 0.000000
vt -0.471239 18.911574 0.000000
vt -0.471239 19.174234 0.000000
vt -0.471239 19.436895 0.000000
vt -0.471239 19.699556 0.000000
vt -0.471239 19.962217 0.000000
vt -0.471239 20.224877 0.000000
vt -0.471239 20.487538 0.000000
vt -0.471239 20.750199 0.000000
vt -0.471239 21.012860 0.000000
vt -0.471239 21.275520 0.000000
vt -0.471239 21.538181 0.000000
vt -0.471239 21.800842 0.000000
vt -0.471239 22.063503 0.000000
vt -0.471239 22.326163 0.000000
vt -0.471239 22.588824 0.000000
vt -0.471239 22.851485 0.000000
vt -0.471239 23.114146 0.000000
vt -0.471239 23.376806 0.000000
vt -0.471239 23.639467 0.000000
vt -0.471239 23.902128 0.000000
vt -0.471239 24.164789 0.000000
vt -0.471239 24.427449 0.000000
vt -0.471239 24.690110 0.000000
vt -0.471239 24.952771 0.000000
vt -0.471239 25.215432 0.000000
vt -0.471239 25.478092 0.000000
vt -0.471239 25.740753 0.000000
vt -0.471239 26.003414 0.000000
vt -0.471239 26.266075 0.000000
vt -0.471239 26.529761 0.000000
vt -0.471239 26.791396 0.000000
vt -0.471239 27.054057 0.000000
vt -0.471239 27.316718 0.000000
vt -0.471239 27.579378 0.000000
vt -0.471239 27.842039 0.000000
vt -0.471239 28.104700 0.000000
vt -0.471239 28.367361 0.000000
vt -0.471239 28.630021 0.000000
vt -0.471239 28.892682 0.000000
vt -0.471239 29.155343 0.000000
vt -0.471239 29.418004 0.000000
vt -0.471239 29.680664 0.000000
vt -0.471239 29.943325 0.000000
vt -0.471239 30.205986 0.000000
vt -0.471239 30.468647 0.000000
vt -0.471239 30.731307 0.000000
vt -0.471239 30.993968 0.000000
vt -0.471239 31.256629 0.000000
vt -0.471239 31.519290 0.000000
vt -0.471239 31.781950 0.000000
vt -0.471239 32.044611 0.000000
vt -0.471239 32.307272 0.000000
vt -0.471239 32.569933 0.000000
vt -0.471239 32.832593 0.000000
vt -0.471239 33.095254 0.000000
vt -0.471239 33.357915 0.000000
vt -0.471239 33.620576 0.000000
vt -0.471239 33.883236 0.000000
vt -0.471239 34.145897 0.000000
vt -0.471239 34.408558 0.000000
vt -0.471239 34.671219 0.000000
vt -0.471239 34.933879 0.000000
vt -0.471239 35.196540 0.000000
vt -0.471239 35.459201 0.000000
vt -0.471239 35.719809 0.000000
vt -0.471239 35.984522 0.000000
vt -0.471239 36.247183 0.000000
vt -0.471239 36.509844 0.000000
vt -0.471239 36.772505 0.000000
vt -0.471239 37.035165 0.000000
vt -0.471239 37.297826 0.000000
vt -0.471239 37.560487 0.000000
vt -0.471239 37.823147 0.000000
vt -0.471239 38.085808 0.000000
vt -0.471239 38.348469 0.000000
vt -0.471239 38.611130 0.000000
vt -0.471239 38.873790 0.000000
vt -0.471239 39.136451 0.000000
vt -0.471239 39.399112 0.000000
vt -0.471239 39.661773 0.000000
vt -0.471239 39.924433 0.000000
vt -0.471239 40.187094 0.000000
vt -0.471239 40.449755 0.000000
vt -0.471239 40.712416 0.000000
vt -0.471239 40.975076 0.000000
vt -0.471239 41.237737 0.000000
vt -0.471239 41.500398 0.000000
vt -0.471239 41.763059 0.000000
vt -0.471239 42.025719 0.000000
vt -0.471239 42.288380 0.000000
vt -0.471239 42.551041 0.000000
vt -0.471239 42.813702 0.000000
vt -0.471239 43.076362 0.000000
vt -0.471239 43.339023 0.000000
vt -0.471239 43.601684 0.000000
vt -0.471239 43.864345 0.000000
vt -0.392699 0.000000 0.000000
vt -0.392699 0.262661 0.000000
vt -0.392699 0.525321 0.000000
vt -0.392699 0.787982 0.000000
vt -0.392699 1.050643 0.000000
vt -0.392699 1.313304 0.000000
vt -0.392699 1.575964 0.000000
vt -0.392699 1.838625 0.000000
vt -0.392699 2.101286 0.000000
vt -0.392699 2.363947 0.000000
vt -0.392699 2.626607 0.000000
vt -0.392699 2.889268 0.000000
vt -0.392699 3.151929 0.000000
vt -0.392699 3.414590 0.000000
vt -0.392699 3.677250 0.000000
vt -0.392699 3.939911 0.000000
vt -0.392699 4.202572 0.000000
vt -0.392699 4.465233 0.000000
vt -0.392699 4.727893 0.000000
vt -0.392699 4.990554 0.000000
vt -0.392699 5.253215 0.000000
vt -0.392699 5.515876 0.000000
vt -0.392699 5.778536 0.000000
vt -0.392699 6.041197 0.000000
vt -0.392699 6.303858 0.000000
vt -0.392699 6.566519 0.000000
vt -0.392699 6.829179 0.000000
vt -0.392699 7.091840 0.000000
vt -0.392699 7.354501 0.000000
vt -0.392699 7.617162 0.000000
vt -0.392699 7.879822 0.000000
vt -0.392699 8.142483 0.000000
vt -0.392699 8.405144 0.000000
vt -0.392699 8.669857 0.000000
vt -0.392699 8.930465 0.000000
vt -0.392699 9.193126 0.000000
vt -0.392699 9.455787 0.000000
vt -0.392699 9.718448 0.000000
vt -0.392699 9.981108 0.000000
vt -0.392699 10.243769 0.000000
vt -0.392699 10.506430 0.000000
vt -0.392699 10.769091 0.000000
vt -0.392699 11.031751 0.000000
vt -0.392699 11.294412 0.000000
vt -0.392699 11.557073 0.000000
vt -0.392699 11.819734 0.000000
vt -0.392699 12.082394 0.000000
vt -0.392699 12.345055 0.000000
vt -0.392699 12.607716 0.000000
vt -0.392699 12.870377 0.000000
vt -0.392699 13.133037 0.000000
vt -0.392699 13.395698 0.000000
vt -0.392699 13.658359 0.000000
vt -0.392699 13.921020 0.000000
vt -0.392699 14.183680 0.000000
vt -0.392699 14.446341 0.000000
vt -0.392699 14.709002 0.000000
vt -0.392699 14.971663 0.000000
vt -0.392699 15.234323 0.000000
vt -0.392699 15.496984 0.000000
vt -0.392699 15.759645 0.000000
vt -0.392699 16.022306 0.000000
vt -0.392699 16.284966 0.000000
vt -0.392699 16.547627 0.000000
vt -0.392699 16.810288 0.000000
vt -0.392699 17.072949 0.000000
vt -0.392699 17.335609 0.000000
vt -0.392699 17.598270 0.000000
vt -0.392699 17.859905 0.000000
vt -0.392699 18.123592 0.000000
vt -0.392699 18.386252 0.000000
vt -0.392699 18.648913 0.000000
vt -0.392699 18.911574 0.000000
vt -0.392699 19.174234 0.000000
vt -0.392699 19.436895 0.000000
vt -0.392699 19.699556 0.000000
vt -0.392699 19.962217 0.000000
vt -0.392699 20.224877 0.000000
vt -0.392699 20.487538 0.000000
vt -0.392699 20.750199 0.000000
vt -0.392699 21.012860 0.000000
vt -0.392699 21.275520 0.000000
vt -0.392699 21.538181 0.000000
vt -0.392699 21.800842 0.000000
vt -0.392699 22.063503 0.000000
vt -0.392699 22.326163 0.000000
vt -0.392699 22.588824 0.000000
vt -0.392699 22.851485 0.000000
vt -0.392699 23.114146 0.000000
vt -0.392699 23.376806 0.000000
vt -0.392699 23.639467 0.000000
vt -0.392699 23.902128 0.000000
vt -0.392699 24.164789 0.000000
vt -0.392699 24.427449 0.000000
vt -0.392699 24.690110 0.000000
vt -0.392699 24.952771 0.000000
vt -0.392699 25.215432 0.000000
vt -0.392699 25.478092 0.000000
vt -0.392699 25.740753 0.000000
vt -0.392699 26.003414 0.000000
vt -0.392699 26.266075 0.000000
vt -0.392699 26.529761 0.000000
vt -0.392699 26.791396 0.000000
vt -0.392699 27.054057 0.000000
vt -0.392699 27.316718 0.000000
vt -0.392699 27.579378 0.000000
vt -0.392699 27.842039 0.000000
vt -0.392699 28.104700 0.000000
vt -0.392699 28.367361 0.000000
vt -0.392699 28.630021 0.000000
vt -0.392699 28.892682 0.000000
vt -0.392699 29.155343 0.000000
vt -0.392699 29.418004 0.000000
vt -0.392699 29.680664 0.000000
vt -0.392699 29.943325 0.000000
vt -0.392699 30.205986 0.000000
vt -0.392699 30.468647 0.000000
vt -0.392699 30.731307 0.000000
vt -0.392699 30.993968 0.000000
vt -0.392699 31.256629 0.000000
vt -0.392699 31.519290 0.000000
vt -0.392699 31.781950 0.000000
vt -0.392699 32.044611 0.000000
vt -0.392699 32.307272 0.000000
vt -0.392699 32.569933 0.000000
vt -0.392699 32.832593 0.000000
vt -0.392699 33.095254 0.000000
vt -0.392699 33.357915 0.000000
vt -0.392699 33.620576 0.000000
vt -0.392699 33.883236 0.000000
vt -0.392699 34.145897 0.000000
vt -0.392699 34.408558 0.000000
vt -0.392699 34.671219 0.000000
vt -0.392699 34.933879 0.000000
vt -0.392699 35.196540 0.000000
vt -0.392699 35.459201 0.000000
vt -0.392699 35.719809 0.000000
vt -0.392699 35.984522 0.000000
vt -0.392699 36.247183 0.000000
vt -0.392699 36.509844 0.000000
vt -0.392699 36.772505 0.000000
vt -0.392699 37.035165 0.000000
vt -0.392699 37.297826 0.000000
vt -0.392699 37.560487 0.000000
vt -0.392699 37.823147 0.000000
vt -0.392699 38.085808 0.000000
vt -0.392699 38.348469 0.000000
vt -0.392699 38.611130 0.000000
vt -0.392699 38.873790 0.000000
vt -0.392699 39.136451 0.000000
vt -0.392699 39.399112 0.000000
vt -0.392699 39.661773 0.000000
vt -0.392699 39.924433 0.000000
vt -0.392699 40.187094 0.000000
vt -0.392699 40.449755 0.000000
vt -0.392699 40.712416 0.000000
vt -0.392699 40.975076 0.000000
vt -0.392699 41.237737 0.000000
vt -0.392699 41.500398 0.000000
vt -0.392699 41.763059 0.000000
vt -0.392699 42.025719 0.000000
vt -0.392699 42.288380 0.000000
vt -0.392699 42.551041 0.000000
vt -0.392699 42.813702 0.000000
vt -0.392699 43.076362 0.000000
vt -0.392699 43.339023 0.000000
vt -0.392699 43.601684 0.000000
vt -0.392699 43.864345 0.000000
vt -0.314159 0.000000 0.000000
vt -0.314159 0.262661 0.000000
vt -0.314159 0.525321 0.000000
vt -0.314159 0.787982 0.000000
vt -0.314159 1.050643 0.000000
vt -0.314159 1.313304 0.000000
vt -0.314159 1.575964 0.000000
vt -0.314159 1.838625 0.000000
vt -0.314159 2.101286 0.000000
vt -0.314159 2.363947 0.000000
vt -0.314159 2.626607 0.000000
vt -0.314159 2.889268 0.000000
vt -0.314159 3.151929 0.000000
vt -0.314159 3.414590 0.000000
vt -0.314159 3.677250 0.000000
vt -0.314159 3.939911 0.000000
vt -0.314159 4.202572 0.000000
vt -0.314159 4.465233 0.000000
vt -0.314159 4.727893 0.000000
vt -0.314159 4.990554 0.000000
vt -0.314159 5.253215 0.000000
vt -0.314159 5.515876 0.000000
vt -0.314159 5.778536 0.000000
vt -0.314159 6.041197 0.000000
vt -0.314159 6.303858 0.000000
vt -0.314159 6.566519 0.000000
vt -0.314159 6.829179 0.000000
vt -0.314159 7.091840 0.000000
vt -0.314159 7.354501 0.000000
vt -0.314159 7.617162 0.000000
vt -0.314159 7.879822 0.000000
vt -0.314159 8.142483 0.000000
vt -0.314159 8.405144 0.000000
vt -0.314159 8.669857 0.000000
vt -0.314159 8.930465 0.000000
vt -0.314159 9.193126 0.000000
vt -0.314159 9.455787 0.000000
vt -0.314159 9.718448 0.000000
vt -0.314159 9.981108 0.000000
vt -0.314159 10.243769 0.000000
vt -0.314159 10.506430 0.000000
vt -0.314159 10.769091 0.000000
vt -0.314159 11.031751 0.000000
vt -0.314159 11.294412 0.000000
vt -0.314159 11.557073 0.000000
vt -0.314159 11.819734 0.000000
vt -0.314159 12.082394 0.000000
vt -0.314159 12.345055 0.000000
vt -0.314159 12.607716 0.000000
vt -0.314159 12.870377 0.000000
vt -0.314159 13.133037 0.000000
vt -0.314159 13.395698 0.000000
vt -0.314159 13.658359 0.000000
vt -0.314159 13.921020 0.000000
vt -0.314159 14.183680 0.000000
vt -0.314159 14.446341 0.000000
vt -0.314159 14.709002 0.000000
vt -0.314159 14.971663 0.000000
vt -0.314159 15.234323 0.000000
vt -0.314159 15.496984 0.000000
vt -0.314159 15.759645 0.000000
vt -0.314159 16.022306 0.000000
vt -0.314159 16.284966 0.000000
vt -0.314159 16.547627 0.000000
vt -0.314159 16.810288 0.000000
vt -0.314159 17.072949 0.000000
vt -0.314159 17.335609 0.000000
vt -0.314159 17.598270 0.000000
vt -0.314159 17.859905 0.000000
vt -0.314159 18.123592 0.000000
vt -0.314159 18.386252 0.000000
vt -0.314159 18.648913 0.000000
vt -0.314159 18.911574 0.000000
vt -0.314159 19.174234 0.000000
vt -0.314159 19.436895 0.000000
vt -0.314159 19.699556 0.000000
vt -0.314159 19.962217 0.000000
vt -0.314159 20.224877 0.000000
vt -0.314159 20.487538 0.000000
vt -0.314159 20.750199 0.000000
vt -0.314159 21.012860 0.000000
vt -0.314159 21.275520 0.000000
vt -0.314159 21.538181 0.000000
vt -0.314159 21.800842 0.000000
vt -0.314159 22.063503 0.000000
vt -0.314159 22.326163 0.000000
vt -0.314159 22.588824 0.000000
vt -0.314159 22.851485 0.000000
vt -0.314159 23.114146 0.000000
vt -0.314159 23.376806 0.000000
vt -0.314159 23.639467 0.000000
vt -0.314159 23.902128 0.000000
vt -0.314159 24.164789 0.000000
vt -0.314159 24.427449 0.000000
vt -0.314159 24.690110 0.000000
vt -0.314159 24.952771 0.000000
vt -0.314159 25.215432 0.000000
vt -0.314159 25.478092 0.000000
vt -0.314159 25.740753 0.000000
vt -0.314159 26.003414 0.000000
vt -0.314159 26.266075 0.000000
vt -0.314159 26.529761 0.000000
vt -0.314159 26.791396 0.000000
vt -0.314159 27.054057 0.000000
vt -0.314159 27.316718 0.000000
vt -0.314159 27.579378 0.000000
vt -0.314159 27.842039 0.000000
vt -0.314159 28.104700 0.000000
vt -0.314159 28.367361 0.000000
vt -0.314159 28.630021 0.000000
vt -0.314159 28.892682 0.000000
vt -0.314159 29.155343 0.000000
vt -0.314159 29.418004 0.000000
vt -0.314159 29.680664 0.000000
vt -0.314159 29.943325 0.000000
vt -0.314159 30.205986 0.000000
vt -0.314159 30.468647 0.000000
vt -0.314159 30.731307 0.000000
vt -0.314159 30.993968 0.000000
vt -0.314159 31.256629 0.000000
vt -0.314159 31.519290 0.000000
vt -0.314159 31.781950 0.000000
vt -0.314159 32.044611 0.000000
vt -0.314159 32.307272 0.000000
vt -0.314159 32.569933 0.000000
vt -0.314159 32.832593 0.000000
vt -0.314159 33.095254 0.000000
vt -0.314159 33.357915 0.000000
vt -0.314159 33.620576 0.000000
vt -0.314159 33.883236 0.000000
vt -0.314159 34.145897 0.000000
vt -0.314159 34.408558 0.000000
vt -0.314159 34.671219 0.000000
vt -0.314159 34.933879 0.000000
vt -0.314159 35.196540 0.000000
vt -0.314159 35.459201 0.000000
vt -0.314159 35.719809 0.000000
vt -0.314159 35.984522 0.000000
vt -0.314159 36.247183 0.000000
vt -0.314159 36.509844 0.000000
vt -0.314159 36.772505 0.000000
vt -0.314159 37.035165 0.000000
vt -0.314159 37.297826 0.000000
vt -0.314159 37.560487 0.000000
vt -0.314159 37.823147 0.000000
vt -0.314159 38.085808 0.000000
vt -0.314159 38.348469 0.000000
vt -0.314159 38.611130 0.000000
vt -0.314159 38.873790 0.000000
vt -0.314159 39.136451 0.000000
vt -0.314159 39.399112 0.000000
vt -0.314159 39.661773 0.000000
vt -0.314159 39.924433 0.000000
vt -0.314159 40.187094 0.000000
vt -0.314159 40.449755 0.000000
vt -0.314159 40.712416 0.000000
vt -0.314159 40.975076 0.000000
vt -0.314159 41.237737 0.000000
vt -0.314159 41.500398 0.000000
vt -0.314159 41.763059 0.000000
vt -0.314159 42.025719 0.000000
vt -0.314159 42.288380 0.000000
vt -0.314159 42.551041 0.000000
vt -0.314159 42.813702 0.000000
vt -0.314159 43.076362 0.000000
vt -0.314159 43.339023 0.000000
vt -0.314159 43.601684 0.000000
vt -0.314159 43.864345 0.000000
vt -0.235619 0.000000 0.000000
vt -0.235619 0.262661 0.000000
vt -0.235619 0.525321 0.000000
vt -0.235619 0.787982 0.000000
vt -0.235619 1.050643 0.000000
vt -0.235619 1.313304 0.000000
vt -0.235619 1.575964 0.000000
vt -0.235619 1.838625 0.000000
vt -0.235619 2.101286 0.000000
vt -0.235619 2.363947 0.000000
vt -0.235619 2.626607 0.000000
vt -0.235619 2.889268 0.000000
vt -0.235619 3.151929 0.000000
vt -0.235619 3.414590 0.000000
vt -0.235619 3.677250 0.000000
vt -0.235619 3.939911 0.000000
vt -0.235619 4.202572 0.000000
vt -0.235619 4.465233 0.000000
vt -0.235619 4.727893 0.000000
vt -0.235619 4.990554 0.000000
vt -0.235619 5.253215 0.000000
vt -0.235619 5.515876 0.000000
vt -0.235619 5.778536 0.000000
vt -0.235619 6.041197 0.000000
vt -0.235619 6.303858 0.000000
vt -0.235619 6.566519 0.000000
vt -0.235619 6.829179 0.000000
vt -0.235619 7.091840 0.000000
vt -0.235619 7.354501 0.000000
vt -0.235619 7.617162 0.000000
vt -0.235619 7.879822 0.000000
vt -0.235619 8.142483 0.000000
vt -0.235619 8.405144 0.000000
vt -0.235619 8.669857 0.000000
vt -0.235619 8.930465 0.000000
vt -0.235619 9.193126 0.000000
vt -0.235619 9.455787 0.000000
vt -0.235619 9.718448 0.000000
vt -0.235619 9.981108 0.000000
vt -0.235619 10.243769 0.000000
vt -0.235619 10.506430 0.000000
vt -0.235619 10.769091 0.000000
vt -0.235619 11.031751 0.000000
vt -0.235619 11.294412 0.000000
vt -0.235619 11.557073 0.000000
vt -0.235619 11.819734 0.000000
vt -0.235619 12.082394 0.000000
vt -0.235619 12.345055 0.000000
vt -0.235619 12.607716 0.000000
vt -0.235619 12.870377 0.000000
vt -0.235619 13.133037 0.000000
vt -0.235619 13.395698 0.000000
vt -0.235619 13.658359 0.000000
vt -0.235619 13.921020 0.000000
vt -0.235619 14.183680 0.000000
vt -0.235619 14.446341 0.000000
vt -0.235619 14.709002 0.000000
vt -0.235619 14.971663 0.000000
vt -0.235619 15.234323 0.000000
vt -0.235619 15.496984 0.000000
vt -0.235619 15.759645 0.000000
vt -0.235619 16.022306 0.000000
vt -0.235619 16.284966 0.000000
vt -0.235619 16.547627 0.000000
vt -0.235619 16.810288 0.000000
vt -0.235619 17.072949 0.000000
vt -0.235619 17.335609 0.000000
vt -0.235619 17.598270 0.000000
vt -0.235619 17.859905 0.000000
vt -0.235619 18.123592 0.000000
vt -0.235619 18.386252 0.000000
vt -0.235619 18.648913 0.000000
vt -0.235619 18.911574 0.000000
vt -0.235619 19.174234 0.000000
vt -0.235619 19.436895 0.000000
vt -0.235619 19.699556 0.000000
vt -0.235619 19.962217 0.000000
vt -0.235619 20.224877 0.000000
vt -0.235619 20.487538 0.000000
vt -0.235619 20.750199 0.000000
vt -0.235619 21.012860 0.000000
vt -0.235619 21.275520 0.000000
vt -0.235619 21.538181 0.000000
vt -0.235619 21.800842 0.000000
vt -0.235619 22.063503 0.000000
vt -0.235619 22.326163 0.000000
vt -0.235619 22.588824 0.000000
vt -0.235619 22.851485 0.000000
vt -0.235619 23.114146 0.000000
vt -0.235619 23.376806 0.000000
vt -0.235619 23.639467 0.000000
vt -0.235619 23.902128 0.000000
vt -0.235619 24.164789 0.000000
vt -0.235619 24.427449 0.000000
vt -0.235619 24.690110 0.000000
vt -0.235619 24.952771 0.000000
vt -0.235619 25.215432 0.000000
vt -0.235619 25.478092 0.000000
vt -0.235619 25.740753 0.000000
vt -0.235619 26.003414 0.000000
vt -0.235619 26.266075 0.000000
vt -0.235619 26.529761 0.000000
vt -0.235619 26.791396 0.000000
vt -0.235619 27.054057 0.000000
vt -0.235619 27.316718 0.000000
vt -0.235619 27.579378 0.000000
vt -0.235619 27.842039 0.000000
vt -0.235619 28.104700 0.000000
vt -0.235619 28.367361 0.000000
vt -0.235619 28.630021 0.000000
vt -0.235619 28.892682 0.000000
vt -0.235619 29.155343 0.000000
vt -0.235619 29.418004 0.000000
vt -0.235619 29.680664 0.000000
vt -0.235619 29.943325 0.000000
vt -0.235619 30.205986 0.000000
vt -0.235619 30.468647 0.000000
vt -0.235619 30.731307 0.000000
vt -0.235619 30.993968 0.000000
vt -0.235619 31.256629 0.000000
vt -0.235619 31.519290 0.000000
vt -0.235619 31.781950 0.000000
vt -0.235619 32.044611 0.000000
vt -0.235619 32.307272 0.000000
vt -0.235619 32.569933 0.000000
vt -0.235619 32.832593 0.000000
vt -0.235619 33.095254 0.000000
vt -0.235619 33.357915 0.000000
vt -0.235619 33.620576 0.000000
vt -0.235619 33.883236 0.000000
vt -0.235619 34.145897 0.000000
vt -0.235619 34.408558 0.000000
vt -0.235619 34.671219 0.000000
vt -0.235619 34.933879 0.000000
vt -0.235619 35.196540 0.000000
vt -0.235619 35.459201 0.000000
vt -0.235619 35.719809 0.000000
vt -0.235619 35.984522 0.000000
vt -0.235619 36.247183 0.000000
vt -0.235619 36.509844 0.000000
vt -0.235619 36.772505 0.000000
vt -0.235619 37.035165 0.000000
vt -0.235619 37.297826 0.000000
vt -0.235619 37.560487 0.000000
vt -0.235619 37.823147 0.000000
vt -0.235619 38.085808 0.000000
vt -0.235619 38.348469 0.000000
vt -0.235619 38.611130 0.000000
vt -0.235619 38.873790 0.000000
vt -0.235619 39.136451 0.000000
vt -0.235619 39.399112 0.000000
vt -0.235619 39.661773 0.000000
vt -0.235619 39.924433 0.000000
vt -0.235619 40.187094 0.000000
vt -0.235619 40.449755 0.000000
vt -0.235619 40.712416 0.000000
vt -0.235619 40.975076 0.000000
vt -0.235619 41.237737 0.000000
vt -0.235619 41.500398 0.000000
vt -0.235619 41.763059 0.000000
vt -0.235619 42.025719 0.000000
vt -0.235619 42.288380 0.000000
vt -0.235619 42.551041 0.000000
vt -0.235619 42.813702 0.000000
vt -0.235619 43.076362 0.000000
vt -0.235619 43.339023 0.000000
vt -0.235619 43.601684 0.000000
vt -0.235619 43.864345 0.000000
vt -0.157080 0.000000 0.000000
vt -0.157080 0.262661 0.000000
vt -0.157080 0.525321 0.000000
vt -0.157080 0.787982 0.000000
vt -0.157080 1.050643 0.000000
vt -0.157080 1.313304 0.000000
vt -0.157080 1.575964 0.000000
vt -0.157080 1.838625 0.000000
vt -0.157080 2.101286 0.000000
vt -0.157080 2.363947 0.000000
vt -0.157080 2.626607 0.000000
vt -0.157080 2.889268 0.000000
vt -0.157080 3.151929 0.000000
vt -0.157080 3.414590 0.000000
vt -0.157080 3.677250 0.000000
vt -0.157080 3.939911 0.000000
vt -0.157080 4.202572 0.000000
vt -0.157080 4.465233 0.000000
vt -0.157080 4.727893 0.000000
vt -0.157080 4.990554 0.000000
vt -0.157080 5.253215 0.000000
vt -0.157080 5.515876 0.000000
vt -0.157080 5.778536 0.000000
vt -0.157080 6.041197 0.000000
vt -0.157080 6.303858 0.000000
vt -0.157080 6.566519 0.000000
vt -0.157080 6.829179 0.000000
vt -0.157080 7.091840 0.000000
vt -0.157080 7.354501 0.000000
vt -0.157080 7.617162 0.000000
vt -0.157080 7.879822 0.000000
vt -0.157080 8.142483 0.000000
vt -0.157080 8.405144 0.000000
vt -0.157080 8.669857 0.000000
vt -0.157080 8.930465 0.000000
vt -0.157080 9.193126 0.000000
vt -0.157080 9.455787 0.000000
vt -0.157080 9.718448 0.000000
vt -0.157080 9.981108 0.000000
vt -0.157080 10.243769 0.000000
vt -0.157080 10.506430 0.000000
vt -0.157080 10.769091 0.000000
vt -0.157080 11.031751 0.000000
vt -0.157080 11.294412 0.000000
vt -0.157080 11.557073 0.000000
vt -0.157080 11.819734 0.000000
vt -0.157080 12.082394 0.000000
vt -0.157080 12.345055 0.000000
vt -0.157080 12.607716 0.000000
vt -0.157080 12.870377 0.000000
vt -0.157080 13.133037 0.000000
vt -0.157080 13.395698 0.000000
vt -0.157080 13.658359 0.000000
vt -0.157080 13.921020 0.000000
vt -0.157080 14.183680 0.000000
vt -0.157080 14.446341 0.000000
vt -0.157080 14.709002 0.000000
vt -0.157080 14.971663 0.000000
vt -0.157080 15.234323 0.000000
vt -0.157080 15.496984 0.000000
vt -0.157080 15.759645 0.000000
vt -0.157080 16.022306 0.000000
vt -0.157080 16.284966 0.000000
vt -0.157080 16.547627 0.000000
vt -0.157080 16.810288 0.000000
vt -0.157080 17.072949 0.000000
vt -0.157080 17.335609 0.000000
vt -0.157080 17.598270 0.000000
vt -0.157080 17.859905 0.000000
vt -0.157080 18.123592 0.000000
vt -0.157080 18.386252 0.000000
vt -0.157080 18.648913 0.000000
vt -0.157080 18.911574 0.000000
vt -0.157080 19.174234 0.000000
vt -0.157080 19.436895 0.000000
vt -0.157080 19.699556 0.000000
vt -0.157080 19.962217 0.000000
vt -0.157080 20.224877 0.000000
vt -0.157080 20.487538 0.000000
vt -0.157080 20.750199 0.000000
vt -0.157080 21.012860 0.000000
vt -0.157080 21.275520 0.000000
vt -0.157080 21.538181 0.000000
vt -0.157080 21.800842 0.000000
vt -0.157080 22.063503 0.000000
vt -0.157080 22.326163 0.000000
vt -0.157080 22.588824 0.000000
vt -0.157080 22.851485 0.000000
vt -0.157080 23.114146 0.000000
vt -0.157080 23.376806 0.000000
vt -0.157080 23.639467 0.000000
vt -0.157080 23.902128 0.000000
vt -0.157080 24.164789 0.000000
vt -0.157080 24.427449 0.000000
vt -0.157080 24.690110 0.000000
vt -0.157080 24.952771 0.000000
vt -0.157080 25.215432 0.000000
vt -0.157080 25.478092 0.000000
vt -0.157080 25.740753 0.000000
vt -0.157080 26.003414 0.000000
vt -0.157080 26.266075 0.000000
vt -0.157080 26.529761 0.000000
vt -0.157080 26.791396 0.000000
vt -0.157080 27.054057 0.000000
vt -0.157080 27.316718 0.000000
vt -0.157080 27.579378 0.000000
vt -0.157080 27.842039 0.000000
vt -0.157080 28.104700 0.000000
vt -0.157080 28.367361 0.000000
vt -0.157080 28.630021 0.000000
vt -0.157080 28.892682 0.000000
vt -0.157080 29.155343 0.000000
vt -0.157080 29.418004 0.000000
vt -0.157080 29.680664 0.000000
vt -0.157080 29.943325 0.000000
vt -0.157080 30.205986 0.000000
vt -0.157080 30.468647 0.000000
vt -0.157080 30.731307 0.000000
vt -0.157080 30.993968 0.000000
vt -0.157080 31.256629 0.000000
vt -0.157080 31.519290 0.000000
vt -0.157080 31.781950 0.000000
vt -0.157080 32.044611 0.000000
vt -0.157080 32.307272 0.000000
vt -0.157080 32.569933 0.000000
vt -0.157080 32.832593 0.000000
vt -0.157080 33.095254 0.000000
vt -0.157080 33.357915 0.000000
vt -0.157080 33.620576 0.000000
vt -0.157080 33.883236 0.000000
vt -0.157080 34.145897 0.000000
vt -0.157080 34.408558 0.000000
vt -0.157080 34.671219 0.000000
vt -0.157080 34.933879 0.000000
vt -0.157080 35.196540 0.000000
vt -0.157080 35.459201 0.000000
vt -0.157080 35.719809 0.000000
vt -0.157080 35.984522 0.000000
vt -0.157080 36.247183 0.000000
vt -0.157080 36.509844 0.000000
vt -0.157080 36.772505 0.000000
vt -0.157080 37.035165 0.000000
vt -0.157080 37.297826 0.000000
vt -0.157080 37.560487 0.000000
vt -0.157080 37.823147 0.000000
vt -0.157080 38.085808 0.000000
vt -0.157080 38.348469 0.000000
vt -0.157080 38.611130 0.000000
vt -0.157080 38.873790 0.000000
vt -0.157080 39.136451 0.000000
vt -0.157080 39.399112 0.000000
vt -0.157080 39.661773 0.000000
vt -0.157080 39.924433 0.000000
vt -0.157080 40.187094 0.000000
vt -0.157080 40.449755 0.000000
vt -0.157080 40.712416 0.000000
vt -0.157080 40.975076 0.000000
vt -0.157080 41.237737 0.000000
vt -0.157080 41.500398 0.000000
vt -0.157080 41.763059 0.000000
vt -0.157080 42.025719 0.000000
vt -0.157080 42.288380 0.000000
vt -0.157080 42.551041 0.000000
vt -0.157080 42.813702 0.000000
vt -0.157080 43.076362 0.000000
vt -0.157080 43.339023 0.000000
vt -0.157080 43.601684 0.000000
vt -0.157080 43.864345 0.000000
vt -0.078540 0.000000 0.000000
vt -0.078540 0.262661 0.000000
vt -0.078540 0.525321 0.000000
vt -0.078540 0.787982 0.000000
vt -0.078540 1.050643 0.000000
vt -0.078540 1.313304 0.000000
vt -0.078540 1.575964 0.000000
vt -0.078540 1.838625 0.000000
vt -0.078540 2.101286 0.000000
vt -0.078540 2.363947 0.000000
vt -0.078540 2.626607 0.000000
vt -0.078540 2.889268 0.000000
vt -0.078540 3.151929 0.000000
vt -0.078540 3.414590 0.000000
vt -0.078540 3.677250 0.000000
vt -0.078540 3.939911 0.000000
vt -0.078540 4.202572 0.000000
vt -0.078540 4.465233 0.000000
vt -0.078540 4.727893 0.000000
vt -0.078540 4.990554 0.000000
vt -0.078540 5.253215 0.000000
vt -0.078540 5.515876 0.000000
vt -0.078540 5.778536 0.000000
vt -0.078540 6.041197 0.000000
vt -0.078540 6.303858 0.000000
vt -0.078540 6.566519 0.000000
vt -0.078540 6.829179 0.000000
vt -0.078540 7.091840 0.000000
vt -0.078540 7.354501 0.000000
vt -0.078540 7.617162 0.000000
vt -0.078540 7.879822 0.000000
vt -0.078540 8.142483 0.000000
vt -0.078540 8.405144 0.000000
vt -0.078540 8.669857 0.000000
vt -0.078540 8.930465 0.000000
vt -0.078540 9.193126 0.000000
vt -0.078540 9.455787 0.000000
vt -0.078540 9.718448 0.000000
vt -0.078540 9.981108 0.000000
vt -0.078540 10.243769 0.000000
vt -0.078540 10.506430 0.000000
vt -0.078540 10.769091 0.000000
vt -0.078540 11.031751 0.000000
vt -0.078540 11.294412 0.000000
vt -0.078540 11.557073 0.000000
vt -0.078540 11.819734 0.000000
vt -0.078540 12.082394 0.000000
vt -0.078540 12.345055 0.000000
vt -0.078540 12.607716 0.000000
vt -0.078540 12.870377 0.000000
vt -0.078540 13.133037 0.000000
vt -0.078540 13.395698 0.000000
vt -0.078540 13.658359 0.000000
vt -0.078540 13.921020 0.000000
vt -0.078540 14.183680 0.000000
vt -0.078540 14.446341 0.000000
vt -0.078540 14.709002 0.000000
vt -0.078540 14.971663 0.000000
vt -0.078540 15.234323 0.000000
vt -0.078540 15.496984 0.000000
vt -0.078540 15.759645 0.000000
vt -0.078540 16.022306 0.000000
vt -0.078540 16.284966 0.000000
vt -0.078540 16.547627 0.000000
vt -0.078540 16.810288 0.000000
vt -0.078540 17.072949 0.000000
vt -0.078540 17.335609 0.000000
vt -0.078540 17.598270 0.000000
vt -0.078540 17.859905 0.000000
vt -0.078540 18.123592 0.000000
vt -0.078540 18.386252 0.000000
vt -0.078540 18.648913 0.000000
vt -0.078540 18.911574 0.000000
vt -0.078540 19.174234 0.000000
vt -0.078540 19.436895 0.000000
vt -0.078540 19.699556 0.000000
vt -0.078540 19.962217 0.000000
vt -0.078540 20.224877 0.000000
vt -0.078540 20.487538 0.000000
vt -0.078540 20.750199 0.000000
vt -0.078540 21.012860 0.000000
vt -0.078540 21.275520 0.000000
vt -0.078540 21.538181 0.000000
vt -0.078540 21.800842 0.000000
vt -0.078540 22.063503 0.000000
vt -0.078540 22.326163 0.000000
vt -0.078540 22.588824 0.000000
vt -0.078540 22.851485 0.000000
vt -0.078540 23.114146 0.000000
vt -0.078540 23.376806 0.000000
vt -0.078540 23.639467 0.000000
vt -0.078540 23.902128 0.000000
vt -0.078540 24.164789 0.000000
vt -0.078540 24.427449 0.000000
vt -0.078540 24.690110 0.000000
vt -0.078540 24.952771 0.000000
vt -0.078540 25.215432 0.000000
vt -0.078540 25.478092 0.000000
vt -0.078540 25.740753 0.000000
vt -0.078540 26.003414 0.000000
vt -0.078540 26.266075 0.000000
vt -0.078540 26.529761 0.000000
vt -0.078540 26.791396 0.000000
vt -0.078540 27.054057 0.000000
vt -0.078540 27.316718 0.000000
vt -0.078540 27.579378 0.000000
vt -0.078540 27.842039 0.000000
vt -0.078540 28.104700 0.000000
vt -0.078540 28.367361 0.000000
vt -0.078540 28.630021 0.000000
vt -0.078540 28.892682 0.000000
vt -0.078540 29.155343 0.000000
vt -0.078540 29.418004 0.000000
vt -0.078540 29.680664 0.000000
vt -0.078540 29.943325 0.000000
vt -0.078540 30.205986 0.000000
vt -0.078540 30.468647 0.000000
vt -0.078540 30.731307 0.000000
vt -0.078540 30.993968 0.000000
vt -0.078540 31.256629 0.000000
vt -0.078540 31.519290 0.000000
vt -0.078540 31.781950 0.000000
vt -0.078540 32.044611 0.000000
vt -0.078540 32.307272 0.000000
vt -0.078540 32.569933 0.000000
vt -0.078540 32.832593 0.000000
vt -0.078540 33.095254 0.000000
vt -0.078540 33.357915 0.000000
vt -0.078540 33.620576 0.000000
vt -0.078540 33.883236 0.000000
vt -0.078540 34.145897 0.000000
vt -0.078540 34.408558 0.000000
vt -0.078540 34.671219 0.000000
vt -0.078540 34.933879 0.000000
vt -0.078540 35.196540 0.000000
vt -0.078540 35.459201 0.000000
vt -0.078540 35.719809 0.000000
vt -0.078540 35.984522 0.000000
vt -0.078540 36.247183 0.000000
vt -0.078540 36.509844 0.000000
vt -0.078540 36.772505 0.000000
vt -0.078540 37.035165 0.000000
vt -0.078540 37.297826 0.000000
vt -0.078540 37.560487 0.000000
vt -0.078540 37.823147 0.000000
vt -0.078540 38.085808 0.000000
vt -0.078540 38.348469 0.000000
vt -0.078540 38.611130 0.000000
vt -0.078540 38.873790 0.000000
vt -0.078540 39.136451 0.000000
vt -0.078540 39.399112 0.000000
vt -0.078540 39.661773 0.000000
vt -0.078540 39.924433 0.000000
vt -0.078540 40.187094 0.000000
vt -0.078540 40.449755 0.000000
vt -0.078540 40.712416 0.000000
vt -0.078540 40.975076 0.000000
vt -0.078540 41.237737 0.000000
vt -0.078540 41.500398 0.000000
vt -0.078540 41.763059 0.000000
vt -0.078540 42.025719 0.000000
vt -0.078540 42.288380 0.000000
vt -0.078540 42.551041 0.000000
vt -0.078540 42.813702 0.000000
vt -0.078540 43.076362 0.000000
vt -0.078540 43.339023 0.000000
vt -0.078540 43.601684 0.000000
vt -0.078540 43.864345 0.000000
vt 0.000000 0.000000 0.000000
vt 0.000000 0.262661 0.000000
vt 0.000000 0.525321 0.000000
vt 0.000000 0.787982 0.000000
vt 0.000000 1.050643 0.000000
vt 0.000000 1.313304 0.000000
vt 0.000000 1.575964 0.000000
vt 0.000000 1.838625 0.000000
vt 0.000000 2.101286 0.000000
vt 0.000000 2.363947 0.000000
vt 0.000000 2.626607 0.000000
vt 0.000000 2.889268 0.000000
vt 0.000000 3.151929 0.000000
vt 0.000000 3.414590 0.000000
vt 0.000000 3.677250 0.000000
vt 0.000000 3.939911 0.000000
vt 0.000000 4.202572 0.000000
vt 0.000000 4.465233 0.000000
vt 0.000000 4.727893 0.000000
vt 0.000000 4.990554 0.000000
vt 0.000000 5.253215 0.000000
vt 0.000000 5.515876 0.000000
vt 0.000000 5.778536 0.000000
vt 0.000000 6.041197 0.000000
vt 0.000000 6.303858 0.000000
vt 0.000000 6.566519 0.000000
vt 0.000000 6.829179 0.000000
vt 0.000000 7.091840 0.000000
vt 0.000000 7.354501 0.000000
vt 0.000000 7.617162 0.000000
vt 0.000000 7.879822 0.000000
vt 0.000000 8.142483 0.000000
vt 0.000000 8.405144 0.000000
vt 0.000000 8.669857 0.000000
vt 0.000000 8.930465 0.000000
vt 0.000000 9.193126 0.000000
vt 0.000000 9.455787 0.000000
vt 0.000000 9.718448 0.000000
vt 0.000000 9.981108 0.000000
vt 0.000000 10.243769 0.000000
vt 0.000000 10.506430 0.000000
vt 0.000000 10.769091 0.000000
vt 0.000000 11.031751 0.000000
vt 0.000000 11.294412 0.000000
vt 0.000000 11.557073 0.000000
vt 0.000000 11.819734 0.000000
vt 0.000000 12.082394 0.000000
vt 0.000000 12.345055 0.000000
vt 0.000000 12.607716 0.000000
vt 0.000000 12.870377 0.000000
vt 0.000000 13.133037 0.000000
vt 0.000000 13.395698 0.000000
vt 0.000000 13.658359 0.000000
vt 0.000000 13.921020 0.000000
vt 0.000000 14.183680 0.000000
vt 0.000000 14.446341 0.000000
vt 0.000000 14.709002 0.000000
vt 0.000000 14.971663 0.000000
vt 0.000000 15.234323 0.000000
vt 0.000000 15.496984 0.000000
vt 0.000000 15.759645 0.000000
vt 0.000000 16.022306 0.000000
vt 0.000000 16.284966 0.000000
vt 0.000000 16.547627 0.000000
vt 0.000000 16.810288 0.000000
vt 0.000000 17.072949 0.000000
vt 0.000000 17.335609 0.000000
vt 0.000000 17.598270 0.000000
vt 0.000000 17.859905 0.000000
vt 0.000000 18.123592 0.000000
vt 0.000000 18.386252 0.000000
vt 0.000000 18.648913 0.000000
vt 0.000000 18.911574 0.000000
vt 0.000000 19.174234 0.000000
vt 0.000000 19.436895 0.000000
vt 0.000000 19.699556 0.000000
vt 0.000000 19.962217 0.000000
vt 0.000000 20.224877 0.000000
vt 0.000000 20.487538 0.000000
vt 0.000000 20.750199 0.000000
vt 0.000000 21.012860 0.000000
vt 0.000000 21.275520 0.000000
vt 0.000000 21.538181 0.000000
vt 0.000000 21.800842 0.000000
vt 0.000000 22.063503 0.000000
vt 0.000000 22.326163 0.000000
vt 0.000000 22.588824 0.000000
vt 0.000000 22.851485 0.000000
vt 0.000000 23.114146 0.000000
vt 0.000000 23.376806 0.000000
vt 0.000000 23.639467 0.000000
vt 0.000000 23.902128 0.000000
vt 0.000000 24.164789 0.000000
vt 0.000000 24.427449 0.000000
vt 0.000000 24.690110 0.000000
vt 0.000000 24.952771 0.000000
vt 0.000000 25.215432 0.000000
vt 0.000000 25.478092 0.000000
vt 0.000000 25.740753 0.000000
vt 0.000000 26.003414 0.000000
vt 0.000000 26.266075 0.000000
vt 0.000000 26.529761 0.000000
vt 0.000000 26.791396 0.000000
vt 0.000000 27.054057 0.000000
vt 0.000000 27.316718 0.000000
vt 0.000000 27.579378 0.000000
vt 0.000000 27.842039 0.000000
vt 0.000000 28.104700 0.000000
vt 0.000000 28.367361 0.000000
vt 0.000000 28.630021 0.000000
vt 0.000000 28.892682 0.000000
vt 0.000000 29.155343 0.000000
vt 0.000000 29.418004 0.000000
vt 0.000000 29.680664 0.000000
vt 0.000000 29.943325 0.000000
vt 0.000000 30.205986 0.000000
vt 0.000000 30.468647 0.000000
vt 0.000000 30.731307 0.000000
vt 0.000000 30.993968 0.000000
vt 0.000000 31.256629 0.000000
vt 0.000000 31.519290 0.000000
vt 0.000000 31.781950 0.000000
vt 0.000000 32.044611 0.000000
vt 0.000000 32.307272 0.000000
vt 0.000000 32.569933 0.000000
vt 0.000000 32.832593 0.000000
vt 0.000000 33.095254 0.000000
vt 0.000000 33.357915 0.000000
vt 0.000000 33.620576 0.000000
vt 0.000000 33.883236 0.000000
vt 0.000000 34.145897 0.000000
vt 0.000000 34.408558 0.000000
vt 0.000000 34.671219 0.000000
vt 0.000000 34.933879 0.000000
vt 0.000000 35.196540 0.000000
vt 0.000000 35.459201 0.000000
vt 0.000000 35.719809 0.000000
vt 0.000000 35.984522 0.000000
vt 0.000000 36.247183 0.000000
vt 0.000000 36.509844 0.000000
vt 0.000000 36.772505 0.000000
vt 0.000000 37.035165 0.000000
vt 0.000000 37.297826 0.000000
vt 0.000000 37.560487 0.000000
vt 0.000000 37.823147 0.000000
vt 0.000000 38.085808 0.000000
vt 0.000000 38.348469 0.000000
vt 0.000000 38.611130 0.000000
vt 0.000000 38.873790 0.000000
vt 0.000000 39.136451 0.000000
vt 0.000000 39.399112 0.000000
vt 0.000000 39.661773 0.000000
vt 0.000000 39.924433 0.000000
vt 0.000000 40.187094 0.000000
vt 0.000000 40.449755 0.000000
vt 0.000000 40.712416 0.000000
vt 0.000000 40.975076 0.000000
vt 0.000000 41.237737 0.000000
vt 0.000000 41.500398 0.000000
vt 0.000000 41.763059 0.000000
vt 0.000000 42.025719 0.000000
vt 0.000000 42.288380 0.000000
vt 0.000000 42.551041 0.000000
vt 0.000000 42.813702 0.000000
vt 0.000000 43.076362 0.000000
vt 0.000000 43.339023 0.000000
vt 0.000000 43.601684 0.000000
vt 0.000000 43.864345 0.000000
vt 0.078540 0.000000 0.000000
vt 0.078540 0.262661 0.000000
vt 0.078540 0.525321 0.000000
vt 0.078540 0.787982 0.000000
vt 0.078540 1.050643 0.000000
vt 0.078540 1.313304 0.000000
vt 0.078540 1.575964 0.000000
vt 0.078540 1.838625 0.000000
vt 0.078540 2.101286 0.000000
vt 0.078540 2.363947 0.000000
vt 0.078540 2.626607 0.000000
vt 0.078540 2.889268 0.000000
vt 0.078540 3.151929 0.000000
vt 0.078540 3.414590 0.000000
vt 0.078540 3.677250 0.000000
vt 0.078540 3.939911 0.000000
vt 0.078540 4.202572 0.000000
vt 0.078540 4.465233 0.000000
vt 0.078540 4.727893 0.000000
vt 0.078540 4.990554 0.000000
vt 0.078540 5.253215 0.000000
vt 0.078540 5.515876 0.000000
vt 0.078540 5.778536 0.000000
vt 0.078540 6.041197 0.000000
vt 0.078540 6.303858 0.000000
vt 0.078540 6.566519 0.000000
vt 0.078540 6.829179 0.000000
vt 0.078540 7.091840 0.000000
vt 0.078540 7.354501 0.000000
vt 0.078540 7.617162 0.000000
vt 0.078540 7.879822 0.000000
vt 0.078540 8.142483 0.000000
vt 0.078540 8.405144 0.000000
vt 0.078540 8.669857 0.000000
vt 0.078540 8.930465 0.000000
vt 0.078540 9.193126 0.000000
vt 0.078540 9.455787 0.000000
vt 0.078540 9.718448 0.000000
vt 0.078540 9.981108 0.000000
vt 0.078540 10.243769 0.000000
vt 0.078540 10.506430 0.000000
vt 0.078540 10.769091 0.000000
vt 0.078540 11.031751 0.000000
vt 0.078540 11.294412 0.000000
vt 0.078540 11.557073 0.000000
vt 0.078540 11.819734 0.000000
vt 0.078540 12.082394 0.000000
vt 0.078540 12.345055 0.000000
vt 0.078540 12.607716 0.000000
vt 0.078540 12.870377 0.000000
vt 0.078540 13.133037 0.000000
vt 0.078540 13.395698 0.000000
vt 0.078540 13.658359 0.000000
vt 0.078540 13.921020 0.000000
vt 0.078540 14.183680 0.000000
vt 0.078540 14.446341 0.000000
vt 0.078540 14.709002 0.000000
vt 0.078540 14.971663 0.000000
vt 0.078540 15.234323 0.000000
vt 0.078540 15.496984 0.000000
vt 0.078540 15.759645 0.000000
vt 0.078540 16.022306 0.000000
vt 0.078540 16.284966 0.000000
vt 0.078540 16.547627 0.000000
vt 0.078540 16.810288 0.000000
vt 0.078540 17.072949 0.000000
vt 0.078540 17.335609 0.000000
vt 0.078540 17.598270 0.000000
vt 0.078540 17.859905 0.000000
vt 0.078540 18.123592 0.000000
vt 0.078540 18.386252 0.000000
vt 0.078540 18.648913 0.000000
vt 0.078540 18.911574 0.000000
vt 0.078540 19.174234 0.000000
vt 0.078540 19.436895 0.000000
vt 0.078540 19.699556 0.000000
vt 0.078540 19.962217 0.000000
vt 0.078540 20.224877 0.000000
vt 0.078540 20.487538 0.000000
vt 0.078540 20.750199 0.000000
vt 0.078540 21.012860 0.000000
vt 0.078540 21.275520 0.000000
vt 0.078540 21.538181 0.000000
vt 0.078540 21.800842 0.000000
vt 0.078540 22.063503 0.000000
vt 0.078540 22.326163 0.000000
vt 0.078540 22.588824 0.000000
vt 0.078540 22.851485 0.000000
vt 0.078540 23.114146 0.000000
vt 0.078540 23.376806 0.000000
vt 0.078540 23.639467 0.000000
vt 0.078540 23.902128 0.000000
vt 0.078540 24.164789 0.000000
vt 0.078540 24.427449 0.000000
vt 0.078540 24.690110 0.000000
vt 0.078540 24.952771 0.000000
vt 0.078540 25.215432 0.000000
vt 0.078540 25.478092 0.000000
vt 0.078540 25.740753 0.000000
vt 0.078540 26.003414 0.000000
vt 0.078540 26.266075 0.000000
vt 0.078540 26.529761 0.000000
vt 0.078540 26.791396 0.000000
vt 0.078540 27.054057 0.000000
vt 0.078540 27.316718 0.000000
vt 0.078540 27.579378 0.000000
vt 0.078540 27.842039 0.000000
vt 0.078540 28.104700 0.000000
vt 0.078540 28.367361 0.000000
vt 0.078540 28.630021 0.000000
vt 0.078540 28.892682 0.000000
vt 0.078540 29.155343 0.000000
vt 0.078540 29.418004 0.000000
vt 0.078540 29.680664 0.000000
vt 0.078540 29.943325 0.000000
vt 0.078540 30.205986 0.000000
vt 0.078540 30.468647 0.000000
vt 0.078540 30.731307 0.000000
vt 0.078540 30.993968 0.000000
vt 0.078540 31.256629 0.000000
vt 0.078540 31.519290 0.000000
vt 0.078540 31.781950 0.000000
vt 0.078540 32.044611 0.000000
vt 0.078540 32.307272 0.000000
vt 0.078540 32.569933 0.000000
vt 0.078540 32.832593 0.000000
vt 0.078540 33.095254 0.000000
vt 0.078540 33.357915 0.000000
vt 0.078540 33.620576 0.000000
vt 0.078540 33.883236 0.000000
vt 0.078540 34.145897 0.000000
vt 0.078540 34.408558 0.000000
vt 0.078540 34.671219 0.000000
vt 0.078540 34.933879 0.000000
vt 0.078540 35.196540 0.000000
vt 0.078540 35.459201 0.000000
vt 0.078540 35.719809 0.000000
vt 0.078540 35.984522 0.000000
vt 0.078540 36.247183 0.000000
vt 0.078540 36.509844 0.000000
vt 0.078540 36.772505 0.000000
vt 0.078540 37.035165 0.000000
vt 0.078540 37.297826 0.000000
vt 0.078540 37.560487 0.000000
vt 0.078540 37.823147 0.000000
vt 0.078540 38.085808 0.000000
vt 0.078540 38.348469 0.000000
vt 0.078540 38.611130 0.000000
vt 0.078540 38.873790 0.000000
vt 0.078540 39.136451 0.000000
vt 0.078540 39.399112 0.000000
vt 0.078540 39.661773 0.000000
vt 0.078540 39.924433 0.000000
vt 0.078540 40.187094 0.000000
vt 0.078540 40.449755 0.000000
vt 0.078540 40.712416 0.000000
vt 0.078540 40.975076 0.000000
vt 0.078540 41.237737 0.000000
vt 0.078540 41.500398 0.000000
vt 0.078540 41.763059 0.000000
vt 0.078540 42.025719 0.000000
vt 0.078540 42.288380 0.000000
vt 0.078540 42.551041 0.000000
vt 0.078540 42.813702 0.000000
vt 0.078540 43.076362 0.000000
vt 0.078540 43.339023 0.000000
vt 0.078540 43.601684 0.000000
vt 0.078540 43.864345 0.000000
vt 0.157080 0.000000 0.000000
vt 0.157080 0.262661 0.000000
vt 0.157080 0.525321 0.000000
vt 0.157080 0.787982 0.000000
vt 0.157080 1.050643 0.000000
vt 0.157080 1.313304 0.000000
vt 0.157080 1.575964 0.000000
vt 0.157080 1.838625 0.000000
vt 0.157080 2.101286 0.000000
vt 0.157080 2.363947 0.000000
vt 0.157080 2.626607 0.000000
vt 0.157080 2.889268 0.000000
vt 0.157080 3.151929 0.000000
vt 0.157080 3.414590 0.000000
vt 0.157080 3.677250 0.000000
vt 0.157080 3.939911 0.000000
vt 0.157080 4.202572 0.000000
vt 0.157080 4.465233 0.000000
vt 0.157080 4.727893 0.000000
vt 0.157080 4.990554 0.000000
vt 0.157080 5.253215 0.000000
vt 0.157080 5.515876 0.000000
vt 0.157080 5.778536 0.000000
vt 0.157080 6.041197 0.000000
vt 0.157080 6.303858 0.000000
vt 0.157080 6.566519 0.000000
vt 0.157080 6.829179 0.000000
vt 0.157080 7.091840 0.000000
vt 0.157080 7.354501 0.000000
vt 0.157080 7.617162 0.000000
vt 0.157080 7.879822 0.000000
vt 0.157080 8.142483 0.000000
vt 0.157080 8.405144 0.000000
vt 0.157080 8.669857 0.000000
vt 0.157080 8.930465 0.000000
vt 0.157080 9.193126 0.000000
vt 0.157080 9.455787 0.000000
vt 0.157080 9.718448 0.000000
vt 0.157080 9.981108 0.000000
vt 0.157080 10.243769 0.000000
vt 0.157080 10.506430 0.000000
vt 0.157080 10.769091 0.000000
vt 0.157080 11.031751 0.000000
vt 0.157080 11.294412 0.000000
vt 0.157080 11.557073 0.000000
vt 0.157080 11.819734 0.000000
vt 0.157080 12.082394 0.000000
vt 0.157080 12.345055 0.000000
vt 0.157080 12.607716 0.000000
vt 0.157080 12.870377 0.000000
vt 0.157080 13.133037 0.000000
vt 0.157080 13.395698 0.000000
vt 0.157080 13.658359 0.000000
vt 0.157080 13.921020 0.000000
vt 0.157080 14.183680 0.000000
vt 0.157080 14.446341 0.000000
vt 0.157080 14.709002 0.000000
vt 0.157080 14.971663 0.000000
vt 0.157080 15.234323 0.000000
vt 0.157080 15.496984 0.000000
vt 0.157080 15.759645 0.000000
vt 0.157080 16.022306 0.000000
vt 0.157080 16.284966 0.000000
vt 0.157080 16.547627 0.000000
vt 0.157080 16.810288 0.000000
vt 0.157080 17.072949 0.000000
vt 0.157080 17.335609 0.000000
vt 0.157080 17.598270 0.000000
vt 0.157080 17.859905 0.000000
vt 0.157080 18.123592 0.000000
vt 0.157080 18.386252 0.000000
vt 0.157080 18.648913 0.000000
vt 0.157080 18.911574 0.000000
vt 0.157080 19.174234 0.000000
vt 0.157080 19.436895 0.000000
vt 0.157080 19.699556 0.000000
vt 0.157080 19.962217 0.000000
vt 0.157080 20.224877 0.000000
vt 0.157080 20.487538 0.000000
vt 0.157080 20.750199 0.000000
vt 0.157080 21.012860 0.000000
vt 0.157080 21.275520 0.000000
vt 0.157080 21.538181 0.000000
vt 0.157080 21.800842 0.000000
vt 0.157080 22.063503 0.000000
vt 0.157080 22.326163 0.000000
vt 0.157080 22.588824 0.000000
vt 0.157080 22.851485 0.000000
vt 0.157080 23.114146 0.000000
vt 0.157080 23.376806 0.000000
vt 0.157080 23.639467 0.000000
vt 0.157080 23.902128 0.000000
vt 0.157080 24.164789 0.000000
vt 0.157080 24.427449 0.000000
vt 0.157080 24.690110 0.000000
vt 0.157080 24.952771 0.000000
vt 0.157080 25.215432 0.000000
vt 0.157080 25.478092 0.000000
vt 0.157080 25.740753 0.000000
vt 0.157080 26.003414 0.000000
vt 0.157080 26.266075 0.000000
vt 0.157080 26.529761 0.000000
vt 0.157080 26.791396 0.000000
vt 0.157080 27.054057 0.000000
vt 0.157080 27.316718 0.000000
vt 0.157080 27.579378 0.000000
vt 0.157080 27.842039 0.000000
vt 0.157080 28.104700 0.000000
vt 0.157080 28.367361 0.000000
vt 0.157080 28.630021 0.000000
vt 0.157080 28.892682 0.000000
vt 0.157080 29.155343 0.000000
vt 0.157080 29.418004 0.000000
vt 0.157080 29.680664 0.000000
vt 0.157080 29.943325 0.000000
vt 0.157080 30.205986 0.000000
vt 0.157080 30.468647 0.000000
vt 0.157080 30.731307 0.000000
vt 0.157080 30.993968 0.000000
vt 0.157080 31.256629 0.000000
vt 0.157080 31.519290 0.000000
vt 0.157080 31.781950 0.000000
vt 0.157080 32.044611 0.000000
vt 0.157080 32.307272 0.000000
vt 0.157080 32.569933 0.000000
vt 0.157080 32.832593 0.000000
vt 0.157080 33.095254 0.000000
vt 0.157080 33.357915 0.000000
vt 0.157080 33.620576 0.000000
vt 0.157080 33.883236 0.000000
vt 0.157080 34.145897 0.000000
vt 0.157080 34.408558 0.000000
vt 0.157080 34.671219 0.000000
vt 0.157080 34.933879 0.000000
vt 0.157080 35.196540 0.000000
vt 0.157080 35.459201 0.000000
vt 0.157080 35.719809 0.000000
vt 0.157080 35.984522 0.000000
vt 0.157080 36.247183 0.000000
vt 0.157080 36.509844 0.000000
vt 0.157080 36.772505 0.000000
vt 0.157080 37.035165 0.000000
vt 0.157080 37.297826 0.000000
vt 0.157080 37.560487 0.000000
vt 0.157080 37.823147 0.000000
vt 0.157080 38.085808 0.000000
vt 0.157080 38.348469 0.000000
vt 0.157080 38.611130 0.000000
vt 0.157080 38.873790 0.000000
vt 0.157080 39.136451 0.000000
vt 0.157080 39.399112 0.000000
vt 0.157080 39.661773 0.000000
vt 0.157080 39.924433 0.000000
vt 0.157080 40.187094 0.000000
vt 0.157080 40.449755 0.000000
vt 0.157080 40.712416 0.000000
vt 0.157080 40.975076 0.000000
vt 0.157080 41.237737 0.000000
vt 0.157080 41.500398 0.000000
vt 0.157080 41.763059 0.000000
vt 0.157080 42.025719 0.000000
vt 0.157080 42.288380 0.000000
vt 0.157080 42.551041 0.000000
vt 0.157080 42.813702 0.000000
vt 0.157080 43.076362 0.000000
vt 0.157080 43.339023 0.000000
vt 0.157080 43.601684 0.000000
vt 0.157080 43.864345 0.000000
vt 0.235619 0.000000 0.000000
vt 0.235619 0.262661 0.000000
vt 0.235619 0.525321 0.000000
vt 0.235619 0.787982 0.000000
vt 0.235619 1.050643 0.000000
vt 0.235619 1.313304 0.000000
vt 0.235619 1.575964 0.000000
vt 0.235619 1.838625 0.000000
vt 0.235619 2.101286 0.000000
vt 0.235619 2.363947 0.000000
vt 0.235619 2.626607 0.000000
vt 0.235619 2.889268 0.000000
vt 0.235619 3.151929 0.000000
vt 0.235619 3.414590 0.000000
vt 0.235619 3.677250 0.000000
vt 0.235619 3.939911 0.000000
vt 0.235619 4.202572 0.000000
vt 0.235619 4.465233 0.000000
vt 0.235619 4.727893 0.000000
vt 0.235619 4.990554 0.000000
vt 0.235619 5.253215 0.000000
vt 0.235619 5.515876 0.000000
vt 0.235619 5.778536 0.000000
vt 0.235619 6.041197 0.000000
vt 0.235619 6.303858 0.000000
vt 0.235619 6.566519 0.000000
vt 0.235619 6.829179 0.000000
vt 0.235619 7.091840 0.000000
vt 0.235619 7.354501 0.000000
vt 0.235619 7.617162 0.000000
vt 0.235619 7.879822 0.000000
vt 0.235619 8.142483 0.000000
vt 0.235619 8.405144 0.000000
vt 0.235619 8.669857 0.000000
vt 0.235619 8.930465 0.000000
vt 0.235619 9.193126 0.000000
vt 0.235619 9.455787 0.000000
vt 0.235619 9.718448 0.000000
vt 0.235619 9.981108 0.000000
vt 0.235619 10.243769 0.000000
vt 0.235619 10.506430 0.000000
vt 0.235619 10.769091 0.000000
vt 0.235619 11.031751 0.000000
vt 0.235619 11.294412 0.000000
vt 0.235619 11.557073 0.000000
vt 0.235619 11.819734 0.000000
vt 0.235619 12.082394 0.000000
vt 0.235619 12.345055 0.000000
vt 0.235619 12.607716 0.000000
vt 0.235619 12.870377 0.000000
vt 0.235619 13.133037 0.000000
vt 0.235619 13.395698 0.000000
vt 0.235619 13.658359 0.000000
vt 0.235619 13.921020 0.000000
vt 0.235619 14.183680 0.000000
vt 0.235619 14.446341 0.000000
vt 0.235619 14.709002 0.000000
vt 0.235619 14.971663 0.000000
vt 0.235619 15.234323 0.000000
vt 0.235619 15.496984 0.000000
vt 0.235619 15.759645 0.000000
vt 0.235619 16.022306 0.000000
vt 0.235619 16.284966 0.000000
vt 0.235619 16.547627 0.000000
vt 0.235619 16.810288 0.000000
vt 0.235619 17.072949 0.000000
vt 0.235619 17.335609 0.000000
vt 0.235619 17.598270 0.000000
vt 0.235619 17.859905 0.000000
vt 0.235619 18.123592 0.000000
vt 0.235619 18.386252 0.000000
vt 0.235619 18.648913 0.000000
vt 0.235619 18.911574 0.000000
vt 0.235619 19.174234 0.000000
vt 0.235619 19.436895 0.000000
vt 0.235619 19.699556 0.000000
vt 0.235619 19.962217 0.000000
vt 0.235619 20.224877 0.000000
vt 0.235619 20.487538 0.000000
vt 0.235619 20.750199 0.000000
vt 0.235619 21.012860 0.000000
vt 0.235619 21.275520 0.000000
vt 0.235619 21.538181 0.000000
vt 0.235619 21.800842 0.000000
vt 0.235619 22.063503 0.000000
vt 0.235619 22.326163 0.000000
vt 0.235619 22.588824 0.000000
vt 0.235619 22.851485 0.000000
vt 0.235619 23.114146 0.000000
vt 0.235619 23.376806 0.000000
vt 0.235619 23.639467 0.000000
vt 0.235619 23.902128 0.000000
vt 0.235619 24.164789 0.000000
vt 0.235619 24.427449 0.000000
vt 0.235619 24.690110 0.000000
vt 0.235619 24.952771 0.000000
vt 0.235619 25.215432 0.000000
vt 0.235619 25.478092 0.000000
vt 0.235619 25.740753 0.000000
vt 0.235619 26.003414 0.000000
vt 0.235619 26.266075 0.000000
vt 0.235619 26.529761 0.000000
vt 0.235619 26.791396 0.000000
vt 0.235619 27.054057 0.000000
vt 0.235619 27.316718 0.000000
vt 0.235619 27.579378 0.000000
vt 0.235619 27.842039 0.000000
vt 0.235619 28.104700 0.000000
vt 0.235619 28.367361 0.000000
vt 0.235619 28.630021 0.000000
vt 0.235619 28.892682 0.000000
vt 0.235619 29.155343 0.000000
vt 0.235619 29.418004 0.000000
vt 0.235619 29.680664 0.000000
vt 0.235619 29.943325 0.000000
vt 0.235619 30.205986 0.000000
vt 0.235619 30.468647 0.000000
vt 0.235619 30.731307 0.000000
vt 0.235619 30.993968 0.000000
vt 0.235619 31.256629 0.000000
vt 0.235619 31.519290 0.000000
vt 0.235619 31.781950 0.000000
vt 0.235619 32.044611 0.000000
vt 0.235619 32.307272 0.000000
vt 0.235619 32.569933 0.000000
vt 0.235619 32.832593 0.000000
vt 0.235619 33.095254 0.000000
vt 0.235619 33.357915 0.000000
vt 0.235619 33.620576 0.000000
vt 0.235619 33.883236 0.000000
vt 0.235619 34.145897 0.000000
vt 0.235619 34.408558 0.000000
vt 0.235619 34.671219 0.000000
vt 0.235619 34.933879 0.000000
vt 0.235619 35.196540 0.000000
vt 0.235619 35.459201 0.000000
vt 0.235619 35.719809 0.000000
vt 0.235619 35.984522 0.000000
vt 0.235619 36.247183 0.000000
vt 0.235619 36.509844 0.000000
vt 0.235619 36.772505 0.000000
vt 0.235619 37.035165 0.000000
vt 0.235619 37.297826 0.000000
vt 0.235619 37.560487 0.000000
vt 0.235619 37.823147 0.000000
vt 0.235619 38.085808 0.000000
vt 0.235619 38.348469 0.000000
vt 0.235619 38.611130 0.000000
vt 0.235619 38.873790 0.000000
vt 0.235619 39.136451 0.000000
vt 0.235619 39.399112 0.000000
vt 0.235619 39.661773 0.000000
vt 0.235619 39.924433 0.000000
vt 0.235619 40.187094 0.000000
vt 0.235619 40.449755 0.000000
vt 0.235619 40.712416 0.000000
vt 0.235619 40.975076 0.000000
vt 0.235619 41.237737 0.000000
vt 0.235619 41.500398 0.000000
vt 0.235619 41.763059 0.000000
vt 0.235619 42.025719 0.000000
vt 0.235619 42.288380 0.000000
vt 0.235619 42.551041 0.000000
vt 0.235619 42.813702 0.000000
vt 0.235619 43.076362 0.000000
vt 0.235619 43.339023 0.000000
vt 0.235619 43.601684 0.000000
vt 0.235619 43.864345 0.000000
vt 0.314159 0.000000 0.000000
vt 0.314159 0.262661 0.000000
vt 0.314159 0.525321 0.000000
vt 0.314159 0.787982 0.000000
vt 0.314159 1.050643 0.000000
vt 0.314159 1.313304 0.000000
vt 0.314159 1.575964 0.000000
vt 0.314159 1.838625 0.000000
vt 0.314159 2.101286 0.000000
vt 0.314159 2.363947 0.000000
vt 0.314159 2.626607 0.000000
vt 0.314159 2.889268 0.000000
vt 0.314159 3.151929 0.000000
vt 0.314159 3.414590 0.000000
vt 0.314159 3.677250 0.000000
vt 0.314159 3.939911 0.000000
vt 0.314159 4.202572 0.000000
vt 0.314159 4.465233 0.000000
vt 0.314159 4.727893 0.000000
vt 0.314159 4.990554 0.000000
vt 0.314159 5.253215 0.000000
vt 0.314159 5.515876 0.000000
vt 0.314159 5.778536 0.000000
vt 0.314159 6.041197 0.000000
vt 0.314159 6.303858 0.000000
vt 0.314159 6.566519 0.000000
vt 0.314159 6.829179 0.000000
vt 0.314159 7.091840 0.000000
vt 0.314159 7.354501 0.000000
vt 0.314159 7.617162 0.000000
vt 0.314159 7.879822 0.000000
vt 0.314159 8.142483 0.000000
vt 0.314159 8.405144 0.000000
vt 0.314159 8.669857 0.000000
vt 0.314159 8.930465 0.000000
vt 0.314159 9.193126 0.000000
vt 0.314159 9.455787 0.000000
vt 0.314159 9.718448 0.000000
vt 0.314159 9.981108 0.000000
vt 0.314159 10.243769 0.000000
vt 0.314159 10.506430 0.000000
vt 0.314159 10.769091 0.000000
vt 0.314159 11.031751 0.000000
vt 0.314159 11.294412 0.000000
vt 0.314159 11.557073 0.000000
vt 0.314159 11.819734 0.000000
vt 0.314159 12.082394 0.000000
vt 0.314159 12.345055 0.000000
vt 0.314159 12.607716 0.000000
vt 0.314159 12.870377 0.000000
vt 0.314159 13.133037 0.000000
vt 0.314159 13.395698 0.000000
vt 0.314159 13.658359 0.000000
vt 0.314159 13.921020 0.000000
vt 0.314159 14.183680 0.000000
vt 0.314159 14.446341 0.000000
vt 0.314159 14.709002 0.000000
vt 0.314159 14.971663 0.000000
vt 0.314159 15.234323 0.000000
vt 0.314159 15.496984 0.000000
vt 0.314159 15.759645 0.000000
vt 0.314159 16.022306 0.000000
vt 0.314159 16.284966 0.000000
vt 0.314159 16.547627 0.000000
vt 0.314159 16.810288 0.000000
vt 0.314159 17.072949 0.000000
vt 0.314159 17.335609 0.000000
vt 0.314159 17.598270 0.000000
vt 0.314159 17.859905 0.000000
vt 0.314159 18.123592 0.000000
vt 0.314159 18.386252 0.000000
vt 0.314159 18.648913 0.000000
vt 0.314159 18.911574 0.000000
vt 0.314159 19.174234 0.000000
vt 0.314159 19.436895 0.000000
vt 0.314159 19.699556 0.000000
vt 0.314159 19.962217 0.000000
vt 0.314159 20.224877 0.000000
vt 0.314159 20.487538 0.000000
vt 0.314159 20.750199 0.000000
vt 0.314159 21.012860 0.000000
vt 0.314159 21.275520 0.000000
vt 0.314159 21.538181 0.000000
vt 0.314159 21.800842 0.000000
vt 0.314159 22.063503 0.000000
vt 0.314159 22.326163 0.000000
vt 0.314159 22.588824 0.000000
vt 0.314159 22.851485 0.000000
vt 0.314159 23.114146 0.000000
vt 0.314159 23.376806 0.000000
vt 0.314159 23.639467 0.000000
vt 0.314159 23.902128 0.000000
vt 0.314159 24.164789 0.000000
vt 0.314159 24.427449 0.000000
vt 0.314159 24.690110 0.000000
vt 0.314159 24.952771 0.000000
vt 0.314159 25.215432 0.000000
vt 0.314159 25.478092 0.000000
vt 0.314159 25.740753 0.000000
vt 0.314159 26.003414 0.000000
vt 0.314159 26.266075 0.000000
vt 0.314159 26.529761 0.000000
vt 0.314159 26.791396 0.000000
vt 0.314159 27.054057 0.000000
vt 0.314159 27.316718 0.000000
vt 0.314159 27.579378 0.000000
vt 0.314159 27.842039 0.000000
vt 0.314159 28.104700 0.000000
vt 0.314159 28.367361 0.000000
vt 0.314159 28.630021 0.000000
vt 0.314159 28.892682 0.000000
vt 0.314159 29.155343 0.000000
vt 0.314159 29.418004 0.000000
vt 0.314159 29.680664 0.000000
vt 0.314159 29.943325 0.000000
vt 0.314159 30.205986 0.000000
vt 0.314159 30.468647 0.000000
vt 0.314159 30.731307 0.000000
vt 0.314159 30.993968 0.000000
vt 0.314159 31.256629 0.000000
vt 0.314159 31.519290 0.000000
vt 0.314159 31.781950 0.000000
vt 0.314159 32.044611 0.000000
vt 0.314159 32.307272 0.000000
vt 0.314159 32.569933 0.000000
vt 0.314159 32.832593 0.000000
vt 0.314159 33.095254 0.000000
vt 0.314159 33.357915 0.000000
vt 0.314159 33.620576 0.000000
vt 0.314159 33.883236 0.000000
vt 0.314159 34.145897 0.000000
vt 0.314159 34.408558 0.000000
vt 0.314159 34.671219 0.000000
vt 0.314159 34.933879 0.000000
vt 0.314159 35.196540 0.000000
vt 0.314159 35.459201 0.000000
vt 0.314159 35.719809 0.000000
vt 0.314159 35.984522 0.000000
vt 0.314159 36.247183 0.000000
vt 0.314159 36.509844 0.000000
vt 0.314159 36.772505 0.000000
vt 0.314159 37.035165 0.000000
vt 0.314159 37.297826 0.000000
vt 0.314159 37.560487 0.000000
vt 0.314159 37.823147 0.000000
vt 0.314159 38.085808 0.000000
vt 0.314159 38.348469 0.000000
vt 0.314159 38.611130 0.000000
vt 0.314159 38.873790 0.000000
vt 0.314159 39.136451 0.000000
vt 0.314159 39.399112 0.000000
vt 0.314159 39.661773 0.000000
vt 0.314159 39.924433 0.000000
vt 0.314159 40.187094 0.000000
vt 0.314159 40.449755 0.000000
vt 0.314159 40.712416 0.000000
vt 0.314159 40.975076 0.000000
vt 0.314159 41.237737 0.000000
vt 0.314159 41.500398 0.000000
vt 0.314159 41.763059 0.000000
vt 0.314159 42.025719 0.000000
vt 0.314159 42.288380 0.000000
vt 0.314159 42.551041 0.000000
vt 0.314159 42.813702 0.000000
vt 0.314159 43.076362 0.000000
vt 0.314159 43.339023 0.000000
vt 0.314159 43.601684 0.000000
vt 0.314159 43.864345 0.000000
vt 0.392699 0.000000 0.000000
vt 0.392699 0.262661 0.000000
vt 0.392699 0.525321 0.000000
vt 0.392699 0.787982 0.000000
vt 0.392699 1.050643 0.000000
vt 0.392699 1.313304 0.000000
vt 0.392699 1.575964 0.000000
vt 0.392699 1.838625 0.000000
vt 0.392699 2.101286 0.000000
vt 0.392699 2.363947 0.000000
vt 0.392699 2.626607 0.000000
vt 0.392699 2.889268 0.000000
vt 0.392699 3.151929 0.000000
vt 0.392699 3.414590 0.000000
vt 0.392699 3.677250 0.000000
vt 0.392699 3.939911 0.000000
vt 0.392699 4.202572 0.000000
vt 0.392699 4.465233 0.000000
vt 0.392699 4.727893 0.000000
vt 0.392699 4.990554 0.000000
vt 0.392699 5.253215 0.000000
vt 0.392699 5.515876 0.000000
vt 0.392699 5.778536 0.000000
vt 0.392699 6.041197 0.000000
vt 0.392699 6.303858 0.000000
vt 0.392699 6.566519 0.000000
vt 0.392699 6.829179 0.000000
vt 0.392699 7.091840 0.000000
vt 0.392699 7.354501 0.000000
vt 0.392699 7.617162 0.000000
vt 0.392699 7.879822 0.000000
vt 0.392699 8.142483 0.000000
vt 0.392699 8.405144 0.000000
vt 0.392699 8.669857 0.000000
vt 0.392699 8.930465 0.000000
vt 0.392699 9.193126 0.000000
vt 0.392699 9.455787 0.000000
vt 0.392699 9.718448 0.000000
vt 0.392699 9.981108 0.000000
vt 0.392699 10.243769 0.000000
vt 0.392699 10.506430 0.000000
vt 0.392699 10.769091 0.000000
vt 0.392699 11.031751 0.000000
vt 0.392699 11.294412 0.000000
vt 0.392699 11.557073 0.000000
vt 0.392699 11.819734 0.000000
vt 0.392699 12.082394 0.000000
vt 0.392699 12.345055 0.000000
vt 0.392699 12.607716 0.000000
vt 0.392699 12.870377 0.000000
vt 0.392699 13.133037 0.000000
vt 0.392699 13.395698 0.000000
vt 0.392699 13.658359 0.000000
vt 0.392699 13.921020 0.000000
vt 0.392699 14.183680 0.000000
vt 0.392699 14.446341 0.000000
vt 0.392699 14.709002 0.000000
vt 0.392699 14.971663 0.000000
vt 0.392699 15.234323 0.000000
vt 0.392699 15.496984 0.000000
vt 0.392699 15.759645 0.000000
vt 0.392699 16.022306 0.000000
vt 0.392699 16.284966 0.000000
vt 0.392699 16.547627 0.000000
vt 0.392699 16.810288 0.000000
vt 0.392699 17.072949 0.000000
vt 0.392699 17.335609 0.000000
vt 0.392699 17.598270 0.000000
vt 0.392699 17.859905 0.000000
vt 0.392699 18.123592 0.000000
vt 0.392699 18.386252 0.000000
vt 0.392699 18.648913 0.000000
vt 0.392699 18.911574 0.000000
vt 0.392699 19.174234 0.000000
vt 0.392699 19.436895 0.000000
vt 0.392699 19.699556 0.000000
vt 0.392699 19.962217 0.000000
vt 0.392699 20.224877 0.000000
vt 0.392699 20.487538 0.000000
vt 0.392699 20.750199 0.000000
vt 0.392699 21.012860 0.000000
vt 0.392699 21.275520 0.000000
vt 0.392699 21.538181 0.000000
vt 0.392699 21.800842 0.000000
vt 0.392699 22.063503 0.000000
vt 0.392699 22.326163 0.000000
vt 0.392699 22.588824 0.000000
vt 0.392699 22.851485 0.000000
vt 0.392699 23.114146 0.000000
vt 0.392699 23.376806 0.000000
vt 0.392699 23.639467 0.000000
vt 0.392699 23.902128 0.000000
vt 0.392699 24.164789 0.000000
vt 0.392699 24.427449 0.000000
vt 0.392699 24.690110 0.000000
vt 0.392699 24.952771 0.000000
vt 0.392699 25.215432 0.000000
vt 0.392699 25.478092 0.000000
vt 0.392699 25.740753 0.000000
vt 0.392699 26.003414 0.000000
vt 0.392699 26.266075 0.000000
vt 0.392699 26.529761 0.000000
vt 0.392699 26.791396 0.000000
vt 0.392699 27.054057 0.000000
vt 0.392699 27.316718 0.000000
vt 0.392699 27.579378 0.000000
vt 0.392699 27.842039 0.000000
vt 0.392699 28.104700 0.000000
vt 0.392699 28.367361 0.000000
vt 0.392699 28.630021 0.000000
vt 0.392699 28.892682 0.000000
vt 0.392699 29.155343 0.000000
vt 0.392699 29.418004 0.000000
vt 0.392699 29.680664 0.000000
vt 0.392699 29.943325 0.000000
vt 0.392699 30.205986 0.000000
vt 0.392699 30.468647 0.000000
vt 0.392699 30.731307 0.000000
vt 0.392699 30.993968 0.000000
vt 0.392699 31.256629 0.000000
vt 0.392699 31.519290 0.000000
vt 0.392699 31.781950 0.000000
vt 0.392699 32.044611 0.000000
vt 0.392699 32.307272 0.000000
vt 0.392699 32.569933 0.000000
vt 0.392699 32.832593 0.000000
vt 0.392699 33.095254 0.000000
vt 0.392699 33.357915 0.000000
vt 0.392699 33.620576 0.000000
vt 0.392699 33.883236 0.000000
vt 0.392699 34.145897 0.000000
vt 0.392699 34.408558 0.000000
vt 0.392699 34.671219 0.000000
vt 0.392699 34.933879 0.000000
vt 0.392699 35.196540 0.000000
vt 0.392699 35.459201 0.000000
vt 0.392699 35.719809 0.000000
vt 0.392699 35.984522 0.000000
vt 0.392699 36.247183 0.000000
vt 0.392699 36.509844 0.000000
vt 0.392699 36.772505 0.000000
vt 0.392699 37.035165 0.000000
vt 0.392699 37.297826 0.000000
vt 0.392699 37.560487 0.000000
vt 0.392699 37.823147 0.000000
vt 0.392699 38.085808 0.000000
vt 0.392699 38.348469 0.000000
vt 0.392699 38.611130 0.000000
vt 0.392699 38.873790 0.000000
vt 0.392699 39.136451 0.000000
vt 0.392699 39.399112 0.000000
vt 0.392699 39.661773 0.000000
vt 0.392699 39.924433 0.000000
vt 0.392699 40.187094 0.000000
vt 0.392699 40.449755 0.000000
vt 0.392699 40.712416 0.000000
vt 0.392699 40.975076 0.000000
vt 0.392699 41.237737 0.000000
vt 0.392699 41.500398 0.000000
vt 0.392699 41.763059 0.000000
vt 0.392699 42.025719 0.000000
vt 0.392699 42.288380 0.000000
vt 0.392699 42.551041 0.000000
vt 0.392699 42.813702 0.000000
vt 0.392699 43.076362 0.000000
vt 0.392699 43.339023 0.000000
vt 0.392699 43.601684 0.000000
vt 0.392699 43.864345 0.000000
vt 0.471239 0.000000 0.000000
vt 0.471239 0.262661 0.000000
vt 0.471239 0.525321 0.000000
vt 0.471239 0.787982 0.000000
vt 0.471239 1.050643 0.000000
vt 0.471239 1.313304 0.000000
vt 0.471239 1.575964 0.000000
vt 0.471239 1.838625 0.000000
vt 0.471239 2.101286 0.000000
vt 0.471239 2.363947 0.000000
vt 0.471239 2.626607 0.000000
vt 0.471239 2.889268 0.000000
vt 0.471239 3.151929 0.000000
vt 0.471239 3.414590 0.000000
vt 0.471239 3.677250 0.000000
vt 0.471239 3.939911 0.000000
vt 0.471239 4.202572 0.000000
vt 0.471239 4.465233 0.000000
vt 0.471239 4.727893 0.000000
vt 0.471239 4.990554 0.000000
vt 0.471239 5.253215 0.000000
vt 0.471239 5.515876 0.000000
vt 0.471239 5.778536 0.000000
vt 0.471239 6.041197 0.000000
vt 0.471239 6.303858 0.000000
vt 0.471239 6.566519 0.000000
vt 0.471239 6.829179 0.000000
vt 0.471239 7.091840 0.000000
vt 0.471239 7.354501 0.000000
vt 0.471239 7.617162 0.000000
vt 0.471239 7.879822 0.000000
vt 0.471239 8.142483 0.000000
vt 0.471239 8.405144 0.000000
vt 0.471239 8.669857 0.000000
vt 0.471239 8.930465 0.000000
vt 0.471239 9.193126 0.000000
vt 0.471239 9.455787 0.000000
vt 0.471239 9.718448 0.000000
vt 0.471239 9.981108 0.000000
vt 0.471239 10.243769 0.000000
vt 0.471239 10.506430 0.000000
vt 0.471239 10.769091 0.000000
vt 0.471239 11.031751 0.000000
vt 0.471239 11.294412 0.000000
vt 0.471239 11.557073 0.000000
vt 0.471239 11.819734 0.000000
vt 0.471239 12.082394 0.000000
vt 0.471239 12.345055 0.000000
vt 0.471239 12.607716 0.000000
vt 0.471239 12.870377 0.000000
vt 0.471239 13.133037 0.000000
vt 0.471239 13.395698 0.000000
vt 0.471239 13.658359 0.000000
vt 0.471239 13.921020 0.000000
vt 0.471239 14.183680 0.000000
vt 0.471239 14.446341 0.000000
vt 0.471239 14.709002 0.000000
vt 0.471239 14.971663 0.000000
vt 0.471239 15.234323 0.000000
vt 0.471239 15.496984 0.000000
vt 0.471239 15.759645 0.000000
vt 0.471239 16.022306 0.000000
vt 0.471239 16.284966 0.000000
vt 0.471239 16.547627 0.000000
vt 0.471239 16.810288 0.000000
vt 0.471239 17.072949 0.000000
vt 0.471239 17.335609 0.000000
vt 0.471239 17.598270 0.000000
vt 0.471239 17.859905 0.000000
vt 0.471239 18.123592 0.000000
vt 0.471239 18.386252 0.000000
vt 0.471239 18.648913 0.000000
vt 0.471239 18.911574 0.000000
vt 0.471239 19.174234 0.000000
vt 0.471239 19.436895 0.000000
vt 0.471239 19.699556 0.000000
vt 0.471239 19.962217 0.000000
vt 0.471239 20.224877 0.000000
vt 0.471239 20.487538 0.000000
vt 0.471239 20.750199 0.000000
vt 0.471239 21.012860 0.000000
vt 0.471239 21.275520 0.000000
vt 0.471239 21.538181 0.000000
vt 0.471239 21.800842 0.000000
vt 0.471239 22.063503 0.000000
vt 0.471239 22.326163 0.000000
vt 0.471239 22.588824 0.000000
vt 0.471239 22.851485 0.000000
vt 0.471239 23.114146 0.000000
vt 0.471239 23.376806 0.000000
vt 0.471239 23.639467 0.000000
vt 0.471239 23.902128 0.000000
vt 0.471239 24.164789 0.000000
vt 0.471239 24.427449 0.000000
vt 0.471239 24.690110 0.000000
vt 0.471239 24.952771 0.000000
vt 0.471239 25.215432 0.000000
vt 0.471239 25.478092 0.000000
vt 0.471239 25.740753 0.000000
vt 0.471239 26.003414 0.000000
vt 0.471239 26.266075 0.000000
vt 0.471239 26.529761 0.000000
vt 0.471239 26.791396 0.000000
vt 0.471239 27.054057 0.000000
vt 0.471239 27.316718 0.000000
vt 0.471239 27.579378 0.000000
vt 0.471239 27.842039 0.000000
vt 0.471239 28.104700 0.000000
vt 0.471239 28.367361 0.000000
vt 0.471239 28.630021 0.000000
vt 0.471239 28.892682 0.000000
vt 0.471239 29.155343 0.000000
vt 0.471239 29.418004 0.000000
vt 0.471239 29.680664 0.000000
vt 0.471239 29.943325 0.000000
vt 0.471239 30.205986 0.000000
vt 0.471239 30.468647 0.000000
vt 0.471239 30.731307 0.000000
vt 0.471239 30.993968 0.000000
vt 0.471239 31.256629 0.000000
vt 0.471239 31.519290 0.000000
vt 0.471239 31.781950 0.000000
vt 0.471239 32.044611 0.000000
vt 0.471239 32.307272 0.000000
vt 0.471239 32.569933 0.000000
vt 0.471239 32.832593 0.000000
vt 0.471239 33.095254 0.000000
vt 0.471239 33.357915 0.000000
vt 0.471239 33.620576 0.000000
vt 0.471239 33.883236 0.000000
vt 0.471239 34.145897 0.000000
vt 0.471239 34.408558 0.000000
vt 0.471239 34.671219 0.000000
vt 0.471239 34.933879 0.000000
vt 0.471239 35.196540 0.000000
vt 0.471239 35.459201 0.000000
vt 0.471239 35.719809 0.000000
vt 0.471239 35.984522 0.000000
vt 0.471239 36.247183 0.000000
vt 0.471239 36.509844 0.000000
vt 0.471239 36.772505 0.000000
vt 0.471239 37.035165 0.000000
vt 0.471239 37.297826 0.000000
vt 0.471239 37.560487 0.000000
vt 0.471239 37.823147 0.000000
vt 0.471239 38.085808 0.000000
vt 0.471239 38.348469 0.000000
vt 0.471239 38.611130 0.000000
vt 0.471239 38.873790 0.000000
vt 0.471239 39.136451 0.000000
vt 0.471239 39.399112 0.000000
vt 0.471239 39.661773 0.000000
vt 0.471239 39.924433 0.000000
vt 0.471239 40.187094 0.000000
vt 0.471239 40.449755 0.000000
vt 0.471239 40.712416 0.000000
vt 0.471239 40.975076 0.000000
vt 0.471239 41.237737 0.000000
vt 0.471239 41.500398 0.000000
vt 0.471239 41.763059 0.000000
vt 0.471239 42.025719 0.000000
vt 0.471239 42.288380 0.000000
vt 0.471239 42.551041 0.000000
vt 0.471239 42.813702 0.000000
vt 0.471239 43.076362 0.000000
vt 0.471239 43.339023 0.000000
vt 0.471239 43.601684 0.000000
vt 0.471239 43.864345 0.000000
vt 0.549779 0.000000 0.000000
vt 0.549779 0.262661 0.000000
vt 0.549779 0.525321 0.000000
vt 0.549779 0.787982 0.000000
vt 0.549779 1.050643 0.000000
vt 0.549779 1.313304 0.000000
vt 0.549779 1.575964 0.000000
vt 0.549779 1.838625 0.000000
vt 0.549779 2.101286 0.000000
vt 0.549779 2.363947 0.000000
vt 0.549779 2.626607 0.000000
vt 0.549779 2.889268 0.000000
vt 0.549779 3.151929 0.000000
vt 0.549779 3.414590 0.000000
vt 0.549779 3.677250 0.000000
vt 0.549779 3.939911 0.000000
vt 0.549779 4.202572 0.000000
vt 0.549779 4.465233 0.000000
vt 0.549779 4.727893 0.000000
vt 0.549779 4.990554 0.000000
vt 0.549779 5.253215 0.000000
vt 0.549779 5.515876 0.000000
vt 0.549779 5.778536 0.000000
vt 0.549779 6.041197 0.000000
vt 0.549779 6.303858 0.000000
vt 0.549779 6.566519 0.000000
vt 0.549779 6.829179 0.000000
vt 0.549779 7.091840 0.000000
vt 0.549779 7.354501 0.000000
vt 0.549779 7.617162 0.000000
vt 0.549779 7.879822 0.000000
vt 0.549779 8.142483 0.000000
vt 0.549779 8.405144 0.000000
vt 0.549779 8.669857 0.000000
vt 0.549779 8.930465 0.000000
vt 0.549779 9.193126 0.000000
vt 0.549779 9.455787 0.000000
vt 0.549779 9.718448 0.000000
vt 0.549779 9.981108 0.000000
vt 0.549779 10.243769 0.000000
vt 0.549779 10.506430 0.000000
vt 0.549779 10.769091 0.000000
vt 0.549779 11.031751 0.000000
vt 0.549779 11.294412 0.000000
vt 0.549779 11.557073 0.000000
vt 0.549779 11.819734 0.000000
vt 0.549779 12.082394 0.000000
vt 0.549779 12.345055 0.000000
vt 0.549779 12.607716 0.000000
vt 0.549779 12.870377 0.000000
vt 0.549779 13.133037 0.000000
vt 0.549779 13.395698 0.000000
vt 0.549779 13.658359 0.000000
vt 0.549779 13.921020 0.000000
vt 0.549779 14.183680 0.000000
vt 0.549779 14.446341 0.000000
vt 0.549779 14.709002 0.000000
vt 0.549779 14.971663 0.000000
vt 0.549779 15.234323 0.000000
vt 0.549779 15.496984 0.000000
vt 0.549779 15.759645 0.000000
vt 0.549779 16.022306 0.000000
vt 0.549779 16.284966 0.000000
vt 0.549779 16.547627 0.000000
vt 0.549779 16.810288 0.000000
vt 0.549779 17.072949 0.000000
vt 0.549779 17.335609 0.000000
vt 0.549779 17.598270 0.000000
vt 0.549779 17.859905 0.000000
vt 0.549779 18.123592 0.000000
vt 0.549779 18.386252 0.000000
vt 0.549779 18.648913 0.000000
vt 0.549779 18.911574 0.000000
vt 0.549779 19.174234 0.000000
vt 0.549779 19.436895 0.000000
vt 0.549779 19.699556 0.000000
vt 0.549779 19.962217 0.000000
vt 0.549779 20.224877 0.000000
vt 0.549779 20.487538 0.000000
vt 0.549779 20.750199 0.000000
vt 0.549779 21.012860 0.000000
vt 0.549779 21.275520 0.000000
vt 0.549779 21.538181 0.000000
vt 0.549779 21.800842 0.000000
vt 0.549779 22.063503 0.000000
vt 0.549779 22.326163 0.000000
vt 0.549779 22.588824 0.000000
vt 0.549779 22.851485 0.000000
vt 0.549779 23.114146 0.000000
vt 0.549779 23.376806 0.000000
vt 0.549779 23.639467 0.000000
vt 0.549779 23.902128 0.000000
vt 0.549779 24.164789 0.000000
vt 0.549779 24.427449 0.000000
vt 0.549779 24.690110 0.000000
vt 0.549779 24.952771 0.000000
vt 0.549779 25.215432 0.000000
vt 0.549779 25.478092 0.000000
vt 0.549779 25.740753 0.000000
vt 0.549779 26.003414 0.000000
vt 0.549779 26.266075 0.000000
vt 0.549779 26.529761 0.000000
vt 0.549779 26.791396 0.000000
vt 0.549779 27.054057 0.000000
vt 0.549779 27.316718 0.000000
vt 0.549779 27.579378 0.000000
vt 0.549779 27.842039 0.000000
vt 0.549779 28.104700 0.000000
vt 0.549779 28.367361 0.000000
vt 0.549779 28.630021 0.000000
vt 0.549779 28.892682 0.000000
vt 0.549779 29.155343 0.000000
vt 0.549779 29.418004 0.000000
vt 0.549779 29.680664 0.000000
vt 0.549779 29.943325 0.000000
vt 0.549779 30.205986 0.000000
vt 0.549779 30.468647 0.000000
vt 0.549779 30.731307 0.000000
vt 0.549779 30.993968 0.000000
vt 0.549779 31.256629 0.000000
vt 0.549779 31.519290 0.000000
vt 0.549779 31.781950 0.000000
vt 0.549779 32.044611 0.000000
vt 0.549779 32.307272 0.000000
vt 0.549779 32.569933 0.000000
vt 0.549779 32.832593 0.000000
vt 0.549779 33.095254 0.000000
vt 0.549779 33.357915 0.000000
vt 0.549779 33.620576 0.000000
vt 0.549779 33.883236 0.000000
vt 0.549779 34.145897 0.000000
vt 0.549779 34.408558 0.000000
vt 0.549779 34.671219 0.000000
vt 0.549779 34.933879 0.000000
vt 0.549779 35.196540 0.000000
vt 0.549779 35.459201 0.000000
vt 0.549779 35.719809 0.000000
vt 0.549779 35.984522 0.000000
vt 0.549779 36.247183 0.000000
vt 0.549779 36.509844 0.000000
vt 0.549779 36.772505 0.000000
vt 0.549779 37.035165 0.000000
vt 0.549779 37.297826 0.000000
vt 0.549779 37.560487 0.000000
vt 0.549779 37.823147 0.000000
vt 0.549779 38.085808 0.000000
vt 0.549779 38.348469 0.000000
vt 0.549779 38.611130 0.000000
vt 0.549779 38.873790 0.000000
vt 0.549779 39.136451 0.000000
vt 0.549779 39.399112 0.000000
vt 0.549779 39.661773 0.000000
vt 0.549779 39.924433 0.000000
vt 0.549779 40.187094 0.000000
vt 0.549779 40.449755 0.000000
vt 0.549779 40.712416 0.000000
vt 0.549779 40.975076 0.000000
vt 0.549779 41.237737 0.000000
vt 0.549779 41.500398 0.000000
vt 0.549779 41.763059 0.000000
vt 0.549779 42.025719 0.000000
vt 0.549779 42.288380 0.000000
vt 0.549779 42.551041 0.000000
vt 0.549779 42.813702 0.000000
vt 0.549779 43.076362 0.000000
vt 0.549779 43.339023 0.000000
vt 0.549779 43.601684 0.000000
vt 0.549779 43.864345 0.000000
vt 0.628319 0.000000 0.000000
vt 0.628319 0.262661 0.000000
vt 0.628319 0.525321 0.000000
vt 0.628319 0.787982 0.000000
vt 0.628319 1.050643 0.000000
vt 0.628319 1.313304 0.000000
vt 0.628319 1.575964 0.000000
vt 0.628319 1.838625 0.000000
vt 0.628319 2.101286 0.000000
vt 0.628319 2.363947 0.000000
vt 0.628319 2.626607 0.000000
vt 0.628319 2.889268 0.000000
vt 0.628319 3.151929 0.000000
vt 0.628319 3.414590 0.000000
vt 0.628319 3.677250 0.000000
vt 0.628319 3.939911 0.000000
vt 0.628319 4.202572 0.000000
vt 0.628319 4.465233 0.000000
vt 0.628319 4.727893 0.000000
vt 0.628319 4.990554 0.000000
vt 0.628319 5.253215 0.000000
vt 0.628319 5.515876 0.000000
vt 0.628319 5.778536 0.000000
vt 0.628319 6.041197 0.000000
vt 0.628319 6.303858 0.000000
vt 0.628319 6.566519 0.000000
vt 0.628319 6.829179 0.000000
vt 0.628319 7.091840 0.000000
vt 0.628319 7.354501 0.000000
vt 0.628319 7.617162 0.000000
vt 0.628319 7.879822 0.000000
vt 0.628319 8.142483 0.000000
vt 0.628319 8.405144 0.000000
vt 0.628319 8.669857 0.000000
vt 0.628319 8.930465 0.000000
vt 0.628319 9.193126 0.000000
vt 0.628319 9.455787 0.000000
vt 0.628319 9.718448 0.000000
vt 0.628319 9.981108 0.000000
vt 0.628319 10.243769 0.000000
vt 0.628319 10.506430 0.000000
vt 0.628319 10.769091 0.000000
vt 0.628319 11.031751 0.000000
vt 0.628319 11.294412 0.000000
vt 0.628319 11.557073 0.000000
vt 0.628319 11.819734 0.000000
vt 0.628319 12.082394 0.000000
vt 0.628319 12.345055 0.000000
vt 0.628319 12.607716 0.000000
vt 0.628319 12.870377 0.000000
vt 0.628319 13.133037 0.000000
vt 0.628319 13.395698 0.000000
vt 0.628319 13.658359 0.000000
vt 0.628319 13.921020 0.000000
vt 0.628319 14.183680 0.000000
vt 0.628319 14.446341 0.000000
vt 0.628319 14.709002 0.000000
vt 0.628319 14.971663 0.000000
vt 0.628319 15.234323 0.000000
vt 0.628319 15.496984 0.000000
vt 0.628319 15.759645 0.000000
vt 0.628319 16.022306 0.000000
vt 0.628319 16.284966 0.000000
vt 0.628319 16.547627 0.000000
vt 0.628319 16.810288 0.000000
vt 0.628319 17.072949 0.000000
vt 0.628319 17.335609 0.000000
vt 0.628319 17.598270 0.000000
vt 0.628319 17.859905 0.000000
vt 0.628319 18.123592 0.000000
vt 0.628319 18.386252 0.000000
vt 0.628319 18.648913 0.000000
vt 0.628319 18.911574 0.000000
vt 0.628319 19.174234 0.000000
vt 0.628319 19.436895 0.000000
vt 0.628319 19.699556 0.000000
vt 0.628319 19.962217 0.000000
vt 0.628319 20.224877 0.000000
vt 0.628319 20.487538 0.000000
vt 0.628319 20.750199 0.000000
vt 0.628319 21.012860 0.000000
vt 0.628319 21.275520 0.000000
vt 0.628319 21.538181 0.000000
vt 0.628319 21.800842 0.000000
vt 0.628319 22.063503 0.000000
vt 0.628319 22.326163 0.000000
vt 0.628319 22.588824 0.000000
vt 0.628319 22.851485 0.000000
vt 0.628319 23.114146 0.000000
vt 0.628319 23.376806 0.000000
vt 0.628319 23.639467 0.000000
vt 0.628319 23.902128 0.000000
vt 0.628319 24.164789 0.000000
vt 0.628319 24.427449 0.000000
vt 0.628319 24.690110 0.000000
vt 0.628319 24.952771 0.000000
vt 0.628319 25.215432 0.000000
vt 0.628319 25.478092 0.000000
vt 0.628319 25.740753 0.000000
vt 0.628319 26.003414 0.000000
vt 0.628319 26.266075 0.000000
vt 0.628319 26.529761 0.000000
vt 0.628319 26.791396 0.000000
vt 0.628319 27.054057 0.000000
vt 0.628319 27.316718 0.000000
vt 0.628319 27.579378 0.000000
vt 0.628319 27.842039 0.000000
vt 0.628319 28.104700 0.000000
vt 0.628319 28.367361 0.000000
vt 0.628319 28.630021 0.000000
vt 0.628319 28.892682 0.000000
vt 0.628319 29.155343 0.000000
vt 0.628319 29.418004 0.000000
vt 0.628319 29.680664 0.000000
vt 0.628319 29.943325 0.000000
vt 0.628319 30.205986 0.000000
vt 0.628319 30.468647 0.000000
vt 0.628319 30.731307 0.000000
vt 0.628319 30.993968 0.000000
vt 0.628319 31.256629 0.000000
vt 0.628319 31.519290 0.000000
vt 0.628319 31.781950 0.000000
vt 0.628319 32.044611 0.000000
vt 0.628319 32.307272 0.000000
vt 0.628319 32.569933 0.000000
vt 0.628319 32.832593 0.000000
vt 0.628319 33.095254 0.000000
vt 0.628319 33.357915 0.000000
vt 0.628319 33.620576 0.000000
vt 0.628319 33.883236 0.000000
vt 0.628319 34.145897 0.000000
vt 0.628319 34.408558 0.000000
vt 0.628319 34.671219 0.000000
vt 0.628319 34.933879 0.000000
vt 0.628319 35.196540 0.000000
vt 0.628319 35.459201 0.000000
vt 0.628319 35.719809 0.000000
vt 0.628319 35.984522 0.000000
vt 0.628319 36.247183 0.000000
vt 0.628319 36.509844 0.000000
vt 0.628319 36.772505 0.000000
vt 0.628319 37.035165 0.000000
vt 0.628319 37.297826 0.000000
vt 0.628319 37.560487 0.000000
vt 0.628319 37.823147 0.000000
vt 0.628319 38.085808 0.000000
vt 0.628319 38.348469 0.000000
vt 0.628319 38.611130 0.000000
vt 0.628319 38.873790 0.000000
vt 0.628319 39.136451 0.000000
vt 0.628319 39.399112 0.000000
vt 0.628319 39.661773 0.000000
vt 0.628319 39.924433 0.000000
vt 0.628319 40.187094 0.000000
vt 0.628319 40.449755 0.000000
vt 0.628319 40.712416 0.000000
vt 0.628319 40.975076 0.000000
vt 0.628319 41.237737 0.000000
vt 0.628319 41.500398 0.000000
vt 0.628319 41.763059 0.000000
vt 0.628319 42.025719 0.000000
vt 0.628319 42.288380 0.000000
vt 0.628319 42.551041 0.000000
vt 0.628319 42.813702 0.000000
vt 0.628319 43.076362 0.000000
vt 0.628319 43.339023 0.000000
vt 0.628319 43.601684 0.000000
vt 0.628319 43.864345 0.000000
vt 0.706858 0.000000 0.000000
vt 0.706858 0.262661 0.000000
vt 0.706858 0.525321 0.000000
vt 0.706858 0.787982 0.000000
vt 0.706858 1.050643 0.000000
vt 0.706858 1.313304 0.000000
vt 0.706858 1.575964 0.000000
vt 0.706858 1.838625 0.000000
vt 0.706858 2.101286 0.000000
vt 0.706858 2.363947 0.000000
vt 0.706858 2.626607 0.000000
vt 0.706858 2.889268 0.000000
vt 0.706858 3.151929 0.000000
vt 0.706858 3.414590 0.000000
vt 0.706858 3.677250 0.000000
vt 0.706858 3.939911 0.000000
vt 0.706858 4.202572 0.000000
vt 0.706858 4.465233 0.000000
vt 0.706858 4.727893 0.000000
vt 0.706858 4.990554 0.000000
vt 0.706858 5.253215 0.000000
vt 0.706858 5.515876 0.000000
vt 0.706858 5.778536 0.000000
vt 0.706858 6.041197 0.000000
vt 0.706858 6.303858 0.000000
vt 0.706858 6.566519 0.000000
vt 0.706858 6.829179 0.000000
vt 0.706858 7.091840 0.000000
vt 0.706858 7.354501 0.000000
vt 0.706858 7.617162 0.000000
vt 0.706858 7.879822 0.000000
vt 0.706858 8.142483 0.000000
vt 0.706858 8.405144 0.000000
vt 0.706858 8.669857 0.000000
vt 0.706858 8.930465 0.000000
vt 0.706858 9.193126 0.000000
vt 0.706858 9.455787 0.000000
vt 0.706858 9.718448 0.000000
vt 0.706858 9.981108 0.000000
vt 0.706858 10.243769 0.000000
vt 0.706858 10.506430 0.000000
vt 0.706858 10.769091 0.000000
vt 0.706858 11.031751 0.000000
vt 0.706858 11.294412 0.000000
vt 0.706858 11.557073 0.000000
vt 0.706858 11.819734 0.000000
vt 0.706858 12.082394 0.000000
vt 0.706858 12.345055 0.000000
vt 0.706858 12.607716 0.000000
vt 0.706858 12.870377 0.000000
vt 0.706858 13.133037 0.000000
vt 0.706858 13.395698 0.000000
vt 0.706858 13.658359 0.000000
vt 0.706858 13.921020 0.000000
vt 0.706858 14.183680 0.000000
vt 0.706858 14.446341 0.000000
vt 0.706858 14.709002 0.000000
vt 0.706858 14.971663 0.000000
vt 0.706858 15.234323 0.000000
vt 0.706858 15.496984 0.000000
vt 0.706858 15.759645 0.000000
vt 0.706858 16.022306 0.000000
vt 0.706858 16.284966 0.000000
vt 0.706858 16.547627 0.000000
vt 0.706858 16.810288 0.000000
vt 0.706858 17.072949 0.000000
vt 0.706858 17.335609 0.000000
vt 0.706858 17.598270 0.000000
vt 0.706858 17.859905 0.000000
vt 0.706858 18.123592 0.000000
vt 0.706858 18.386252 0.000000
vt 0.706858 18.648913 0.000000
vt 0.706858 18.911574 0.000000
vt 0.706858 19.174234 0.000000
vt 0.706858 19.436895 0.000000
vt 0.706858 19.699556 0.000000
vt 0.706858 19.962217 0.000000
vt 0.706858 20.224877 0.000000
vt 0.706858 20.487538 0.000000
vt 0.706858 20.750199 0.000000
vt 0.706858 21.012860 0.000000
vt 0.706858 21.275520 0.000000
vt 0.706858 21.538181 0.000000
vt 0.706858 21.800842 0.000000
vt 0.706858 22.063503 0.000000
vt 0.706858 22.326163 0.000000
vt 0.706858 22.588824 0.000000
vt 0.706858 22.851485 0.000000
vt 0.706858 23.114146 0.000000
vt 0.706858 23.376806 0.000000
vt 0.706858 23.639467 0.000000
vt 0.706858 23.902128 0.000000
vt 0.706858 24.164789 0.000000
vt 0.706858 24.427449 0.000000
vt 0.706858 24.690110 0.000000
vt 0.706858 24.952771 0.000000
vt 0.706858 25.215432 0.000000
vt 0.706858 25.478092 0.000000
vt 0.706858 25.740753 0.000000
vt 0.706858 26.003414 0.000000
vt 0.706858 26.266075 0.000000
vt 0.706858 26.529761 0.000000
vt 0.706858 26.791396 0.000000
vt 0.706858 27.054057 0.000000
vt 0.706858 27.316718 0.000000
vt 0.706858 27.579378 0.000000
vt 0.706858 27.842039 0.000000
vt 0.706858 28.104700 0.000000
vt 0.706858 28.367361 0.000000
vt 0.706858 28.630021 0.000000
vt 0.706858 28.892682 0.000000
vt 0.706858 29.155343 0.000000
vt 0.706858 29.418004 0.000000
vt 0.706858 29.680664 0.000000
vt 0.706858 29.943325 0.000000
vt 0.706858 30.205986 0.000000
vt 0.706858 30.468647 0.000000
vt 0.706858 30.731307 0.000000
vt 0.706858 30.993968 0.000000
vt 0.706858 31.256629 0.000000
vt 0.706858 31.519290 0.000000
vt 0.706858 31.781950 0.000000
vt 0.706858 32.044611 0.000000
vt 0.706858 32.307272 0.000000
vt 0.706858 32.569933 0.000000
vt 0.706858 32.832593 0.000000
vt 0.706858 33.095254 0.000000
vt 0.706858 33.357915 0.000000
vt 0.706858 33.620576 0.000000
vt 0.706858 33.883236 0.000000
vt 0.706858 34.145897 0.000000
vt 0.706858 34.408558 0.000000
vt 0.706858 34.671219 0.000000
vt 0.706858 34.933879 0.000000
vt 0.706858 35.196540 0.000000
vt 0.706858 35.459201 0.000000
vt 0.706858 35.719809 0.000000
vt 0.706858 35.984522 0.000000
vt 0.706858 36.247183 0.000000
vt 0.706858 36.509844 0.000000
vt 0.706858 36.772505 0.000000
vt 0.706858 37.035165 0.000000
vt 0.706858 37.297826 0.000000
vt 0.706858 37.560487 0.000000
vt 0.706858 37.823147 0.000000
vt 0.706858 38.085808 0.000000
vt 0.706858 38.348469 0.000000
vt 0.706858 38.611130 0.000000
vt 0.706858 38.873790 0.000000
vt 0.706858 39.136451 0.000000
vt 0.706858 39.399112 0.000000
vt 0.706858 39.661773 0.000000
vt 0.706858 39.924433 0.000000
vt 0.706858 40.187094 0.000000
vt 0.706858 40.449755 0.000000
vt 0.706858 40.712416 0.000000
vt 0.706858 40.975076 0.000000
vt 0.706858 41.237737 0.000000
vt 0.706858 41.500398 0.000000
vt 0.706858 41.763059 0.000000
vt 0.706858 42.025719 0.000000
vt 0.706858 42.288380 0.000000
vt 0.706858 42.551041 0.000000
vt 0.706858 42.813702 0.000000
vt 0.706858 43.076362 0.000000
vt 0.706858 43.339023 0.000000
vt 0.706858 43.601684 0.000000
vt 0.706858 43.864345 0.000000
vt 0.785398 0.000000 0.000000
vt 0.785398 0.262661 0.000000
vt 0.785398 0.525321 0.000000
vt 0.785398 0.787982 0.000000
vt 0.785398 1.050643 0.000000
vt 0.785398 1.313304 0.000000
vt 0.785398 1.575964 0.000000
vt 0.785398 1.838625 0.000000
vt 0.785398 2.101286 0.000000
vt 0.785398 2.363947 0.000000
vt 0.785398 2.626607 0.000000
vt 0.785398 2.889268 0.000000
vt 0.785398 3.151929 0.000000
vt 0.785398 3.414590 0.000000
vt 0.785398 3.677250 0.000000
vt 0.785398 3.939911 0.000000
vt 0.785398 4.202572 0.000000
vt 0.785398 4.465233 0.000000
vt 0.785398 4.727893 0.000000
vt 0.785398 4.990554 0.000000
vt 0.785398 5.253215 0.000000
vt 0.785398 5.515876 0.000000
vt 0.785398 5.778536 0.000000
vt 0.785398 6.041197 0.000000
vt 0.785398 6.303858 0.000000
vt 0.785398 6.566519 0.000000
vt 0.785398 6.829179 0.000000
vt 0.785398 7.091840 0.000000
vt 0.785398 7.354501 0.000000
vt 0.785398 7.617162 0.000000
vt 0.785398 7.879822 0.000000
vt 0.785398 8.142483 0.000000
vt 0.785398 8.405144 0.000000
vt 0.785398 8.669857 0.000000
vt 0.785398 8.930465 0.000000
vt 0.785398 9.193126 0.000000
vt 0.785398 9.455787 0.000000
vt 0.785398 9.718448 0.000000
vt 0.785398 9.981108 0.000000
vt 0.785398 10.243769 0.000000
vt 0.785398 10.506430 0.000000
vt 0.785398 10.769091 0.000000
vt 0.785398 11.031751 0.000000
vt 0.785398 11.294412 0.000000
vt 0.785398 11.557073 0.000000
vt 0.785398 11.819734 0.000000
vt 0.785398 12.082394 0.000000
vt 0.785398 12.345055 0.000000
vt 0.785398 12.607716 0.000000
vt 0.785398 12.870377 0.000000
vt 0.785398 13.133037 0.000000
vt 0.785398 13.395698 0.000000
vt 0.785398 13.658359 0.000000
vt 0.785398 13.921020 0.000000
vt 0.785398 14.183680 0.000000
vt 0.785398 14.446341 0.000000
vt 0.785398 14.709002 0.000000
vt 0.785398 14.971663 0.000000
vt 0.785398 15.234323 0.000000
vt 0.785398 15.496984 0.000000
vt 0.785398 15.759645 0.000000
vt 0.785398 16.022306 0.000000
vt 0.785398 16.284966 0.000000
vt 0.785398 16.547627 0.000000
vt 0.785398 16.810288 0.000000
vt 0.785398 17.072949 0.000000
vt 0.785398 17.335609 0.000000
vt 0.785398 17.598270 0.000000
vt 0.785398 17.859905 0.000000
vt 0.785398 18.123592 0.000000
vt 0.785398 18.386252 0.000000
vt 0.785398 18.648913 0.000000
vt 0.785398 18.911574 0.000000
vt 0.785398 19.174234 0.000000
vt 0.785398 19.436895 0.000000
vt 0.785398 19.699556 0.000000
vt 0.785398 19.962217 0.000000
vt 0.785398 20.224877 0.000000
vt 0.785398 20.487538 0.000000
vt 0.785398 20.750199 0.000000
vt 0.785398 21.012860 0.000000
vt 0.785398 21.275520 0.000000
vt 0.785398 21.538181 0.000000
vt 0.785398 21.800842 0.000000
vt 0.785398 22.063503 0.000000
vt 0.785398 22.326163 0.000000
vt 0.785398 22.588824 0.000000
vt 0.785398 22.851485 0.000000
vt 0.785398 23.114146 0.000000
vt 0.785398 23.376806 0.000000
vt 0.785398 23.639467 0.000000
vt 0.785398 23.902128 0.000000
vt 0.785398 24.164789 0.000000
vt 0.785398 24.427449 0.000000
vt 0.785398 24.690110 0.000000
vt 0.785398 24.952771 0.000000
vt 0.785398 25.215432 0.000000
vt 0.785398 25.478092 0.000000
vt 0.785398 25.740753 0.000000
vt 0.785398 26.003414 0.000000
vt 0.785398 26.266075 0.000000
vt 0.785398 26.529761 0.000000
vt 0.785398 26.791396 0.000000
vt 0.785398 27.054057 0.000000
vt 0.785398 27.316718 0.000000
vt 0.785398 27.579378 0.000000
vt 0.785398 27.842039 0.000000
vt 0.785398 28.104700 0.000000
vt 0.785398 28.367361 0.000000
vt 0.785398 28.630021 0.000000
vt 0.785398 28.892682 0.000000
vt 0.785398 29.155343 0.000000
vt 0.785398 29.418004 0.000000
vt 0.785398 29.680664 0.000000
vt 0.785398 29.943325 0.000000
vt 0.785398 30.205986 0.000000
vt 0.785398 30.468647 0.000000
vt 0.785398 30.731307 0.000000
vt 0.785398 30.993968 0.000000
vt 0.785398 31.256629 0.000000
vt 0.785398 31.519290 0.000000
vt 0.785398 31.781950 0.000000
vt 0.785398 32.044611 0.000000
vt 0.785398 32.307272 0.000000
vt 0.785398 32.569933 0.000000
vt 0.785398 32.832593 0.000000
vt 0.785398 33.095254 0.000000
vt 0.785398 33.357915 0.000000
vt 0.785398 33.620576 0.000000
vt 0.785398 33.883236 0.000000
vt 0.785398 34.145897 0.000000
vt 0.785398 34.408558 0.000000
vt 0.785398 34.671219 0.000000
vt 0.785398 34.933879 0.000000
vt 0.785398 35.196540 0.000000
vt 0.785398 35.459201 0.000000
vt 0.785398 35.719809 0.000000
vt 0.785398 35.984522 0.000000
vt 0.785398 36.247183 0.000000
vt 0.785398 36.509844 0.000000
vt 0.785398 36.772505 0.000000
vt 0.785398 37.035165 0.000000
vt 0.785398 37.297826 0.000000
vt 0.785398 37.560487 0.000000
vt 0.785398 37.823147 0.000000
vt 0.785398 38.085808 0.000000
vt 0.785398 38.348469 0.000000
vt 0.785398 38.611130 0.000000
vt 0.785398 38.873790 0.000000
vt 0.785398 39.136451 0.000000
vt 0.785398 39.399112 0.000000
vt 0.785398 39.661773 0.000000
vt 0.785398 39.924433 0.000000
vt 0.785398 40.187094 0.000000
vt 0.785398 40.449755 0.000000
vt 0.785398 40.712416 0.000000
vt 0.785398 40.975076 0.000000
vt 0.785398 41.237737 0.000000
vt 0.785398 41.500398 0.000000
vt 0.785398 41.763059 0.000000
vt 0.785398 42.025719 0.000000
vt 0.785398 42.288380 0.000000
vt 0.785398 42.551041 0.000000
vt 0.785398 42.813702 0.000000
vt 0.785398 43.076362 0.000000
vt 0.785398 43.339023 0.000000
vt 0.785398 43.601684 0.000000
vt 0.785398 43.864345 0.000000
vt 0.863938 0.000000 0.000000
vt 0.863938 0.262661 0.000000
vt 0.863938 0.525321 0.000000
vt 0.863938 0.787982 0.000000
vt 0.863938 1.050643 0.000000
vt 0.863938 1.313304 0.000000
vt 0.863938 1.575964 0.000000
vt 0.863938 1.838625 0.000000
vt 0.863938 2.101286 0.000000
vt 0.863938 2.363947 0.000000
vt 0.863938 2.626607 0.000000
vt 0.863938 2.889268 0.000000
vt 0.863938 3.151929 0.000000
vt 0.863938 3.414590 0.000000
vt 0.863938 3.677250 0.000000
vt 0.863938 3.939911 0.000000
vt 0.863938 4.202572 0.000000
vt 0.863938 4.465233 0.000000
vt 0.863938 4.727893 0.000000
vt 0.863938 4.990554 0.000000
vt 0.863938 5.253215 0.000000
vt 0.863938 5.515876 0.000000
vt 0.863938 5.778536 0.000000
vt 0.863938 6.041197 0.000000
vt 0.863938 6.303858 0.000000
vt 0.863938 6.566519 0.000000
vt 0.863938 6.829179 0.000000
vt 0.863938 7.091840 0.000000
vt 0.863938 7.354501 0.000000
vt 0.863938 7.617162 0.000000
vt 0.863938 7.879822 0.000000
vt 0.863938 8.142483 0.000000
vt 0.863938 8.405144 0.000000
vt 0.863938 8.669857 0.000000
vt 0.863938 8.930465 0.000000
vt 0.863938 9.193126 0.000000
vt 0.863938 9.455787 0.000000
vt 0.863938 9.718448 0.000000
vt 0.863938 9.981108 0.000000
vt 0.863938 10.243769 0.000000
vt 0.863938 10.506430 0.000000
vt 0.863938 10.769091 0.000000
vt 0.863938 11.031751 0.000000
vt 0.863938 11.294412 0.000000
vt 0.863938 11.557073 0.000000
vt 0.863938 11.819734 0.000000
vt 0.863938 12.082394 0.000000
vt 0.863938 12.345055 0.000000
vt 0.863938 12.607716 0.000000
vt 0.863938 12.870377 0.000000
vt 0.863938 13.133037 0.000000
vt 0.863938 13.395698 0.000000
vt 0.863938 13.658359 0.000000
vt 0.863938 13.921020 0.000000
vt 0.863938 14.183680 0.000000
vt 0.863938 14.446341 0.000000
vt 0.863938 14.709002 0.000000
vt 0.863938 14.971663 0.000000
vt 0.863938 15.234323 0.000000
vt 0.863938 15.496984 0.000000
vt 0.863938 15.759645 0.000000
vt 0.863938 16.022306 0.000000
vt 0.863938 16.284966 0.000000
vt 0.863938 16.547627 0.000000
vt 0.863938 16.810288 0.000000
vt 0.863938 17.072949 0.000000
vt 0.863938 17.335609 0.000000
vt 0.863938 17.598270 0.000000
vt 0.863938 17.859905 0.000000
vt 0.863938 18.123592 0.000000
vt 0.863938 18.386252 0.000000
vt 0.863938 18.648913 0.000000
vt 0.863938 18.911574 0.000000
vt 0.863938 19.174234 0.000000
vt 0.863938 19.436895 0.000000
vt 0.863938 19.699556 0.000000
vt 0.863938 19.962217 0.000000
vt 0.863938 20.224877 0.000000
vt 0.863938 20.487538 0.000000
vt 0.863938 20.750199 0.000000
vt 0.863938 21.012860 0.000000
vt 0.863938 21.275520 0.000000
vt 0.863938 21.538181 0.000000
vt 0.863938 21.800842 0.000000
vt 0.863938 22.063503 0.000000
vt 0.863938 22.326163 0.000000
vt 0.863938 22.588824 0.000000
vt 0.863938 22.851485 0.000000
vt 0.863938 23.114146 0.000000
vt 0.863938 23.376806 0.000000
vt 0.863938 23.639467 0.000000
vt 0.863938 23.902128 0.000000
vt 0.863938 24.164789 0.000000
vt 0.863938 24.427449 0.000000
vt 0.863938 24.690110 0.000000
vt 0.863938 24.952771 0.000000
vt 0.863938 25.215432 0.000000
vt 0.863938 25.478092 0.000000
vt 0.863938 25.740753 0.000000
vt 0.863938 26.003414 0.000000
vt 0.863938 26.266075 0.000000
vt 0.863938 26.529761 0.000000
vt 0.863938 26.791396 0.000000
vt 0.863938 27.054057 0.000000
vt 0.863938 27.316718 0.000000
vt 0.863938 27.579378 0.000000
vt 0.863938 27.842039 0.000000
vt 0.863938 28.104700 0.000000
vt 0.863938 28.367361 0.000000
vt 0.863938 28.630021 0.000000
vt 0.863938 28.892682 0.000000
vt 0.863938 29.155343 0.000000
vt 0.863938 29.418004 0.000000
vt 0.863938 29.680664 0.000000
vt 0.863938 29.943325 0.000000
vt 0.863938 30.205986 0.000000
vt 0.863938 30.468647 0.000000
vt 0.863938 30.731307 0.000000
vt 0.863938 30.993968 0.000000
vt 0.863938 31.256629 0.000000
vt 0.863938 31.519290 0.000000
vt 0.863938 31.781950 0.000000
vt 0.863938 32.044611 0.000000
vt 0.863938 32.307272 0.000000
vt 0.863938 32.569933 0.000000
vt 0.863938 32.832593 0.000000
vt 0.863938 33.095254 0.000000
vt 0.863938 33.357915 0.000000
vt 0.863938 33.620576 0.000000
vt 0.863938 33.883236 0.000000
vt 0.863938 34.145897 0.000000
vt 0.863938 34.408558 0.000000
vt 0.863938 34.671219 0.000000
vt 0.863938 34.933879 0.000000
vt 0.863938 35.196540 0.000000
vt 0.863938 35.459201 0.000000
vt 0.863938 35.719809 0.000000
vt 0.863938 35.984522 0.000000
vt 0.863938 36.247183 0.000000
vt 0.863938 36.509844 0.000000
vt 0.863938 36.772505 0.000000
vt 0.863938 37.035165 0.000000
vt 0.863938 37.297826 0.000000
vt 0.863938 37.560487 0.000000
vt 0.863938 37.823147 0.000000
vt 0.863938 38.085808 0.000000
vt 0.863938 38.348469 0.000000
vt 0.863938 38.611130 0.000000
vt 0.863938 38.873790 0.000000
vt 0.863938 39.136451 0.000000
vt 0.863938 39.399112 0.000000
vt 0.863938 39.661773 0.000000
vt 0.863938 39.924433 0.000000
vt 0.863938 40.187094 0.000000
vt 0.863938 40.449755 0.000000
vt 0.863938 40.712416 0.000000
vt 0.863938 40.975076 0.000000
vt 0.863938 41.237737 0.000000
vt 0.863938 41.500398 0.000000
vt 0.863938 41.763059 0.000000
vt 0.863938 42.025719 0.000000
vt 0.863938 42.288380 0.000000
vt 0.863938 42.551041 0.000000
vt 0.863938 42.813702 0.000000
vt 0.863938 43.076362 0.000000
vt 0.863938 43.339023 0.000000
vt 0.863938 43.601684 0.000000
vt 0.863938 43.864345 0.000000
vt 0.942478 0.000000 0.000000
vt 0.942478 0.173397 0.000000
vt 0.942478 0.346794 0.000000
vt 0.942478 0.520191 0.000000
vt 0.942478 0.693589 0.000000
vt 0.942478 0.866986 0.000000
vt 0.942478 1.040383 0.000000
vt 0.942478 1.213780 0.000000
vt 0.942478 1.387177 0.000000
vt 0.942478 1.560574 0.000000
vt 0.942478 1.733971 0.000000
vt 0.942478 1.907368 0.000000
vt 0.942478 2.080766 0.000000
vt 0.942478 2.254163 0.000000
vt 0.942478 2.427560 0.000000
vt 0.942478 2.600957 0.000000
vt 0.942478 2.774354 0.000000
vt 0.942478 2.947751 0.000000
vt 0.942478 3.121148 0.000000
vt 0.942478 3.294546 0.000000
vt 0.942478 3.467943 0.000000
vt 0.942478 3.641340 0.000000
vt 0.942478 3.814737 0.000000
vt 0.942478 3.988134 0.000000
vt 0.942478 4.161531 0.000000
vt 0.942478 4.334928 0.000000
vt 0.942478 4.508325 0.000000
vt 0.942478 4.681723 0.000000
vt 0.942478 4.855120 0.000000
vt 0.942478 5.028517 0.000000
vt 0.942478 5.201914 0.000000
vt 0.942478 5.375311 0.000000
vt 0.942478 5.548708 0.000000
vt 0.942478 5.722105 0.000000
vt 0.942478 5.895503 0.000000
vt 0.942478 6.068900 0.000000
vt 0.942478 6.242297 0.000000
vt 0.942478 6.415694 0.000000
vt 0.942478 6.589091 0.000000
vt 0.942478 6.762488 0.000000
vt 0.942478 6.935885 0.000000
vt 0.942478 7.109282 0.000000
vt 0.942478 7.282680 0.000000
vt 0.942478 7.456077 0.000000
vt 0.942478 7.629474 0.000000
vt 0.942478 7.802871 0.000000
vt 0.942478 7.976268 0.000000
vt 0.942478 8.149665 0.000000
vt 0.942478 8.323062 0.000000
vt 0.942478 8.496460 0.000000
vt 0.942478 8.669857 0.000000
vt 0.942478 8.843254 0.000000
vt 0.942478 9.016651 0.000000
vt 0.942478 9.190048 0.000000
vt 0.942478 9.363445 0.000000
vt 0.942478 9.536842 0.000000
vt 0.942478 9.710239 0.000000
vt 0.942478 9.883637 0.000000
vt 0.942478 10.057034 0.000000
vt 0.942478 10.230431 0.000000
vt 0.942478 10.403828 0.000000
vt 0.942478 10.577225 0.000000
vt 0.942478 10.750622 0.000000
vt 0.942478 10.924019 0.000000
vt 0.942478 11.097417 0.000000
vt 0.942478 11.270814 0.000000
vt 0.942478 11.444211 0.000000
vt 0.942478 11.617608 0.000000
vt 0.942478 11.791005 0.000000
vt 0.942478 11.964402 0.000000
vt 0.942478 12.137799 0.000000
vt 0.942478 12.311196 0.000000
vt 0.942478 12.484594 0.000000
vt 0.942478 12.657991 0.000000
vt 0.942478 12.831388 0.000000
vt 0.942478 13.004785 0.000000
vt 0.942478 13.178182 0.000000
vt 0.942478 13.351579 0.000000
vt 0.942478 13.524976 0.000000
vt 0.942478 13.698374 0.000000
vt 0.942478 13.871771 0.000000
vt 0.942478 14.045168 0.000000
vt 0.942478 14.218565 0.000000
vt 0.942478 14.391962 0.000000
vt 0.942478 14.565359 0.000000
vt 0.942478 14.738756 0.000000
vt 0.942478 14.912153 0.000000
vt 0.942478 15.085551 0.000000
vt 0.942478 15.258948 0.000000
vt 0.942478 15.432345 0.000000
vt 0.942478 15.605742 0.000000
vt 0.942478 15.779139 0.000000
vt 0.942478 15.952536 0.000000
vt 0.942478 16.125933 0.000000
vt 0.942478 16.299331 0.000000
vt 0.942478 16.472728 0.000000
vt 0.942478 16.646125 0.000000
vt 0.942478 16.819522 0.000000
vt 0.942478 16.992919 0.000000
vt 0.942478 17.166316 0.000000
vt 0.942478 17.339713 0.000000
vt 0.942478 17.513110 0.000000
vt 0.942478 17.686508 0.000000
vt 0.942478 17.859905 0.000000
vt 0.942478 18.033302 0.000000
vt 0.942478 18.206699 0.000000
vt 0.942478 18.380096 0.000000
vt 0.942478 18.553493 0.000000
vt 0.942478 18.726890 0.000000
vt 0.942478 18.900288 0.000000
vt 0.942478 19.073685 0.000000
vt 0.942478 19.247082 0.000000
vt 0.942478 19.420479 0.000000
vt 0.942478 19.593876 0.000000
vt 0.942478 19.767273 0.000000
vt 0.942478 19.940670 0.000000
vt 0.942478 20.114067 0.000000
vt 0.942478 20.287465 0.000000
vt 0.942478 20.460862 0.000000
vt 0.942478 20.634259 0.000000
vt 0.942478 20.807656 0.000000
vt 0.942478 20.981053 0.000000
vt 0.942478 21.154450 0.000000
vt 0.942478 21.327847 0.000000
vt 0.942478 21.501245 0.000000
vt 0.942478 21.674642 0.000000
vt 0.942478 21.848039 0.000000
vt 0.942478 22.021436 0.000000
vt 0.942478 22.194833 0.000000
vt 0.942478 22.368230 0.000000
vt 0.942478 22.541627 0.000000
vt 0.942478 22.715024 0.000000
vt 0.942478 22.888422 0.000000
vt 0.942478 23.061819 0.000000
vt 0.942478 23.235216 0.000000
vt 0.942478 23.408613 0.000000
vt 0.942478 23.582010 0.000000
vt 0.942478 23.755407 0.000000
vt 0.942478 23.928804 0.000000
vt 0.942478 24.102202 0.000000
vt 0.942478 24.275599 0.000000
vt 0.942478 24.448996 0.000000
vt 0.942478 24.622393 0.000000
vt 0.942478 24.795790 0.000000
vt 0.942478 24.969187 0.000000
vt 0.942478 25.142584 0.000000
vt 0.942478 25.315981 0.000000
vt 0.942478 25.489379 0.000000
vt 0.942478 25.662776 0.000000
vt 0.942478 25.836173 0.000000
vt 0.942478 26.009570 0.000000
vt 0.942478 26.182967 0.000000
vt 0.942478 26.356364 0.000000
vt 0.942478 26.529761 0.000000
vt 0.942478 26.703159 0.000000
vt 0.942478 26.876556 0.000000
vt 0.942478 27.049953 0.000000
vt 0.942478 27.223350 0.000000
vt 0.942478 27.396747 0.000000
vt 0.942478 27.570144 0.000000
vt 0.942478 27.743541 0.000000
vt 0.942478 27.916938 0.000000
vt 0.942478 28.090336 0.000000
vt 0.942478 28.263733 0.000000
vt 0.942478 28.437130 0.000000
vt 0.942478 28.610527 0.000000
vt 0.942478 28.783924 0.000000
vt 0.942478 28.957321 0.000000
vt 0.942478 29.130718 0.000000
vt 0.942478 29.304116 0.000000
vt 0.942478 29.477513 0.000000
vt 0.942478 29.650910 0.000000
vt 0.942478 29.824307 0.000000
vt 0.942478 29.997704 0.000000
vt 0.942478 30.171101 0.000000
vt 0.942478 30.344498 0.000000
vt 0.942478 30.517895 0.000000
vt 0.942478 30.691293 0.000000
vt 0.942478 30.864690 0.000000
vt 0.942478 31.038087 0.000000
vt 0.942478 31.211484 0.000000
vt 0.942478 31.384881 0.000000
vt 0.942478 31.558278 0.000000
vt 0.942478 31.731675 0.000000
vt 0.942478 31.905073 0.000000
vt 0.942478 32.078470 0.000000
vt 0.942478 32.251867 0.000000
vt 0.942478 32.425264 0.000000
vt 0.942478 32.598661 0.000000
vt 0.942478 32.772058 0.000000
vt 0.942478 32.945455 0.000000
vt 0.942478 33.118852 0.000000
vt 0.942478 33.292250 0.000000
vt 0.942478 33.465647 0.000000
vt 0.942478 33.639044 0.000000
vt 0.942478 33.812441 0.000000
vt 0.942478 33.985838 0.000000
vt 0.942478 34.159235 0.000000
vt 0.942478 34.332632 0.000000
vt 0.942478 34.506030 0.000000
vt 0.942478 34.679427 0.000000
vt 0.942478 34.852824 0.000000
vt 0.942478 35.026221 0.000000
vt 0.942478 35.199618 0.000000
vt 0.942478 35.373015 0.000000
vt 0.942478 35.546412 0.000000
vt 0.942478 35.719809 0.000000
vt 0.942478 35.893207 0.000000
vt 0.942478 36.066604 0.000000
vt 0.942478 36.240001 0.000000
vt 0.942478 36.413398 0.000000
vt 0.942478 36.586795 0.000000
vt 0.942478 36.760192 0.000000
vt 0.942478 36.933589 0.000000
vt 0.942478 37.106987 0.000000
vt 0.942478 37.280384 0.000000
vt 0.942478 37.453781 0.000000
vt 0.942478 37.627178 0.000000
vt 0.942478 37.800575 0.000000
vt 0.942478 37.973972 0.000000
vt 0.942478 38.147369 0.000000
vt 0.942478 38.320766 0.000000
vt 0.942478 38.494164 0.000000
vt 0.942478 38.667561 0.000000
vt 0.942478 38.840958 0.000000
vt 0.942478 39.014355 0.000000
vt 0.942478 39.187752 0.000000
vt 0.942478 39.361149 0.000000
vt 0.942478 39.534546 0.000000
vt 0.942478 39.707944 0.000000
vt 0.942478 39.881341 0.000000
vt 0.942478 40.054738 0.000000
vt 0.942478 40.228135 0.000000
vt 0.942478 40.401532 0.000000
vt 0.942478 40.574929 0.000000
vt 0.942478 40.748326 0.000000
vt 0.942478 40.921723 0.000000
vt 0.942478 41.095121 0.000000
vt 0.942478 41.268518 0.000000
vt 0.942478 41.441915 0.000000
vt 0.942478 41.615312 0.000000
vt 0.942478 41.788709 0.000000
vt 0.942478 41.962106 0.000000
vt 0.942478 42.135503 0.000000
vt 0.942478 42.308901 0.000000
vt 0.942478 42.482298 0.000000
vt 0.942478 42.655695 0.000000
vt 0.942478 42.829092 0.000000
vt 0.942478 43.002489 0.000000
vt 0.942478 43.175886 0.000000
vt 0.942478 43.349283 0.000000
vt 0.942478 43.522680 0.000000
vt 0.942478 43.696078 0.000000
vt 0.942478 43.869475 0.000000
vt 0.942478 44.042872 0.000000
vt -0.289778 -0.077646 0.000000
vt 0.289778 -0.077646 0.000000
vt -0.300000 0.000000 0.000000
vt 0.300000 0.000000 0.000000
vt -0.289778 0.077646 0.000000
vt 0.289778 0.077646 0.000000
vt -0.259808 0.150000 0.000000
vt 0.259808 0.150000 0.000000
vt -0.212132 0.212132 0.000000
vt 0.212132 0.212132 0.000000
vt -0.150000 0.259808 0.000000
vt 0.150000 0.259808 0.000000
vt -0.077646 0.289778 0.000000
vt 0.077646 0.289778 0.000000
vt -0.000000 0.300000 0.000000
vt 0.259808 -0.150000 0.000000
vt -0.259808 -0.150000 0.000000
vt 0.212132 -0.212132 0.000000
vt -0.212132 -0.212132 0.000000
vt 0.150000 -0.259808 0.000000
vt -0.150000 -0.259808 0.000000
vt 0.077646 -0.289778 0.000000
vt -0.077646 -0.289778 0.000000
vt -0.000000 -0.300000 0.000000
vt 0.289778 0.077646 0.000000
vt -0.289778 0.077646 0.000000
vt 0.300000 -0.000000 0.000000
vt -0.300000 0.000000 0.000000
vt 0.289778 -0.077646 0.000000
vt -0.289778 -0.077646 0.000000
vt 0.259808 -0.150000 0.000000
vt -0.259808 -0.150000 0.000000
vt 0.212132 -0.212132 0.000000
vt -0.212132 -0.212132 0.000000
vt 0.150000 -0.259808 0.000000
vt -0.150000 -0.259808 0.000000
vt 0.077646 -0.289778 0.000000
vt -0.077646 -0.289778 0.000000
vt 0.000000 -0.300000 0.000000
vt -0.259808 0.150000 0.000000
vt 0.259808 0.150000 0.000000
vt -0.212132 0.212132 0.000000
vt 0.212132 0.212132 0.000000
vt -0.150000 0.259808 0.000000
vt 0.150000 0.259808 0.000000
vt -0.077646 0.289778 0.000000
vt 0.077646 0.289778 0.000000
vt 0.000000 0.300000 0.000000
vn 0.100000 0.000000 0.000000
vn 0.096554 -0.025905 -0.002487
vn 0.099231 0.000000 -0.012380
vn 0.094411 -0.025899 -0.020393
vn 0.096992 0.000000 -0.024343
vn 0.089095 -0.025900 -0.037299
vn 0.093336 0.000000 -0.035894
vn 0.088249 0.000000 -0.047034
vn 0.080615 -0.025905 -0.053199
vn 0.081702 0.000000 -0.057661
vn 0.069311 -0.025899 -0.067270
vn 0.074015 0.000000 -0.067244
vn 0.065332 0.000000 -0.075708
vn 0.055853 -0.025900 -0.078801
vn 0.055670 0.000000 -0.083071
vn 0.040257 -0.025905 -0.087797
vn 0.045003 0.000000 -0.089301
vn 0.033559 0.000000 -0.094201
vn 0.023205 -0.025899 -0.093759
vn 0.021841 0.000000 -0.097586
vn 0.005683 -0.025900 -0.096420
vn 0.009883 0.000000 -0.099510
vn -0.002320 0.000000 -0.099973
vn -0.012296 -0.025905 -0.095801
vn -0.014739 0.000000 -0.098908
vn -0.029933 -0.025899 -0.091833
vn -0.026799 0.000000 -0.096342
vn -0.038275 0.000000 -0.092385
vn -0.046209 -0.025900 -0.084817
vn -0.049180 0.000000 -0.087071
vn -0.061125 -0.025905 -0.074784
vn -0.059503 0.000000 -0.080370
vn -0.069047 0.000000 -0.072336
vn -0.073999 -0.025900 -0.062075
vn -0.077360 0.000000 -0.063368
vn -0.084097 -0.025900 -0.047507
vn -0.084454 0.000000 -0.053549
vn -0.090339 0.000000 -0.042882
vn -0.091438 -0.025905 -0.031114
vn -0.094961 0.000000 -0.031345
vn -0.095639 -0.025900 -0.013505
vn -0.098106 0.000000 -0.019373
vn -0.099731 0.000000 -0.007323
vn -0.096496 -0.025900 0.004201
vn -0.099885 0.000000 0.004795
vn -0.098547 0.000000 0.016987
vn -0.094052 -0.025905 0.021982
vn -0.095662 0.000000 0.029134
vn -0.088294 -0.025900 0.039157
vn -0.091376 0.000000 0.040626
vn -0.085790 0.000000 0.051382
vn -0.079650 -0.025899 0.054637
vn -0.078920 0.000000 0.061413
vn -0.068174 -0.025905 0.068420
vn -0.070728 0.000000 0.070693
vn -0.061413 0.000000 0.078921
vn -0.054192 -0.025900 0.079953
vn -0.051360 0.000000 0.085803
vn -0.038662 -0.025899 0.088513
vn -0.040609 0.000000 0.091383
vn -0.029151 0.000000 0.095657
vn -0.021643 -0.025905 0.094130
vn -0.017014 0.000000 0.098542
vn -0.003667 -0.025900 0.096518
vn -0.004780 0.000000 0.099886
vn 0.007350 0.000000 0.099730
vn 0.014044 -0.025899 0.095562
vn 0.019380 0.000000 0.098104
vn 0.031445 -0.025905 0.091324
vn 0.031305 0.000000 0.094974
vn 0.042877 0.000000 0.090342
vn 0.047970 -0.025900 0.083834
vn 0.053569 0.000000 0.084441
vn 0.062493 -0.025899 0.073647
vn 0.063385 0.000000 0.077346
vn 0.072329 0.000000 0.069054
vn 0.075007 -0.025905 0.060851
vn 0.080348 0.000000 0.059533
vn 0.085069 -0.025900 0.045744
vn 0.087076 0.000000 0.049171
vn 0.092396 0.000000 0.038250
vn 0.092001 -0.025899 0.029411
vn 0.096346 0.000000 0.026786
vn 0.095863 -0.025905 0.011802
vn 0.098903 0.000000 0.014770
vn 0.099973 0.000000 0.002334
vn 0.096388 -0.025901 -0.006208
vn 0.099508 0.000000 -0.009904
vn 0.093625 -0.025899 -0.023740
vn 0.097580 0.000000 -0.021865
vn 0.094202 0.000000 -0.033557
vn 0.087646 -0.025904 -0.040585
vn 0.089323 0.000000 -0.044961
vn 0.078498 -0.025901 -0.056278
vn 0.083069 0.000000 -0.055674
vn 0.075691 0.000000 -0.065352
vn 0.066872 -0.025899 -0.069695
vn 0.067232 0.000000 -0.074026
vn 0.052892 -0.025904 -0.080817
vn 0.057679 0.000000 -0.081689
vn 0.047054 0.000000 -0.088238
vn 0.036820 -0.025901 -0.089294
vn 0.035878 0.000000 -0.093342
vn 0.019850 -0.025899 -0.094526
vn 0.024317 0.000000 -0.096998
vn 0.012376 0.000000 -0.099231
vn 0.002113 -0.025904 -0.096563
vn 0.000047 0.000000 -0.100000
vn -0.016015 -0.025901 -0.095251
vn -0.012378 0.000000 -0.099231
vn -0.024367 0.000000 -0.096986
vn -0.033188 -0.025899 -0.090707
vn -0.035913 0.000000 -0.093329
vn -0.049306 -0.025904 -0.083053
vn -0.047021 0.000000 -0.088255
vn -0.057635 0.000000 -0.081721
vn -0.063996 -0.025901 -0.072344
vn -0.067254 0.000000 -0.074006
vn -0.076167 -0.025899 -0.059395
vn -0.075725 0.000000 -0.065312
vn -0.083077 0.000000 -0.055662
vn -0.085787 -0.025904 -0.044379
vn -0.089285 0.000000 -0.045036
vn -0.092585 -0.025901 -0.027515
vn -0.094197 0.000000 -0.033568
vn -0.097591 0.000000 -0.021819
vn -0.096061 -0.025899 -0.010081
vn -0.099513 0.000000 -0.009860
vn -0.099973 0.000000 0.002314
vn -0.096276 -0.025904 0.007742
vn -0.098914 -0.000000 0.014697
vn -0.093119 -0.025902 0.025651
vn -0.096340 -0.000000 0.026805
vn -0.092375 -0.000000 0.038299
vn -0.086839 -0.025898 0.042289
vn -0.087064 -0.000000 0.049193
vn -0.077593 -0.025904 0.057517
vn -0.080387 -0.000000 0.059481
vn -0.072349 -0.000000 0.069034
vn -0.065436 -0.025902 0.071044
vn -0.063353 -0.000000 0.077372
vn -0.051296 -0.025898 0.081841
vn -0.053527 -0.000000 0.084468
vn -0.042881 -0.000000 0.090339
vn -0.035400 -0.025904 0.089866
vn -0.031392 -0.000000 0.094945
vn -0.017926 -0.025902 0.094909
vn -0.019372 0.000000 0.098106
vn -0.007298 0.000000 0.099733
vn -0.000206 -0.025898 0.096588
vn 0.004815 0.000000 0.099884
vn 0.017520 -0.025904 0.094984
vn 0.016970 0.000000 0.098550
vn 0.029108 0.000000 0.095670
vn 0.035016 -0.025902 0.090017
vn 0.040640 0.000000 0.091370
vn 0.050946 -0.025898 0.082059
vn 0.051405 0.000000 0.085776
vn 0.061419 0.000000 0.078916
vn 0.065132 -0.025903 0.071322
vn 0.070663 0.000000 0.070758
vn 0.077347 -0.025902 0.057849
vn 0.078917 0.000000 0.061418
vn 0.085815 0.000000 0.051340
vn 0.086657 -0.025898 0.042659
vn 0.091393 0.000000 0.040588
vn 0.093008 -0.025903 0.026048
vn 0.095654 0.000000 0.029161
vn 0.098536 0.000000 0.017051
vn 0.096242 -0.025902 0.008153
vn 0.099886 0.000000 0.004770
vn 0.096110 -0.025898 -0.009602
vn 0.099728 -0.000000 -0.007377
vn 0.098102 -0.000000 -0.019392
vn 0.092702 -0.025903 -0.027119
vn 0.094984 -0.000000 -0.031275
vn 0.085977 -0.025903 -0.044012
vn 0.090348 0.000000 -0.042864
vn 0.084430 0.000000 -0.053587
vn 0.076420 -0.025898 -0.059070
vn 0.077330 0.000000 -0.063404
vn 0.064304 -0.025903 -0.072069
vn 0.069056 0.000000 -0.072328
vn 0.059571 0.000000 -0.080320
vn 0.049661 -0.025903 -0.082842
vn 0.049168 0.000000 -0.087078
vn 0.033575 -0.025898 -0.090565
vn 0.038225 0.000000 -0.092406
vn 0.026770 0.000000 -0.096350
vn 0.016421 -0.025903 -0.095181
vn 0.014792 0.000000 -0.098900
vn -0.001700 -0.025903 -0.096572
vn 0.002357 0.000000 -0.099972
vn -0.009921 0.000000 -0.099507
vn -0.019447 -0.025898 -0.094610
vn -0.021891 0.000000 -0.097574
vn -0.036439 -0.025903 -0.089450
vn -0.033561 0.000000 -0.094200
vn -0.044918 0.000000 -0.089344
vn -0.052546 -0.025903 -0.081043
vn -0.055672 0.000000 -0.083070
vn -0.066574 -0.025898 -0.069980
vn -0.065371 0.000000 -0.075674
vn -0.074040 0.000000 -0.067216
vn -0.078257 -0.025902 -0.056613
vn -0.081681 0.000000 -0.057691
vn -0.087472 -0.025903 -0.040960
vn -0.088223 0.000000 -0.047082
vn -0.093347 0.000000 -0.035866
vn -0.093523 -0.025898 -0.024139
vn -0.097005 0.000000 -0.024291
vn -0.096360 -0.025902 -0.006619
vn -0.099232 0.000000 -0.012366
vn -0.100000 0.000000 -0.000084
vn -0.095896 -0.025903 0.011532
vn -0.099232 0.000000 0.012368
vn -0.096980 0.000000 0.024388
vn -0.092126 -0.025898 0.029018
vn -0.093320 0.000000 0.035935
vn -0.085263 -0.025902 0.045380
vn -0.088258 0.000000 0.047016
vn -0.081745 0.000000 0.057600
vn -0.075267 -0.025904 0.060530
vn -0.074002 0.000000 0.067259
vn -0.062807 -0.025898 0.073380
vn -0.065292 0.000000 0.075743
vn -0.055649 0.000000 0.083085
vn -0.048327 -0.025902 0.083628
vn -0.045060 0.000000 0.089273
vn -0.031836 -0.025904 0.091189
vn -0.033586 0.000000 0.094191
vn -0.021801 0.000000 0.097595
vn -0.014451 -0.025898 0.095501
vn -0.009834 0.000000 0.099515
vn 0.003255 -0.025902 0.096532
vn 0.002315 0.000000 0.099973
vn 0.014647 0.000000 0.098921
vn 0.021239 -0.025904 0.094223
vn 0.026806 0.000000 0.096340
vn 0.038284 -0.025898 0.088677
vn 0.038323 0.000000 0.092365
vn 0.049210 0.000000 0.087054
vn 0.053850 -0.025902 0.080183
vn 0.059467 0.000000 0.080397
vn 0.067880 -0.025904 0.068712
vn 0.069014 0.000000 0.072368
vn 0.077381 0.000000 0.063341
vn 0.079416 -0.025899 0.054976
vn 0.084482 0.000000 0.053505
vn 0.088126 -0.025901 0.039534
vn 0.090343 0.000000 0.042875
vn 0.094932 0.000000 0.031432
vn 0.093957 -0.025904 0.022386
vn 0.098105 0.000000 0.019378
vn 0.096481 -0.025899 0.004544
vn 0.099735 0.000000 0.007274
vn 0.099883 0.000000 -0.004837
vn 0.095695 -0.025901 -0.013097
vn 0.098551 0.000000 -0.016960
vn 0.091571 -0.025904 -0.030721
vn 0.095681 0.000000 -0.029072
vn 0.091366 0.000000 -0.040649
vn 0.084299 -0.025899 -0.047148
vn 0.085762 0.000000 -0.051428
vn 0.074263 -0.025901 -0.061759
vn 0.078908 0.000000 -0.061429
vn 0.070780 0.000000 -0.070641
vn 0.061445 -0.025904 -0.074521
vn 0.061429 0.000000 -0.078908
vn 0.046571 -0.025899 -0.084619
vn 0.051322 0.000000 -0.085826
vn 0.040565 0.000000 -0.091403
vn 0.030324 -0.025901 -0.091704
vn 0.029163 0.000000 -0.095653
vn 0.012707 -0.025904 -0.095747
vn 0.017098 0.000000 -0.098527
vn 0.004766 0.000000 -0.099886
vn -0.005272 -0.025899 -0.096444
vn -0.007403 0.000000 -0.099726
vn -0.022805 -0.025901 -0.093857
vn -0.019409 0.000000 -0.098098
vn -0.031253 0.000000 -0.094991
vn -0.039879 -0.025905 -0.087969
vn -0.042843 0.000000 -0.090357
vn -0.055517 -0.025899 -0.079039
vn -0.053601 0.000000 -0.084421
vn -0.063425 0.000000 -0.077313
vn -0.069023 -0.025901 -0.067565
vn -0.072331 0.000000 -0.069053
vn -0.080386 -0.025905 -0.053545
vn -0.080292 0.000000 -0.059609
vn -0.087077 0.000000 -0.049170
vn -0.088936 -0.025899 -0.037679
vn -0.092415 0.000000 -0.038202
vn -0.094322 -0.025900 -0.020796
vn -0.096356 0.000000 -0.026750
vn -0.098898 0.000000 -0.014806
vn -0.096543 -0.025905 -0.002902
vn -0.099971 0.000000 -0.002389
vn -0.099505 0.000000 0.009933
vn -0.095400 -0.025899 0.015100
vn -0.097569 0.000000 0.021918
vn -0.091035 -0.025900 0.032276
vn -0.094197 0.000000 0.033570
vn -0.089360 0.000000 0.044886
vn -0.083457 -0.025905 0.048620
vn -0.083076 0.000000 0.055663
vn -0.072952 -0.025899 0.063303
vn -0.075660 0.000000 0.065388
vn -0.067199 0.000000 0.074056
vn -0.060158 -0.025900 0.075566
vn -0.057695 0.000000 0.081678
vn -0.045091 -0.025905 0.085415
vn -0.047119 0.000000 0.088203
vn -0.035860 0.000000 0.093349
vn -0.028394 -0.025899 0.092320
vn -0.024265 0.000000 0.097011
vn -0.011048 -0.025900 0.095954
vn -0.012351 0.000000 0.099234
vn -0.000111 0.000000 0.100000
vn 0.006934 -0.025905 0.096337
vn 0.012350 0.000000 0.099235
vn 0.024769 -0.025899 0.093358
vn 0.024407 0.000000 0.096976
vn 0.035959 0.000000 0.093311
vn 0.041411 -0.025900 0.087260
vn 0.047017 0.000000 0.088258
vn 0.056859 -0.025905 0.078077
vn 0.057559 0.000000 0.081774
vn 0.067260 0.000000 0.074001
vn 0.070425 -0.025900 0.066103
vn 0.075760 0.000000 0.065272
vn 0.081319 -0.025900 0.052120
vn 0.083096 0.000000 0.055633
vn 0.089264 0.000000 0.045076
vn 0.089560 -0.025905 0.036164
vn 0.094182 -0.000000 0.033612
vn 0.094738 -0.025900 0.018814
vn 0.097598 -0.000000 0.021786
vn 0.099518 -0.000000 0.009807
vn 0.096581 -0.025900 0.001182
vn 0.099973 0.000000 -0.002323
vn 0.095156 -0.025905 -0.016563
vn 0.098928 0.000000 -0.014606
vn 0.096342 0.000000 -0.026800
vn 0.090340 -0.025900 -0.034176
vn 0.092356 0.000000 -0.038345
vn 0.082570 -0.025899 -0.050113
vn 0.087043 0.000000 -0.049229
vn 0.080403 0.000000 -0.059459
vn 0.071883 -0.025905 -0.064512
vn 0.072394 0.000000 -0.068987
vn 0.058564 -0.025900 -0.076808
vn 0.063334 0.000000 -0.077388
vn 0.053482 0.000000 -0.084497
vn 0.043534 -0.025899 -0.086221
vn 0.042863 0.000000 -0.090348
vn 0.026858 -0.025905 -0.092777
vn 0.031462 0.000000 -0.094922
vn 0.019392 0.000000 -0.098102
vn 0.009040 -0.025900 -0.096164
vn 0.007253 0.000000 -0.099737
vn -0.008697 -0.025899 -0.096196
vn -0.004862 0.000000 -0.099882
vn -0.016958 0.000000 -0.098552
vn -0.026304 -0.025905 -0.092936
vn -0.029026 0.000000 -0.095695
vn -0.043223 -0.025900 -0.086377
vn -0.040652 -0.000000 -0.091364
vn -0.051451 -0.000000 -0.085749
vn -0.058292 -0.025899 -0.077015
vn -0.061443 -0.000000 -0.078897
vn -0.071498 -0.025905 -0.064939
vn -0.070625 -0.000000 -0.070796
vn -0.078894 -0.000000 -0.061447
vn -0.082387 -0.025900 -0.050414
vn -0.085835 -0.000000 -0.051307
vn -0.090220 -0.025899 -0.034492
vn -0.091413 -0.000000 -0.040541
vn -0.095654 -0.000000 -0.029159
vn -0.095030 -0.025905 -0.017268
vn -0.098519 -0.000000 -0.017144
vn -0.096584 -0.025901 0.000826
vn -0.099886 0.000000 -0.004769
vn -0.099724 0.000000 0.007428
vn -0.094803 -0.025899 0.018486
vn -0.098094 0.000000 0.019430
vn -0.094995 0.000000 0.031240
vn -0.089772 -0.025904 0.035635
vn -0.090371 0.000000 0.042814
vn -0.081513 -0.025901 0.051815
vn -0.084414 0.000000 0.053612
vn -0.077296 0.000000 0.063445
vn -0.070652 -0.025899 0.065860
vn -0.069045 0.000000 0.072338
vn -0.057316 -0.025904 0.077742
vn -0.059638 0.000000 0.080270
vn -0.049179 0.000000 0.087071
vn -0.041740 -0.025901 0.087103
vn -0.038182 0.000000 0.092424
vn -0.025087 -0.025899 0.093273
vn -0.026727 0.000000 0.096362
vn -0.014812 0.000000 0.098897
vn -0.007494 -0.025904 0.096295
vn -0.002432 0.000000 0.099970
vn 0.010680 -0.025901 0.095995
vn 0.009940 0.000000 0.099505
vn 0.021944 0.000000 0.097563
vn 0.028082 -0.025899 0.092416
vn 0.033585 0.000000 0.094192
vn 0.044599 -0.025904 0.085673
vn 0.044862 0.000000 0.089372
vn 0.055648 0.000000 0.083086
vn 0.059864 -0.025901 0.075798
vn 0.065402 0.000000 0.075647
vn 0.072739 -0.025899 0.063547
vn 0.074074 0.000000 0.067180
vn 0.081678 0.000000 0.057694
vn 0.083180 -0.025904 0.049093
vn 0.088179 0.000000 0.047164
vn 0.090890 -0.025903 0.032681
vn 0.093331 0.000000 0.035908
vn 0.097004 0.000000 0.024293
vn 0.095344 -0.025902 0.015449
vn 0.099238 0.000000 0.012325
vn 0.096554 -0.025905 -0.002487
vn 0.100000 0.000000 0.000000
vn 0.086548 -0.049858 -0.004859
vn 0.084142 -0.049848 -0.020865
vn 0.078911 -0.049852 -0.035886
vn 0.070869 -0.049858 -0.049917
vn 0.060349 -0.049848 -0.062235
vn 0.047961 -0.049852 -0.072212
vn 0.033724 -0.049858 -0.079856
vn 0.018266 -0.049848 -0.084744
vn 0.002474 -0.049851 -0.086653
vn -0.013638 -0.049858 -0.085605
vn -0.029353 -0.049848 -0.081570
vn -0.043763 -0.049851 -0.074831
vn -0.056869 -0.049858 -0.065423
vn -0.068075 -0.049848 -0.053674
vn -0.076736 -0.049851 -0.040329
vn -0.082873 -0.049858 -0.025422
vn -0.086166 -0.049848 -0.009513
vn -0.086452 -0.049851 0.006396
vn -0.083772 -0.049858 0.022280
vn -0.078144 -0.049848 0.037532
vn -0.069966 -0.049850 0.051182
vn -0.059294 -0.049859 0.063233
vn -0.046440 -0.049849 0.073201
vn -0.032275 -0.049850 0.080457
vn -0.016853 -0.049859 0.085030
vn -0.000662 -0.049849 0.086687
vn 0.015200 -0.049850 0.085346
vn 0.030694 -0.049859 0.081068
vn 0.045316 -0.049849 0.073902
vn 0.058067 -0.049850 0.064368
vn 0.068943 -0.049859 0.052545
vn 0.077561 -0.049849 0.038722
vn 0.083335 -0.049849 0.023880
vn 0.086316 -0.049859 0.007977
vn 0.086301 -0.049849 -0.008193
vn 0.083345 -0.049849 -0.023845
vn 0.077519 -0.049858 -0.038793
vn 0.068889 -0.049850 -0.052624
vn 0.058094 -0.049849 -0.064344
vn 0.045248 -0.049858 -0.073938
vn 0.030601 -0.049850 -0.081108
vn 0.015235 -0.049849 -0.085340
vn -0.000733 -0.049858 -0.086681
vn -0.016959 -0.049850 -0.085014
vn -0.032242 -0.049849 -0.080471
vn -0.046492 -0.049858 -0.073162
vn -0.059380 -0.049850 -0.063158
vn -0.069947 -0.049848 -0.051211
vn -0.078165 -0.049858 -0.037475
vn -0.083807 -0.049851 -0.022164
vn -0.086451 -0.049848 -0.006430
vn -0.086155 -0.049858 0.009566
vn -0.082839 -0.049851 0.025546
vn -0.076753 -0.049848 0.040301
vn -0.068040 -0.049858 0.053709
vn -0.056769 -0.049851 0.065514
vn -0.043791 -0.049848 0.074817
vn -0.029309 -0.049857 0.081579
vn -0.013498 -0.049852 0.085631
vn 0.002444 -0.049848 0.086656
vn 0.018303 -0.049857 0.084731
vn 0.033863 -0.049852 0.079800
vn 0.047938 -0.049848 0.072230
vn 0.060370 -0.049857 0.062208
vn 0.070962 -0.049852 0.049790
vn 0.078902 -0.049848 0.035912
vn 0.084144 -0.049857 0.020835
vn 0.086560 -0.049852 0.004694
vn 0.085960 -0.049847 -0.011230
vn 0.082421 -0.049857 -0.026852
vn 0.075931 -0.049853 -0.041823
vn 0.066950 -0.049847 -0.055072
vn 0.055723 -0.049856 -0.066402
vn 0.042296 -0.049853 -0.075669
vn 0.027656 -0.049847 -0.082161
vn 0.012140 -0.049856 -0.085831
vn -0.004154 -0.049853 -0.086587
vn -0.020021 -0.049847 -0.084347
vn -0.035123 -0.049856 -0.079251
vn -0.049345 -0.049854 -0.071272
vn -0.061629 -0.049847 -0.060968
vn -0.071743 -0.049856 -0.048655
vn -0.079585 -0.049854 -0.034363
vn -0.084558 -0.049847 -0.019111
vn -0.086623 -0.049855 -0.003315
vn -0.085713 -0.049854 0.012956
vn -0.081858 -0.049847 0.028539
vn -0.075252 -0.049855 0.043031
vn -0.065873 -0.049855 0.056349
vn -0.054348 -0.049847 0.067539
vn -0.041076 -0.049855 0.076336
vn -0.026077 -0.049855 0.082671
vn -0.010366 -0.049847 0.086069
vn 0.005547 -0.049854 0.086509
vn 0.021618 -0.049855 0.083947
vn 0.036758 -0.049847 0.078512
vn 0.050491 -0.049854 0.070465
vn 0.062764 -0.049856 0.059792
vn 0.072741 -0.049847 0.047159
vn 0.080133 -0.049854 0.033066
vn 0.084896 -0.049856 0.017524
vn 0.086678 -0.049847 0.001451
vn 0.085490 -0.049854 -0.014354
vn 0.081310 -0.049856 -0.030052
vn 0.074343 -0.049847 -0.044591
vn 0.064939 -0.049853 -0.057424
vn 0.053093 -0.049856 -0.068524
vn 0.039477 -0.049847 -0.077181
vn 0.024707 -0.049853 -0.083092
vn 0.008793 -0.049857 -0.086238
vn -0.007354 -0.049847 -0.086378
vn -0.023013 -0.049853 -0.083577
vn -0.038169 -0.049857 -0.077829
vn -0.051956 -0.049847 -0.069396
vn -0.063759 -0.049852 -0.058733
vn -0.073569 -0.049857 -0.045846
vn -0.080811 -0.049848 -0.031382
vn -0.085182 -0.049852 -0.016088
vn -0.086685 -0.049858 0.000024
vn -0.085174 -0.049848 0.016143
vn -0.080789 -0.049852 0.031432
vn -0.073543 -0.049858 0.045887
vn -0.063723 -0.049848 0.058775
vn -0.051910 -0.049852 0.069427
vn -0.038124 -0.049858 0.077851
vn -0.022960 -0.049848 0.083594
vn -0.007299 -0.049851 0.086380
vn 0.008843 -0.049858 0.086232
vn 0.024761 -0.049848 0.083079
vn 0.039525 -0.049851 0.077154
vn 0.053132 -0.049858 0.068492
vn 0.064978 -0.049848 0.057385
vn 0.074369 -0.049851 0.044543
vn 0.081326 -0.049858 0.030004
vn 0.085502 -0.049848 0.014300
vn 0.086674 -0.049851 -0.001568
vn 0.084910 -0.049859 -0.017449
vn 0.080114 -0.049849 -0.033118
vn 0.072710 -0.049850 -0.047204
vn 0.062727 -0.049859 -0.059828
vn 0.050448 -0.049849 -0.070499
vn 0.036708 -0.049850 -0.078533
vn 0.021567 -0.049859 -0.083958
vn 0.005493 -0.049849 -0.086515
vn -0.010420 -0.049850 -0.086061
vn -0.026127 -0.049859 -0.082653
vn -0.041126 -0.049849 -0.076313
vn -0.054390 -0.049850 -0.067504
vn -0.065906 -0.049859 -0.056308
vn -0.075282 -0.049849 -0.042984
vn -0.081875 -0.049849 -0.028487
vn -0.085718 -0.049858 -0.012903
vn -0.086624 -0.049850 0.003370
vn -0.084545 -0.049849 0.019164
vn -0.079561 -0.049858 0.034411
vn -0.071715 -0.049850 0.048703
vn -0.061590 -0.049849 0.061007
vn -0.049299 -0.049858 0.071300
vn -0.035074 -0.049850 0.079276
vn -0.019967 -0.049849 0.084359
vn -0.004101 -0.049858 0.086587
vn 0.012194 -0.049850 0.085827
vn 0.027708 -0.049849 0.082143
vn 0.042341 -0.049858 0.075640
vn 0.055768 -0.049851 0.066369
vn 0.066984 -0.049848 0.055029
vn 0.075954 -0.049858 0.041775
vn 0.082426 -0.049853 0.026843
vn 0.085952 -0.049854 0.011264
vn 0.086548 -0.049858 -0.004859
vn 0.070560 -0.070596 0.006129
vn 0.070471 -0.070598 -0.007052
vn 0.050709 -0.086188 0.000507
vn 0.049923 -0.086189 -0.008898
vn 0.027085 -0.096111 -0.005401
vn 0.025617 -0.096110 -0.010326
vn 0.002204 -0.099375 -0.010946
vn 0.000143 -0.099375 -0.011164
vn -0.023325 -0.095934 -0.015891
vn -0.025857 -0.095937 -0.011294
vn -0.046801 -0.086165 -0.019630
vn -0.049619 -0.086170 -0.010617
vn -0.067622 -0.070328 -0.021938
vn -0.070510 -0.070334 -0.009028
vn -0.083662 -0.049938 -0.022515
vn -0.086381 -0.049944 -0.006623
vn -0.094229 -0.025809 -0.021326
vn -0.096548 -0.025813 -0.003496
vn -0.098268 0.000000 -0.018530
vn -0.100000 0.000000 -0.000000
vn -0.095524 0.025810 -0.014456
vn -0.096548 0.025813 0.003496
vn -0.086114 0.049941 -0.009499
vn -0.086381 0.049944 0.006623
vn -0.070964 0.070332 -0.004194
vn -0.070510 0.070334 0.009028
vn -0.050728 0.086169 0.001239
vn -0.049619 0.086170 0.010617
vn -0.027500 0.095937 0.006308
vn -0.025857 0.095937 0.011294
vn -0.001923 0.099375 0.010999
vn 0.000143 0.099375 0.011164
vn 0.023267 0.096108 0.014896
vn 0.025617 0.096110 0.010326
vn 0.047418 0.086184 0.017996
vn 0.049923 0.086189 0.008898
vn 0.067950 0.070592 0.019989
vn 0.070471 0.070598 0.007052
vn 0.084152 0.049852 0.020813
vn 0.086548 0.049858 0.004859
vn 0.094422 0.025901 0.020335
vn 0.096554 0.025905 0.002487
vn 0.070471 -0.070598 -0.007052
vn 0.067943 -0.070587 -0.020032
vn 0.063132 -0.070595 -0.032105
vn 0.056067 -0.070599 -0.043271
vn 0.047045 -0.070587 -0.052955
vn 0.036573 -0.070594 -0.060653
vn 0.024679 -0.070599 -0.066383
vn 0.011890 -0.070587 -0.069829
vn -0.001070 -0.070594 -0.070819
vn -0.014184 -0.070599 -0.069387
vn -0.026869 -0.070587 -0.065540
vn -0.038390 -0.070594 -0.059521
vn -0.048751 -0.070600 -0.051372
vn -0.057484 -0.070587 -0.041388
vn -0.064075 -0.070593 -0.030183
vn -0.068549 -0.070600 -0.017795
vn -0.070678 -0.070587 -0.004694
vn -0.070340 -0.070593 0.008303
vn -0.067582 -0.070600 0.021173
vn -0.062452 -0.070588 0.033423
vn -0.055286 -0.070593 0.044273
vn -0.046142 -0.070600 0.053727
vn -0.035300 -0.070588 0.061411
vn -0.023476 -0.070592 0.066825
vn -0.010723 -0.070600 0.070004
vn 0.002550 -0.070588 0.070787
vn 0.015450 -0.070592 0.069124
vn 0.027944 -0.070600 0.065074
vn 0.039626 -0.070588 0.058712
vn 0.049693 -0.070592 0.050472
vn 0.058146 -0.070601 0.040430
vn 0.064694 -0.070588 0.028844
vn 0.068876 -0.070591 0.016522
vn 0.070737 -0.070601 0.003433
vn 0.070156 -0.070588 -0.009764
vn 0.067183 -0.070591 -0.022436
vn 0.061889 -0.070601 -0.034429
vn 0.054359 -0.070589 -0.045413
vn 0.045127 -0.070591 -0.054594
vn 0.034295 -0.070601 -0.061963
vn 0.022088 -0.070589 -0.067300
vn 0.009394 -0.070591 -0.070205
vn -0.003690 -0.070601 -0.070724
vn -0.016875 -0.070589 -0.068793
vn -0.029187 -0.070590 -0.064538
vn -0.040557 -0.070601 -0.058058
vn -0.050724 -0.070589 -0.049439
vn -0.058922 -0.070590 -0.039309
vn -0.065136 -0.070601 -0.027800
vn -0.069202 -0.070590 -0.015104
vn -0.070798 -0.070590 -0.002166
vn -0.069980 -0.070600 0.010881
vn -0.066711 -0.070590 0.023807
vn -0.061216 -0.070590 0.035633
vn -0.053620 -0.070600 0.046265
vn -0.044005 -0.070590 0.055503
vn -0.033079 -0.070589 0.062633
vn -0.021013 -0.070600 0.067632
vn -0.007965 -0.070590 0.070381
vn 0.005084 -0.070589 0.070649
vn 0.017961 -0.070600 0.068506
vn 0.030487 -0.070591 0.063933
vn 0.041706 -0.070589 0.057252
vn 0.051493 -0.070600 0.048622
vn 0.059701 -0.070591 0.038113
vn 0.065688 -0.070589 0.026502
vn 0.069423 -0.070600 0.014005
vn 0.070826 -0.070591 0.000746
vn 0.069769 -0.070588 -0.012231
vn 0.066316 -0.070599 -0.024856
vn 0.060490 -0.070592 -0.036847
vn 0.052688 -0.070588 -0.047342
vn 0.043115 -0.070599 -0.056186
vn 0.031827 -0.070592 -0.063275
vn 0.019647 -0.070588 -0.068054
vn 0.006848 -0.070599 -0.070490
vn -0.006478 -0.070593 -0.070532
vn -0.019350 -0.070588 -0.068139
vn -0.031495 -0.070599 -0.063434
vn -0.042820 -0.070593 -0.056419
vn -0.052481 -0.070588 -0.047572
vn -0.060294 -0.070599 -0.037155
vn -0.066189 -0.070593 -0.025213
vn -0.069706 -0.070588 -0.012586
vn -0.070822 -0.070598 0.000384
vn -0.069503 -0.070594 0.013631
vn -0.065804 -0.070588 0.026215
vn -0.059888 -0.070598 0.037807
vn -0.051761 -0.070594 0.048345
vn -0.041957 -0.070587 0.057070
vn -0.030806 -0.070598 0.063773
vn -0.018338 -0.070594 0.068411
vn -0.005393 -0.070587 0.070628
vn 0.007613 -0.070597 0.070413
vn 0.020639 -0.070595 0.067752
vn 0.032805 -0.070587 0.062780
vn 0.043725 -0.070597 0.055715
vn 0.053364 -0.070595 0.046568
vn 0.061061 -0.070587 0.035903
vn 0.066586 -0.070597 0.024132
vn 0.069922 -0.070596 0.011277
vn 0.070808 -0.070587 -0.001906
vn 0.069269 -0.070596 -0.014765
vn 0.065298 -0.070596 -0.027429
vn 0.059098 -0.070587 -0.039051
vn 0.050958 -0.070596 -0.049188
vn 0.040894 -0.070597 -0.057826
vn 0.029474 -0.070587 -0.064411
vn 0.017204 -0.070596 -0.068704
vn 0.004103 -0.070597 -0.070705
vn -0.009083 -0.070587 -0.070249
vn -0.021764 -0.070596 -0.067399
vn -0.033930 -0.070597 -0.062167
vn -0.044886 -0.070587 -0.054797
vn -0.054137 -0.070595 -0.045667
vn -0.061685 -0.070598 -0.034798
vn -0.067086 -0.070587 -0.022737
vn -0.070103 -0.070595 -0.010095
vn -0.070755 -0.070598 0.003110
vn -0.068953 -0.070587 0.016214
vn -0.064823 -0.070595 0.028537
vn -0.058392 -0.070599 0.040077
vn -0.049923 -0.070587 0.050251
vn -0.039897 -0.070594 0.058521
vn -0.028343 -0.070599 0.064904
vn -0.015763 -0.070587 0.069058
vn -0.002878 -0.070594 0.070769
vn 0.010293 -0.070599 0.070070
vn 0.023174 -0.070587 0.066936
vn 0.035013 -0.070594 0.061568
vn 0.045810 -0.070600 0.054011
vn 0.055088 -0.070587 0.044528
vn 0.062293 -0.070593 0.033707
vn 0.067450 -0.070600 0.021590
vn 0.070306 -0.070588 0.008625
vn 0.070693 -0.070593 -0.004370
vn 0.068683 -0.070600 -0.017270
vn 0.064218 -0.070588 -0.029891
vn 0.057668 -0.070593 -0.041123
vn 0.049066 -0.070600 -0.051070
vn 0.038668 -0.070588 -0.059348
vn 0.027164 -0.070592 -0.065413
vn 0.014610 -0.070600 -0.069297
vn 0.001399 -0.070588 -0.070819
vn -0.011574 -0.070592 -0.069877
vn -0.024273 -0.070600 -0.066531
vn -0.036293 -0.070588 -0.060829
vn -0.046804 -0.070592 -0.053162
vn -0.055802 -0.070601 -0.043609
vn -0.062986 -0.070588 -0.032405
vn -0.067848 -0.070591 -0.020334
vn -0.070425 -0.070601 -0.007475
vn -0.070592 -0.070588 0.005839
vn -0.068329 -0.070591 0.018657
vn -0.063712 -0.070601 0.030924
vn -0.056805 -0.070589 0.042313
vn -0.048099 -0.070591 0.051994
vn -0.037696 -0.070601 0.059955
vn -0.025805 -0.070589 0.065964
vn -0.013291 -0.070590 0.069572
vn -0.000259 -0.070601 0.070820
vn 0.013014 -0.070589 0.069626
vn 0.025546 -0.070590 0.066064
vn 0.037257 -0.070601 0.060228
vn 0.047890 -0.070589 0.052189
vn 0.056640 -0.070590 0.042532
vn 0.063485 -0.070600 0.031388
vn 0.068240 -0.070593 0.018973
vn 0.049923 -0.086189 -0.008898
vn 0.047414 -0.086180 -0.018027
vn 0.043308 -0.086188 -0.026381
vn 0.037654 -0.086189 -0.033965
vn 0.030688 -0.086180 -0.040389
vn 0.022783 -0.086188 -0.045305
vn 0.013978 -0.086190 -0.048744
vn 0.004662 -0.086180 -0.050510
vn -0.004647 -0.086188 -0.050498
vn -0.013931 -0.086190 -0.048757
vn -0.022777 -0.086180 -0.045324
vn -0.030670 -0.086187 -0.040387
vn -0.037619 -0.086190 -0.034000
vn -0.043313 -0.086180 -0.026401
vn -0.047398 -0.086187 -0.018035
vn -0.049912 -0.086191 -0.008944
vn -0.050722 -0.086180 0.000523
vn -0.049760 -0.086187 0.009784
vn -0.047084 -0.086191 0.018821
vn -0.042760 -0.086180 0.027288
vn -0.037042 -0.086187 0.034638
vn -0.029993 -0.086191 0.040884
vn -0.021839 -0.086180 0.045783
vn -0.013096 -0.086186 0.048994
vn -0.003816 -0.086191 0.050562
vn 0.005701 -0.086180 0.050403
vn 0.014820 -0.086186 0.048501
vn 0.023517 -0.086191 0.044922
vn 0.031512 -0.086180 0.039749
vn 0.038244 -0.086186 0.033308
vn 0.043726 -0.086192 0.025672
vn 0.047774 -0.086180 0.017049
vn 0.050078 -0.086185 0.008019
vn 0.050685 -0.086192 -0.001429
vn 0.049557 -0.086180 -0.010818
vn 0.046733 -0.086185 -0.019701
vn 0.042291 -0.086192 -0.027971
vn 0.036323 -0.086180 -0.035406
vn 0.029225 -0.086185 -0.041450
vn 0.021083 -0.086192 -0.046113
vn 0.012082 -0.086180 -0.049264
vn 0.002858 -0.086185 -0.050636
vn -0.006513 -0.086192 -0.050284
vn -0.015820 -0.086181 -0.048194
vn -0.024376 -0.086184 -0.044476
vn -0.032136 -0.086192 -0.039220
vn -0.038928 -0.086181 -0.032519
vn -0.044222 -0.086184 -0.024834
vn -0.048022 -0.086192 -0.016273
vn -0.050239 -0.086181 -0.006991
vn -0.050665 -0.086184 0.002334
vn -0.049358 -0.086192 0.011605
vn -0.046327 -0.086181 0.020655
vn -0.041751 -0.086184 0.028796
vn -0.035739 -0.086192 0.035967
vn -0.028377 -0.086181 0.042042
vn -0.020183 -0.086183 0.046530
vn -0.011291 -0.086192 0.049431
vn -0.001829 -0.086182 0.050689
vn 0.007503 -0.086183 0.050162
vn 0.016579 -0.086192 0.047917
vn 0.025273 -0.086182 0.043977
vn 0.032915 -0.086183 0.038589
vn 0.039425 -0.086192 0.031884
vn 0.044716 -0.086182 0.023940
vn 0.048351 -0.086183 0.015321
vn 0.050326 -0.086192 0.006190
vn 0.050610 -0.086182 -0.003350
vn 0.049142 -0.086182 -0.012557
vn 0.045977 -0.086192 -0.021381
vn 0.041170 -0.086183 -0.029625
vn 0.035023 -0.086182 -0.036689
vn 0.027696 -0.086192 -0.042473
vn 0.019255 -0.086183 -0.046923
vn 0.010297 -0.086182 -0.049665
vn 0.001022 -0.086191 -0.050695
vn -0.008492 -0.086183 -0.050003
vn -0.017550 -0.086182 -0.047589
vn -0.025962 -0.086191 -0.043555
vn -0.033666 -0.086183 -0.037934
vn -0.040078 -0.086182 -0.031089
vn -0.045079 -0.086191 -0.023216
vn -0.048639 -0.086184 -0.014372
vn -0.050459 -0.086181 -0.005165
vn -0.050535 -0.086191 0.004158
vn -0.048876 -0.086184 0.013543
vn -0.045546 -0.086181 0.022324
vn -0.040678 -0.086191 0.030273
vn -0.034306 -0.086184 0.037355
vn -0.026829 -0.086181 0.043047
vn -0.018493 -0.086191 0.047214
vn -0.009342 -0.086185 0.049849
vn 0.000020 -0.086181 0.050723
vn 0.009296 -0.086190 0.049848
vn 0.018450 -0.086185 0.047241
vn 0.026864 -0.086181 0.043026
vn 0.034269 -0.086190 0.037375
vn 0.040652 -0.086186 0.030322
vn 0.045565 -0.086181 0.022288
vn 0.048857 -0.086190 0.013575
vn 0.050539 -0.086186 0.004218
vn 0.050453 -0.086180 -0.005242
vn 0.048639 -0.086190 -0.014339
vn 0.045115 -0.086186 -0.023163
vn 0.040055 -0.086180 -0.031121
vn 0.033680 -0.086189 -0.037908
vn 0.026025 -0.086187 -0.043526
vn 0.017514 -0.086180 -0.047605
vn 0.008514 -0.086189 -0.049989
vn -0.000947 -0.086187 -0.050703
vn -0.010335 -0.086180 -0.049660
vn -0.019233 -0.086189 -0.046921
vn -0.027632 -0.086188 -0.042522
vn -0.035053 -0.086180 -0.036665
vn -0.041152 -0.086189 -0.029632
vn -0.045946 -0.086188 -0.021461
vn -0.049146 -0.086180 -0.012557
vn -0.050599 -0.086188 -0.003362
vn -0.050342 -0.086189 0.006100
vn -0.048345 -0.086180 0.015356
vn -0.044711 -0.086188 0.023927
vn -0.039489 -0.086189 0.031813
vn -0.032891 -0.086180 0.038616
vn -0.025273 -0.086188 0.043965
vn -0.016675 -0.086190 0.047888
vn -0.007470 -0.086180 0.050172
vn 0.001826 -0.086188 0.050679
vn 0.011190 -0.086190 0.049458
vn 0.020216 -0.086180 0.046523
vn 0.028372 -0.086187 0.042033
vn 0.035665 -0.086190 0.036045
vn 0.041774 -0.086180 0.028774
vn 0.046319 -0.086187 0.020648
vn 0.049335 -0.086191 0.011714
vn 0.050673 -0.086180 0.002305
vn 0.050228 -0.086187 -0.006996
vn 0.048084 -0.086191 -0.016095
vn 0.044214 -0.086180 -0.024862
vn 0.038914 -0.086186 -0.032520
vn 0.032226 -0.086191 -0.039148
vn 0.024356 -0.086180 -0.044495
vn 0.015806 -0.086186 -0.048188
vn 0.006629 -0.086191 -0.050270
vn -0.002883 -0.086180 -0.050643
vn -0.012094 -0.086186 -0.049252
vn -0.020976 -0.086191 -0.046163
vn -0.029248 -0.086180 -0.041443
vn -0.036329 -0.086186 -0.035387
vn -0.042226 -0.086192 -0.028070
vn -0.046749 -0.086180 -0.019685
vn -0.049553 -0.086185 -0.010797
vn -0.050683 -0.086192 -0.001473
vn -0.050083 -0.086180 0.008039
vn -0.047759 -0.086185 0.017066
vn -0.043785 -0.086192 0.025570
vn -0.038240 -0.086180 0.033326
vn -0.031489 -0.086185 0.039757
vn -0.023621 -0.086192 0.044866
vn -0.014809 -0.086181 0.048514
vn -0.005675 -0.086185 0.050399
vn 0.003700 -0.086192 0.050569
vn 0.013109 -0.086181 0.049000
vn 0.021860 -0.086184 0.045765
vn 0.029899 -0.086192 0.040951
vn 0.037054 -0.086181 0.034639
vn 0.042769 -0.086184 0.027260
vn 0.047040 -0.086192 0.018924
vn 0.049761 -0.086184 0.009805
vn 0.025617 -0.096110 -0.010326
vn 0.023266 -0.096106 -0.014912
vn 0.020130 -0.096111 -0.018904
vn 0.016272 -0.096110 -0.022316
vn 0.011848 -0.096106 -0.024966
vn 0.007075 -0.096111 -0.026694
vn 0.001999 -0.096111 -0.027545
vn -0.003160 -0.096106 -0.027453
vn -0.008125 -0.096111 -0.026394
vn -0.012879 -0.096111 -0.024430
vn -0.017211 -0.096106 -0.021621
vn -0.020863 -0.096111 -0.018094
vn -0.023854 -0.096111 -0.013914
vn -0.026046 -0.096106 -0.009236
vn -0.027279 -0.096111 -0.004310
vn -0.027603 -0.096111 0.000816
vn -0.026987 -0.096106 0.005949
vn -0.025427 -0.096111 0.010780
vn -0.022990 -0.096112 0.015298
vn -0.019750 -0.096106 0.019330
vn -0.015868 -0.096111 0.022604
vn -0.011412 -0.096112 0.025146
vn -0.006527 -0.096106 0.026854
vn -0.001500 -0.096110 0.027578
vn 0.003623 -0.096112 0.027375
vn 0.008674 -0.096106 0.026239
vn 0.013323 -0.096110 0.024193
vn 0.017560 -0.096112 0.021310
vn 0.021246 -0.096106 0.017673
vn 0.024109 -0.096110 0.013476
vn 0.026176 -0.096112 0.008790
vn 0.027380 -0.096106 0.003750
vn 0.027588 -0.096110 -0.001326
vn 0.026852 -0.096112 -0.006432
vn 0.025216 -0.096106 -0.011308
vn 0.022706 -0.096110 -0.015727
vn 0.019409 -0.096112 -0.019639
vn 0.015411 -0.096106 -0.022940
vn 0.010942 -0.096110 -0.025362
vn 0.006076 -0.096113 -0.026934
vn 0.000935 -0.096106 -0.027620
vn -0.004139 -0.096109 -0.027310
vn -0.009097 -0.096113 -0.026069
vn -0.013823 -0.096106 -0.023930
vn -0.017967 -0.096109 -0.020981
vn -0.021514 -0.096113 -0.017306
vn -0.024393 -0.096106 -0.012988
vn -0.026349 -0.096109 -0.008293
vn -0.027413 -0.096113 -0.003299
vn -0.027570 -0.096106 0.001888
vn -0.026746 -0.096109 0.006910
vn -0.025005 -0.096113 0.011708
vn -0.022394 -0.096106 0.016193
vn -0.019036 -0.096109 0.020018
vn -0.015021 -0.096113 0.023166
vn -0.010431 -0.096106 0.025590
vn -0.005556 -0.096109 0.027060
vn -0.000486 -0.096113 0.027606
vn 0.004692 -0.096106 0.027233
vn 0.009608 -0.096108 0.025901
vn 0.014197 -0.096113 0.023680
vn 0.018392 -0.096106 0.020624
vn 0.021861 -0.096108 0.016891
vn 0.024578 -0.096113 0.012580
vn 0.026520 -0.096106 0.007766
vn 0.027488 -0.096108 0.002761
vn 0.027511 -0.096113 -0.002333
vn 0.026611 -0.096106 -0.007445
vn 0.024793 -0.096108 -0.012188
vn 0.022109 -0.096113 -0.016539
vn 0.018640 -0.096106 -0.020399
vn 0.014568 -0.096108 -0.023474
vn 0.010007 -0.096113 -0.025733
vn 0.005021 -0.096107 -0.027172
vn -0.000063 -0.096108 -0.027628
vn -0.005128 -0.096113 -0.027130
vn -0.010119 -0.096107 -0.025712
vn -0.014677 -0.096108 -0.023408
vn -0.018709 -0.096113 -0.020306
vn -0.022192 -0.096107 -0.016462
vn -0.024842 -0.096107 -0.012093
vn -0.026620 -0.096113 -0.007328
vn -0.027541 -0.096107 -0.002225
vn -0.027478 -0.096107 0.002887
vn -0.026465 -0.096113 0.007870
vn -0.024545 -0.096107 0.012686
vn -0.021786 -0.096107 0.016993
vn -0.018290 -0.096113 0.020684
vn -0.014114 -0.096107 0.023752
vn -0.009491 -0.096107 0.025949
vn -0.004573 -0.096113 0.027230
vn 0.000593 -0.096108 0.027622
vn 0.005681 -0.096107 0.027041
vn 0.010531 -0.096112 0.025524
vn 0.015119 -0.096108 0.023123
vn 0.019132 -0.096107 0.019936
vn 0.022444 -0.096112 0.016084
vn 0.025064 -0.096108 0.011620
vn 0.026785 -0.096107 0.006789
vn 0.027556 -0.096112 0.001768
vn 0.027415 -0.096108 -0.003403
vn 0.026313 -0.096106 -0.008435
vn 0.024316 -0.096112 -0.013083
vn 0.021461 -0.096109 -0.017393
vn 0.017877 -0.096106 -0.021071
vn 0.013708 -0.096112 -0.023970
vn 0.009007 -0.096109 -0.026114
vn 0.004016 -0.096106 -0.027340
vn -0.001055 -0.096112 -0.027593
vn -0.006175 -0.096109 -0.026924
vn -0.011062 -0.096106 -0.025323
vn -0.015499 -0.096112 -0.022854
vn -0.019485 -0.096110 -0.019578
vn -0.022788 -0.096106 -0.015631
vn -0.025246 -0.096112 -0.011188
vn -0.026892 -0.096110 -0.006302
vn -0.027608 -0.096106 -0.001202
vn -0.027342 -0.096112 0.003868
vn -0.026152 -0.096110 0.008881
vn -0.024061 -0.096106 0.013592
vn -0.021152 -0.096111 0.017753
vn -0.017491 -0.096111 0.021374
vn -0.013221 -0.096106 0.024267
vn -0.008551 -0.096111 0.026258
vn -0.003532 -0.096111 0.027391
vn 0.001626 -0.096106 0.027587
vn 0.006642 -0.096111 0.026805
vn 0.011496 -0.096111 0.025110
vn 0.015980 -0.096106 0.022546
vn 0.019823 -0.096111 0.019229
vn 0.023041 -0.096111 0.015223
vn 0.025491 -0.096106 0.010673
vn 0.026996 -0.096111 0.005824
vn 0.027606 -0.096111 0.000725
vn 0.027277 -0.096106 -0.004435
vn 0.025988 -0.096111 -0.009347
vn 0.023827 -0.096112 -0.013957
vn 0.020797 -0.096106 -0.018200
vn 0.017103 -0.096111 -0.021685
vn 0.012796 -0.096112 -0.024470
vn 0.008013 -0.096106 -0.026448
vn 0.003035 -0.096110 -0.027452
vn -0.002091 -0.096112 -0.027534
vn -0.007198 -0.096106 -0.026682
vn -0.011954 -0.096110 -0.024898
vn -0.016344 -0.096112 -0.022256
vn -0.020228 -0.096106 -0.018829
vn -0.023321 -0.096110 -0.014799
vn -0.025645 -0.096112 -0.010236
vn -0.027128 -0.096106 -0.005271
vn -0.027620 -0.096110 -0.000213
vn -0.027176 -0.096112 0.004885
vn -0.025807 -0.096106 0.009885
vn -0.023548 -0.096110 0.014437
vn -0.020474 -0.096112 0.018526
vn -0.016665 -0.096106 0.022045
vn -0.012338 -0.096110 0.024713
vn -0.007568 -0.096113 0.026554
vn -0.002473 -0.096106 0.027525
vn 0.002611 -0.096109 0.027498
vn 0.007630 -0.096113 0.026536
vn 0.012468 -0.096106 0.024663
vn 0.016770 -0.096109 0.021950
vn 0.020516 -0.096113 0.018478
vn 0.023631 -0.096106 0.014328
vn 0.025846 -0.096109 0.009748
vn 0.027186 -0.096113 0.004822
vn 0.027627 -0.096107 -0.000336
vn 0.000143 -0.099375 -0.011164
vn -0.001923 -0.099375 -0.011000
vn -0.003923 -0.099375 -0.010454
vn -0.005787 -0.099375 -0.009548
vn -0.007453 -0.099375 -0.008315
vn -0.008862 -0.099375 -0.006794
vn -0.009964 -0.099375 -0.005039
vn -0.010725 -0.099375 -0.003111
vn -0.011114 -0.099375 -0.001075
vn -0.011121 -0.099375 0.000998
vn -0.010746 -0.099375 0.003036
vn -0.009999 -0.099375 0.004970
vn -0.008908 -0.099375 0.006732
vn -0.007511 -0.099375 0.008263
vn -0.005854 -0.099375 0.009509
vn -0.003996 -0.099375 0.010427
vn -0.002000 -0.099375 0.010986
vn 0.000065 -0.099375 0.011166
vn 0.002128 -0.099375 0.010962
vn 0.004117 -0.099375 0.010381
vn 0.005964 -0.099375 0.009440
vn 0.007607 -0.099375 0.008175
vn 0.008987 -0.099375 0.006629
vn 0.010056 -0.099375 0.004853
vn 0.010781 -0.099375 0.002911
vn 0.011133 -0.099375 0.000869
vn 0.011101 -0.099375 -0.001204
vn 0.010688 -0.099375 -0.003235
vn 0.009906 -0.099374 -0.005155
vn 0.008782 -0.099375 -0.006896
vn 0.007356 -0.099375 -0.008402
vn 0.005677 -0.099374 -0.009617
vn 0.003801 -0.099375 -0.010499
vn 0.001779 -0.099375 -0.011024
vn -0.000272 -0.099374 -0.011164
vn -0.002331 -0.099375 -0.010920
vn -0.004310 -0.099375 -0.010302
vn -0.006139 -0.099374 -0.009329
vn -0.007757 -0.099375 -0.008032
vn -0.009109 -0.099375 -0.006461
vn -0.010146 -0.099374 -0.004666
vn -0.010832 -0.099375 -0.002710
vn -0.011148 -0.099374 -0.000661
vn -0.011078 -0.099374 0.001410
vn -0.010625 -0.099375 0.003433
vn -0.009809 -0.099374 0.005339
vn -0.008653 -0.099374 0.007060
vn -0.007198 -0.099375 0.008536
vn -0.005497 -0.099374 0.009721
vn -0.003606 -0.099374 0.010569
vn -0.001590 -0.099375 0.011052
vn 0.000480 -0.099374 0.011157
vn 0.002534 -0.099374 0.010877
vn 0.004500 -0.099375 0.010219
vn 0.006312 -0.099374 0.009213
vn 0.007906 -0.099374 0.007888
vn 0.009226 -0.099375 0.006289
vn 0.010231 -0.099374 0.004476
vn 0.010882 -0.099374 0.002509
vn 0.011157 -0.099375 0.000454
vn 0.011050 -0.099374 -0.001616
vn 0.010561 -0.099374 -0.003631
vn 0.009706 -0.099375 -0.005519
vn 0.008520 -0.099374 -0.007219
vn 0.007040 -0.099374 -0.008670
vn 0.005315 -0.099375 -0.009820
vn 0.003409 -0.099374 -0.010634
vn 0.001385 -0.099374 -0.011082
vn -0.000679 -0.099375 -0.011145
vn -0.002736 -0.099374 -0.010827
vn -0.004690 -0.099374 -0.010135
vn -0.006481 -0.099375 -0.009092
vn -0.008051 -0.099375 -0.007739
vn -0.009343 -0.099374 -0.006118
vn -0.010311 -0.099375 -0.004285
vn -0.010927 -0.099375 -0.002306
vn -0.011165 -0.099374 -0.000247
vn -0.011016 -0.099375 0.001821
vn -0.010491 -0.099375 0.003826
vn -0.009604 -0.099374 0.005699
vn -0.008384 -0.099375 0.007375
vn -0.006877 -0.099375 0.008799
vn -0.005132 -0.099374 0.009918
vn -0.003210 -0.099375 0.010695
vn -0.001178 -0.099375 0.011105
vn 0.000894 -0.099374 0.011132
vn 0.002936 -0.099375 0.010773
vn 0.004877 -0.099375 0.010046
vn 0.006650 -0.099375 0.008972
vn 0.008192 -0.099375 0.007587
vn 0.009454 -0.099375 0.005943
vn 0.010390 -0.099375 0.004093
vn 0.010966 -0.099375 0.002102
vn 0.011167 -0.099375 0.000039
vn 0.010982 -0.099375 -0.002026
vn 0.010417 -0.099375 -0.004020
vn 0.009495 -0.099375 -0.005877
vn 0.008246 -0.099375 -0.007530
vn 0.006712 -0.099375 -0.008924
vn 0.004947 -0.099375 -0.010011
vn 0.003011 -0.099375 -0.010753
vn 0.000964 -0.099375 -0.011125
vn -0.001101 -0.099375 -0.011112
vn -0.003136 -0.099375 -0.010717
vn -0.005062 -0.099375 -0.009953
vn -0.006815 -0.099375 -0.008846
vn -0.008332 -0.099375 -0.007434
vn -0.009563 -0.099375 -0.005766
vn -0.010464 -0.099375 -0.003899
vn -0.011004 -0.099375 -0.001898
vn -0.011165 -0.099375 0.000169
vn -0.010942 -0.099375 0.002230
vn -0.010340 -0.099375 0.004213
vn -0.009384 -0.099375 0.006052
vn -0.008104 -0.099375 0.007682
vn -0.006544 -0.099375 0.009047
vn -0.004760 -0.099375 0.010101
vn -0.002810 -0.099375 0.010807
vn -0.000765 -0.099375 0.011139
vn 0.001307 -0.099375 0.011090
vn 0.003335 -0.099375 0.010657
vn 0.005246 -0.099375 0.009856
vn 0.006978 -0.099375 0.008718
vn 0.008469 -0.099375 0.007277
vn 0.009668 -0.099375 0.005587
vn 0.010535 -0.099375 0.003704
vn 0.011037 -0.099375 0.001693
vn 0.011160 -0.099375 -0.000376
vn 0.010899 -0.099375 -0.002432
vn 0.010261 -0.099375 -0.004405
vn 0.009270 -0.099375 -0.006225
vn 0.007960 -0.099375 -0.007832
vn 0.006375 -0.099375 -0.009167
vn 0.004571 -0.099375 -0.010188
vn 0.002610 -0.099375 -0.010858
vn 0.000557 -0.099375 -0.011152
vn -0.001497 -0.099375 -0.011066
vn -0.003532 -0.099375 -0.010594
vn -0.005429 -0.099375 -0.009757
vn -0.007139 -0.099375 -0.008586
vn -0.008603 -0.099375 -0.007120
vn -0.009770 -0.099375 -0.005406
vn -0.010602 -0.099375 -0.003507
vn -0.011068 -0.099374 -0.001488
vn -0.011151 -0.099375 0.000584
vn -0.010852 -0.099375 0.002635
vn -0.010178 -0.099374 0.004595
vn -0.009152 -0.099375 0.006396
vn -0.007813 -0.099375 0.007979
vn -0.006204 -0.099374 0.009285
vn -0.004381 -0.099375 0.010271
vn -0.002407 -0.099375 0.010905
vn -0.000350 -0.099374 0.011162
vn 0.001719 -0.099375 0.011033
vn 0.003729 -0.099375 0.010526
vn 0.005610 -0.099374 0.009656
vn 0.007297 -0.099375 0.008452
vn 0.008734 -0.099375 0.006958
vn 0.009870 -0.099374 0.005224
vn 0.010664 -0.099375 0.003309
vn 0.011094 -0.099374 0.001282
vn 0.011140 -0.099374 -0.000791
vn 0.010800 -0.099375 -0.002836
vn 0.010091 -0.099374 -0.004784
vn 0.009033 -0.099374 -0.006566
vn 0.007663 -0.099375 -0.008121
vn 0.006030 -0.099374 -0.009399
vn 0.004189 -0.099375 -0.010351
vn -0.025857 -0.095937 -0.011294
vn -0.027500 -0.095938 -0.006293
vn -0.028208 -0.095932 -0.001153
vn -0.027918 -0.095936 0.004099
vn -0.026663 -0.095939 0.009215
vn -0.024543 -0.095932 0.013950
vn -0.021522 -0.095936 0.018251
vn -0.017745 -0.095939 0.021929
vn -0.013441 -0.095932 0.024826
vn -0.008605 -0.095936 0.026876
vn -0.003451 -0.095939 0.027997
vn 0.001735 -0.095933 0.028177
vn 0.006920 -0.095935 0.027359
vn 0.011889 -0.095939 0.025581
vn 0.016385 -0.095933 0.022988
vn 0.020349 -0.095935 0.019555
vn 0.023626 -0.095939 0.015412
vn 0.026068 -0.095933 0.010833
vn 0.027615 -0.095935 0.005825
vn 0.028202 -0.095939 0.000573
vn 0.027851 -0.095933 -0.004606
vn 0.026515 -0.095934 -0.009670
vn 0.024232 -0.095939 -0.014439
vn 0.021192 -0.095933 -0.018648
vn 0.017382 -0.095934 -0.022237
vn 0.012919 -0.095939 -0.025075
vn 0.008111 -0.095933 -0.027038
vn 0.002982 -0.095934 -0.028068
vn -0.002309 -0.095939 -0.028112
vn -0.007428 -0.095933 -0.027233
vn -0.012322 -0.095934 -0.025395
vn -0.016837 -0.095939 -0.022631
vn -0.020715 -0.095933 -0.019174
vn -0.023916 -0.095934 -0.014992
vn -0.026262 -0.095940 -0.010291
vn -0.027724 -0.095934 -0.005305
vn -0.028228 -0.095933 -0.000107
vn -0.027729 -0.095940 0.005166
vn -0.026329 -0.095934 0.010172
vn -0.024009 -0.095933 0.014847
vn -0.020793 -0.095940 0.019058
vn -0.016956 -0.095934 0.022565
vn -0.012515 -0.095933 0.025304
vn -0.007557 -0.095940 0.027175
vn -0.002443 -0.095934 0.028119
vn 0.002772 -0.095933 0.028093
vn 0.007969 -0.095940 0.027057
vn 0.012809 -0.095934 0.025150
vn 0.017219 -0.095933 0.022371
vn 0.021080 -0.095940 0.018740
vn 0.024179 -0.095934 0.014559
vn 0.026449 -0.095932 0.009870
vn 0.027804 -0.095940 0.004745
vn 0.028220 -0.095935 -0.000444
vn 0.027666 -0.095932 -0.005622
vn 0.026102 -0.095940 -0.010688
vn 0.023708 -0.095935 -0.015312
vn 0.020499 -0.095932 -0.019412
vn 0.016492 -0.095940 -0.022882
vn 0.012011 -0.095935 -0.025539
vn 0.007121 -0.095932 -0.027319
vn 0.001884 -0.095940 -0.028143
vn -0.003326 -0.095935 -0.028025
vn -0.008416 -0.095932 -0.026949
vn -0.013295 -0.095940 -0.024876
vn -0.017654 -0.095935 -0.022017
vn -0.021402 -0.095932 -0.018412
vn -0.024445 -0.095940 -0.014072
vn -0.026624 -0.095936 -0.009356
vn -0.027904 -0.095932 -0.004296
vn -0.028189 -0.095940 0.000996
vn -0.027536 -0.095936 0.006173
vn -0.025950 -0.095932 0.011122
vn -0.023391 -0.095939 0.015763
vn -0.020096 -0.095936 0.019811
vn -0.016132 -0.095932 0.023170
vn -0.011507 -0.095939 0.025753
vn -0.006565 -0.095936 0.027444
vn -0.001425 -0.095932 0.028197
vn 0.003865 -0.095939 0.027941
vn 0.008954 -0.095936 0.026759
vn 0.013713 -0.095932 0.024679
vn 0.018066 -0.095939 0.021664
vn 0.021760 -0.095936 0.017964
vn 0.024696 -0.095932 0.013682
vn 0.026793 -0.095939 0.008822
vn 0.027969 -0.095937 0.003726
vn 0.028196 -0.095932 -0.001461
vn 0.027403 -0.095939 -0.006693
vn 0.025702 -0.095937 -0.011642
vn 0.023150 -0.095932 -0.016162
vn 0.019711 -0.095939 -0.020180
vn 0.015646 -0.095937 -0.023480
vn 0.011089 -0.095932 -0.025964
vn 0.006046 -0.095939 -0.027554
vn 0.000848 -0.095937 -0.028202
vn -0.004333 -0.095932 -0.027899
vn -0.009450 -0.095938 -0.026580
vn -0.014206 -0.095937 -0.024376
vn -0.018441 -0.095932 -0.021378
vn -0.022085 -0.095938 -0.017554
vn -0.024964 -0.095937 -0.013146
vn -0.026961 -0.095932 -0.008379
vn -0.028029 -0.095938 -0.003208
vn -0.028139 -0.095938 0.002038
vn -0.027310 -0.095932 0.007160
vn -0.025482 -0.095938 0.012109
vn -0.022796 -0.095938 0.016622
vn -0.019382 -0.095932 0.020528
vn -0.015215 -0.095937 0.023760
vn -0.010544 -0.095938 0.026167
vn -0.005581 -0.095932 0.027675
vn -0.000338 -0.095937 0.028212
vn 0.004902 -0.095938 0.027782
vn 0.009912 -0.095932 0.026435
vn 0.014642 -0.095937 0.024119
vn 0.018863 -0.095938 0.020977
vn 0.022400 -0.095932 0.017183
vn 0.025188 -0.095937 0.012718
vn 0.027106 -0.095938 0.007815
vn 0.028100 -0.095932 0.002724
vn 0.028104 -0.095936 -0.002535
vn 0.027135 -0.095939 -0.007714
vn 0.025283 -0.095932 -0.012561
vn 0.022506 -0.095936 -0.017023
vn 0.018940 -0.095939 -0.020906
vn 0.014803 -0.095932 -0.024038
vn 0.010091 -0.095936 -0.026354
vn 0.005006 -0.095939 -0.027761
vn -0.000162 -0.095933 -0.028230
vn -0.005383 -0.095935 -0.027703
vn -0.010445 -0.095939 -0.026204
vn -0.015078 -0.095933 -0.023866
vn -0.019227 -0.095935 -0.020659
vn -0.022730 -0.095939 -0.016705
vn -0.025424 -0.095933 -0.012269
vn -0.027237 -0.095935 -0.007396
vn -0.028126 -0.095939 -0.002144
vn -0.028064 -0.095933 0.003046
vn -0.027014 -0.095934 0.008177
vn -0.024999 -0.095939 0.013066
vn -0.022199 -0.095933 0.017438
vn -0.018595 -0.095934 0.021234
vn -0.014296 -0.095939 0.024316
vn -0.009605 -0.095933 0.026543
vn -0.004543 -0.095934 0.027858
vn 0.000739 -0.095939 0.028197
vn 0.005899 -0.095933 0.027604
vn 0.010887 -0.095934 0.026042
vn 0.015549 -0.095939 0.023534
vn 0.019614 -0.095934 0.020299
vn 0.023020 -0.095933 0.016337
vn 0.025648 -0.095940 0.011739
vn 0.027385 -0.095934 0.006842
vn 0.028178 -0.095933 0.001680
vn 0.027974 -0.095940 -0.003613
vn 0.026855 -0.095934 -0.008689
vn 0.024799 -0.095933 -0.013486
vn 0.021823 -0.095940 -0.017870
vn 0.018187 -0.095934 -0.021585
vn 0.013906 -0.095933 -0.024567
vn 0.009060 -0.095940 -0.026711
vn 0.004006 -0.095934 -0.027939
vn -0.001201 -0.095933 -0.028204
vn -0.006449 -0.095940 -0.027459
vn -0.011388 -0.095934 -0.025825
vn -0.015945 -0.095933 -0.023296
vn -0.019998 -0.095939 -0.019897
vn -0.049619 -0.086170 -0.010617
vn -0.050727 -0.086170 -0.001209
vn -0.050110 -0.086160 0.008087
vn -0.047723 -0.086169 0.017245
vn -0.043680 -0.086170 0.025821
vn -0.038237 -0.086160 0.033382
vn -0.031371 -0.086168 0.039886
vn -0.023395 -0.086171 0.045025
vn -0.014775 -0.086160 0.048560
vn -0.005515 -0.086168 0.050445
vn 0.003979 -0.086171 0.050584
vn 0.013165 -0.086160 0.049021
vn 0.022013 -0.086167 0.045723
vn 0.030147 -0.086171 0.040812
vn 0.037115 -0.086161 0.034624
vn 0.042873 -0.086167 0.027151
vn 0.047178 -0.086172 0.018673
vn 0.049815 -0.086161 0.009734
vn 0.050747 -0.086166 0.000352
vn 0.049911 -0.086172 -0.009125
vn 0.047418 -0.086161 -0.018107
vn 0.043247 -0.086166 -0.026554
vn 0.037519 -0.086172 -0.034157
vn 0.030648 -0.086161 -0.040459
vn 0.022646 -0.086165 -0.045417
vn 0.013757 -0.086172 -0.048837
vn 0.004590 -0.086161 -0.050549
vn -0.004817 -0.086165 -0.050521
vn -0.014174 -0.086172 -0.048718
vn -0.022859 -0.086162 -0.045317
vn -0.030822 -0.086165 -0.040320
vn -0.037808 -0.086173 -0.033835
vn -0.043379 -0.086162 -0.026351
vn -0.047515 -0.086164 -0.017832
vn -0.049986 -0.086173 -0.008699
vn -0.050752 -0.086162 0.000601
vn -0.049770 -0.086164 0.009940
vn -0.047015 -0.086173 0.019073
vn -0.042742 -0.086162 0.027371
vn -0.036971 -0.086163 0.034771
vn -0.029798 -0.086173 0.041064
vn -0.021778 -0.086162 0.045845
vn -0.012970 -0.086163 0.049068
vn -0.003551 -0.086173 0.050612
vn 0.005787 -0.086163 0.050423
vn 0.014961 -0.086163 0.048499
vn 0.023771 -0.086173 0.044823
vn 0.031597 -0.086163 0.039719
vn 0.038360 -0.086162 0.033235
vn 0.043890 -0.086174 0.025452
vn 0.047830 -0.086163 0.016976
vn 0.050137 -0.086162 0.007900
vn 0.050709 -0.086174 -0.001632
vn 0.049566 -0.086163 -0.010912
vn 0.046722 -0.086162 -0.019829
vn 0.042163 -0.086174 -0.028220
vn 0.036279 -0.086164 -0.035491
vn 0.029150 -0.086162 -0.041550
vn 0.020841 -0.086174 -0.046257
vn 0.011996 -0.086164 -0.049314
vn 0.002745 -0.086161 -0.050682
vn -0.006796 -0.086174 -0.050278
vn -0.015922 -0.086164 -0.048189
vn -0.024492 -0.086161 -0.044457
vn -0.032373 -0.086174 -0.039065
vn -0.039014 -0.086165 -0.032459
vn -0.044309 -0.086161 -0.024760
vn -0.048141 -0.086174 -0.016015
vn -0.050275 -0.086165 -0.006927
vn -0.050699 -0.086161 0.002440
vn -0.049323 -0.086174 0.011887
vn -0.046308 -0.086165 0.020765
vn -0.041726 -0.086161 0.028901
vn -0.035561 -0.086174 0.036187
vn -0.028300 -0.086166 0.042126
vn -0.020109 -0.086160 0.046605
vn -0.011024 -0.086174 0.049523
vn -0.001715 -0.086166 0.050720
vn 0.007602 -0.086160 0.050186
vn 0.016853 -0.086174 0.047855
vn 0.025389 -0.086166 0.043941
vn 0.033010 -0.086160 0.038559
vn 0.039624 -0.086173 0.031688
vn 0.044797 -0.086167 0.023844
vn 0.048415 -0.086160 0.015246
vn 0.050390 -0.086173 0.005920
vn 0.050628 -0.086167 -0.003479
vn 0.049148 -0.086160 -0.012686
vn 0.045889 -0.086173 -0.021642
vn 0.041114 -0.086167 -0.029747
vn 0.034987 -0.086160 -0.036775
vn 0.027486 -0.086173 -0.042647
vn 0.019139 -0.086167 -0.046999
vn 0.010223 -0.086160 -0.049719
vn 0.000756 -0.086173 -0.050732
vn -0.008636 -0.086168 -0.050005
vn -0.017639 -0.086160 -0.047596
vn -0.026204 -0.086172 -0.043448
vn -0.033793 -0.086168 -0.037856
vn -0.040156 -0.086160 -0.031048
vn -0.045225 -0.086172 -0.023001
vn -0.048717 -0.086168 -0.014199
vn -0.050503 -0.086160 -0.005091
vn -0.050547 -0.086172 0.004414
vn -0.048859 -0.086169 0.013701
vn -0.045545 -0.086160 0.022409
vn -0.040555 -0.086171 0.030492
vn -0.034203 -0.086169 0.037484
vn -0.026783 -0.086160 0.043118
vn -0.018278 -0.086171 0.047334
vn -0.009182 -0.086169 0.049905
vn 0.000095 -0.086160 0.050759
vn 0.009536 -0.086170 0.049837
vn 0.018622 -0.086170 0.047202
vn 0.026945 -0.086160 0.043017
vn 0.034462 -0.086170 0.037244
vn 0.040781 -0.086170 0.030193
vn 0.045628 -0.086160 0.022237
vn 0.048950 -0.086169 0.013368
vn 0.050581 -0.086170 0.004034
vn 0.050483 -0.086160 -0.005281
vn 0.048611 -0.086169 -0.014557
vn 0.045051 -0.086171 -0.023346
vn 0.040038 -0.086160 -0.031199
vn 0.033547 -0.086168 -0.038074
vn 0.025868 -0.086171 -0.043651
vn 0.017458 -0.086160 -0.047661
vn 0.008320 -0.086168 -0.050059
vn -0.001154 -0.086171 -0.050727
vn -0.010413 -0.086161 -0.049678
vn -0.019429 -0.086167 -0.046880
vn -0.027826 -0.086171 -0.042429
vn -0.035128 -0.086161 -0.036639
vn -0.041293 -0.086167 -0.029499
vn -0.046064 -0.086172 -0.021273
vn -0.049196 -0.086161 -0.012494
vn -0.050644 -0.086166 -0.003256
vn -0.050342 -0.086172 0.006329
vn -0.048353 -0.086161 0.015436
vn -0.044661 -0.086166 0.024101
vn -0.039364 -0.086172 0.032013
vn -0.032855 -0.086161 0.038688
vn -0.025143 -0.086165 0.044084
vn -0.016458 -0.086172 0.047995
vn -0.007400 -0.086161 0.050214
vn 0.001993 -0.086165 0.050711
vn 0.011436 -0.086173 0.049432
vn 0.020298 -0.086162 0.046521
vn 0.028526 -0.086164 0.041976
vn 0.035864 -0.086173 0.035889
vn 0.041843 -0.086162 0.028728
vn 0.046418 -0.086164 0.020522
vn 0.049423 -0.086173 0.011471
vn 0.050706 -0.086162 0.002228
vn 0.050246 -0.086164 -0.007149
vn 0.048005 -0.086173 -0.016422
vn 0.044201 -0.086162 -0.024947
vn 0.038852 -0.086163 -0.032656
vn 0.032040 -0.086173 -0.039339
vn 0.024298 -0.086162 -0.044560
vn 0.015685 -0.086163 -0.048269
vn 0.006367 -0.086173 -0.050335
vn -0.002968 -0.086163 -0.050667
vn -0.012234 -0.086163 -0.049258
vn -0.021236 -0.086174 -0.046078
vn -0.029335 -0.086163 -0.041418
vn -0.036448 -0.086162 -0.035322
vn -0.042392 -0.086172 -0.027880
vn -0.070510 -0.070334 -0.009028
vn -0.070961 -0.070332 0.004237
vn -0.069002 -0.070322 0.017135
vn -0.064608 -0.070334 0.029647
vn -0.057965 -0.070332 0.041151
vn -0.049476 -0.070322 0.051058
vn -0.039137 -0.070333 0.059343
vn -0.027403 -0.070333 0.065593
vn -0.014956 -0.070322 0.069506
vn -0.001809 -0.070332 0.071064
vn 0.011465 -0.070333 0.070156
vn 0.024098 -0.070322 0.066889
vn 0.036067 -0.070332 0.061258
vn 0.046857 -0.070333 0.053457
vn 0.055847 -0.070322 0.043999
vn 0.063019 -0.070331 0.032896
vn 0.068048 -0.070334 0.020558
vn 0.070671 -0.070322 0.007773
vn 0.070881 -0.070331 -0.005433
vn 0.068617 -0.070334 -0.018570
vn 0.064075 -0.070322 -0.030808
vn 0.057270 -0.070330 -0.042117
vn 0.048391 -0.070334 -0.052071
vn 0.038059 -0.070322 -0.060052
vn 0.026309 -0.070330 -0.066042
vn 0.013501 -0.070335 -0.069791
vn 0.000508 -0.070323 -0.071095
vn -0.012622 -0.070329 -0.069960
vn -0.025480 -0.070335 -0.066361
vn -0.037197 -0.070323 -0.060590
vn -0.047731 -0.070329 -0.052684
vn -0.056739 -0.070335 -0.042821
vn -0.063628 -0.070323 -0.031720
vn -0.068408 -0.070329 -0.019345
vn -0.070804 -0.070336 -0.006305
vn -0.070774 -0.070323 0.006763
vn -0.068312 -0.070328 0.019684
vn -0.063412 -0.070336 0.032122
vn -0.056469 -0.070323 0.043196
vn -0.047547 -0.070328 0.052852
vn -0.036804 -0.070336 0.060813
vn -0.025048 -0.070323 0.066537
vn -0.012377 -0.070327 0.070007
vn 0.000955 -0.070336 0.071077
vn 0.013964 -0.070324 0.069711
vn 0.026545 -0.070327 0.065951
vn 0.038425 -0.070337 0.059802
vn 0.048743 -0.070324 0.051756
vn 0.057424 -0.070326 0.041913
vn 0.064251 -0.070337 0.030406
vn 0.068749 -0.070324 0.018114
vn 0.070905 -0.070326 0.005175
vn 0.070608 -0.070337 -0.008203
vn 0.067917 -0.070324 -0.021018
vn 0.062902 -0.070326 -0.033131
vn 0.055569 -0.070337 -0.044326
vn 0.046500 -0.070325 -0.053779
vn 0.035839 -0.070325 -0.061400
vn 0.023692 -0.070337 -0.067017
vn 0.010989 -0.070325 -0.070240
vn -0.002083 -0.070325 -0.071064
vn -0.015363 -0.070337 -0.069402
vn -0.027852 -0.070325 -0.065411
vn -0.039375 -0.070325 -0.059195
vn -0.049762 -0.070337 -0.050758
vn -0.058251 -0.070326 -0.040757
vn -0.064736 -0.070324 -0.029389
vn -0.069084 -0.070338 -0.016734
vn -0.070992 -0.070326 -0.003801
vn -0.070481 -0.070324 0.009323
vn -0.067474 -0.070338 0.022359
vn -0.062220 -0.070326 0.034393
vn -0.054869 -0.070324 0.045210
vn -0.045420 -0.070338 0.054678
vn -0.034587 -0.070327 0.062112
vn -0.022629 -0.070324 0.067398
vn -0.009604 -0.070338 0.070430
vn 0.003528 -0.070327 0.071005
vn 0.016468 -0.070323 0.069162
vn 0.029120 -0.070338 0.064843
vn 0.040574 -0.070327 0.058377
vn 0.050575 -0.070323 0.049968
vn 0.059022 -0.070337 0.039611
vn 0.065322 -0.070328 0.028055
vn 0.069357 -0.070323 0.015631
vn 0.071042 -0.070337 0.002378
vn 0.070271 -0.070328 -0.010769
vn 0.067120 -0.070323 -0.023443
vn 0.061539 -0.070337 -0.035576
vn 0.053922 -0.070328 -0.046329
vn 0.044543 -0.070323 -0.055413
vn 0.033392 -0.070337 -0.062751
vn 0.021230 -0.070329 -0.067847
vn 0.008467 -0.070322 -0.070591
vn -0.004871 -0.070337 -0.070915
vn -0.017896 -0.070329 -0.068801
vn -0.030175 -0.070322 -0.064376
vn -0.041658 -0.070337 -0.057596
vn -0.051597 -0.070329 -0.048903
vn -0.059673 -0.070322 -0.038651
vn -0.065826 -0.070336 -0.026829
vn -0.069670 -0.070330 -0.014134
vn -0.071087 -0.070322 -0.001213
vn -0.070052 -0.070336 0.012066
vn -0.066610 -0.070330 0.024834
vn -0.060957 -0.070322 0.036594
vn -0.053057 -0.070336 0.047306
vn -0.043373 -0.070331 0.056324
vn -0.032353 -0.070322 0.063310
vn -0.019990 -0.070335 0.068215
vn -0.006990 -0.070331 0.070744
vn 0.006056 -0.070322 0.070839
vn 0.019133 -0.070335 0.068461
vn 0.031511 -0.070331 0.063723
vn 0.042630 -0.070322 0.056899
vn 0.052460 -0.070334 0.047969
vn 0.060461 -0.070332 0.037389
vn 0.066284 -0.070322 0.025715
vn 0.069897 -0.070334 0.012947
vn 0.071087 -0.070332 -0.000276
vn 0.069849 -0.070322 -0.013263
vn 0.066161 -0.070333 -0.025998
vn 0.060168 -0.070332 -0.037856
vn 0.052245 -0.070322 -0.048222
vn 0.042385 -0.070333 -0.057068
vn 0.031015 -0.070333 -0.063964
vn 0.018806 -0.070322 -0.068565
vn 0.005769 -0.070332 -0.070853
vn -0.007537 -0.070333 -0.070686
vn -0.020333 -0.070322 -0.068128
vn -0.032595 -0.070332 -0.063174
vn -0.043805 -0.070333 -0.055985
vn -0.053309 -0.070322 -0.047042
vn -0.061087 -0.070331 -0.036359
vn -0.066796 -0.070334 -0.024319
vn -0.070128 -0.070322 -0.011699
vn -0.071076 -0.070331 0.001367
vn -0.069545 -0.070334 0.014717
vn -0.065692 -0.070322 0.027190
vn -0.059529 -0.070330 0.038858
vn -0.051218 -0.070334 0.049293
vn -0.041346 -0.070322 0.057838
vn -0.029951 -0.070330 0.064472
vn -0.017370 -0.070335 0.068930
vn -0.004469 -0.070323 0.070956
vn 0.008702 -0.070329 0.070555
vn 0.021742 -0.070335 0.067678
vn 0.033763 -0.070323 0.062568
vn 0.044719 -0.070329 0.055263
vn 0.054264 -0.070335 0.045917
vn 0.061761 -0.070323 0.035216
vn 0.067189 -0.070328 0.023228
vn 0.070342 -0.070336 0.010241
vn 0.071041 -0.070323 -0.002809
vn 0.069303 -0.070328 -0.015845
vn 0.065104 -0.070336 -0.028537
vn 0.058788 -0.070323 -0.039983
vn 0.050420 -0.070327 -0.050119
vn 0.040137 -0.070336 -0.058667
vn 0.028717 -0.070324 -0.065038
vn 0.016260 -0.070327 -0.069208
vn 0.003008 -0.070336 -0.071019
vn -0.010057 -0.070324 -0.070381
vn -0.022827 -0.070327 -0.067328
vn -0.035032 -0.070337 -0.061851
vn -0.045783 -0.070324 -0.054391
vn -0.054998 -0.070326 -0.045049
vn -0.062440 -0.070336 -0.033972
vn -0.086381 -0.049944 -0.006623
vn -0.086109 -0.049940 0.009552
vn -0.082918 -0.049933 0.025125
vn -0.076803 -0.049944 0.040086
vn -0.068005 -0.049940 0.053677
vn -0.057055 -0.049933 0.065203
vn -0.043961 -0.049943 0.074653
vn -0.029291 -0.049940 0.081535
vn -0.013900 -0.049933 0.085519
vn 0.002198 -0.049943 0.086608
vn 0.018299 -0.049941 0.084682
vn 0.033468 -0.049933 0.079916
vn 0.047692 -0.049943 0.072327
vn 0.060344 -0.049941 0.062165
vn 0.070693 -0.049933 0.050092
vn 0.078740 -0.049942 0.036136
vn 0.084100 -0.049941 0.020809
vn 0.086492 -0.049933 0.005086
vn 0.085935 -0.049942 -0.011001
vn 0.082369 -0.049942 -0.026854
vn 0.076076 -0.049933 -0.041462
vn 0.067097 -0.049942 -0.054807
vn 0.055676 -0.049942 -0.066377
vn 0.042603 -0.049933 -0.075443
vn 0.027933 -0.049941 -0.082010
vn 0.012111 -0.049942 -0.085785
vn -0.003782 -0.049933 -0.086558
vn -0.019695 -0.049941 -0.084368
vn -0.035125 -0.049942 -0.079196
vn -0.049022 -0.049933 -0.071439
vn -0.061356 -0.049940 -0.061167
vn -0.071715 -0.049943 -0.048607
vn -0.079403 -0.049933 -0.034667
vn -0.084458 -0.049940 -0.019310
vn -0.086573 -0.049943 -0.003288
vn -0.085718 -0.049933 0.012612
vn -0.081924 -0.049940 0.028187
vn -0.075196 -0.049943 0.043027
vn -0.066053 -0.049933 0.056069
vn -0.054598 -0.049939 0.067269
vn -0.041032 -0.049944 0.076302
vn -0.026367 -0.049934 0.082531
vn -0.010729 -0.049939 0.085971
vn 0.005566 -0.049944 0.086456
vn 0.021310 -0.049934 0.083979
vn 0.036390 -0.049939 0.078625
vn 0.050476 -0.049944 0.070411
vn 0.062528 -0.049934 0.059974
vn 0.072485 -0.049938 0.047457
vn 0.080091 -0.049944 0.033030
vn 0.084794 -0.049934 0.017791
vn 0.086617 -0.049938 0.001909
vn 0.085436 -0.049945 -0.014359
vn 0.081360 -0.049934 -0.029785
vn 0.074505 -0.049938 -0.044218
vn 0.064893 -0.049945 -0.057397
vn 0.053266 -0.049934 -0.068332
vn 0.039818 -0.049937 -0.076947
vn 0.024687 -0.049945 -0.083042
vn 0.009027 -0.049934 -0.086169
vn -0.006935 -0.049937 -0.086361
vn -0.022999 -0.049945 -0.083526
vn -0.037948 -0.049935 -0.077888
vn -0.051587 -0.049937 -0.069607
vn -0.063716 -0.049945 -0.058701
vn -0.073420 -0.049935 -0.046000
vn -0.080608 -0.049936 -0.031761
vn -0.085127 -0.049945 -0.016090
vn -0.086640 -0.049935 -0.000231
vn -0.085203 -0.049936 0.015710
vn -0.080745 -0.049946 0.031396
vn -0.073599 -0.049935 0.045712
vn -0.063980 -0.049936 0.058420
vn -0.051898 -0.049946 0.069369
vn -0.038251 -0.049936 0.077739
vn -0.023369 -0.049936 0.083428
vn -0.007328 -0.049946 0.086323
vn 0.008690 -0.049936 0.086203
vn 0.024324 -0.049935 0.083155
vn 0.039463 -0.049946 0.077124
vn 0.052998 -0.049936 0.068539
vn 0.064646 -0.049935 0.057683
vn 0.074296 -0.049946 0.044558
vn 0.081242 -0.049936 0.030103
vn 0.085379 -0.049935 0.014731
vn 0.086621 -0.049946 -0.001507
vn 0.084862 -0.049937 -0.017458
vn 0.080238 -0.049935 -0.032686
vn 0.072702 -0.049946 -0.047115
vn 0.062762 -0.049937 -0.059727
vn 0.050781 -0.049935 -0.070198
vn 0.036758 -0.049946 -0.078449
vn 0.021639 -0.049937 -0.083893
vn 0.005935 -0.049934 -0.086437
vn -0.010322 -0.049946 -0.086017
vn -0.026041 -0.049937 -0.082632
vn -0.040710 -0.049934 -0.076481
vn -0.054274 -0.049946 -0.067526
vn -0.065829 -0.049938 -0.056327
vn -0.075018 -0.049934 -0.043347
vn -0.081784 -0.049945 -0.028579
vn -0.085674 -0.049938 -0.012889
vn -0.086591 -0.049934 0.002924
vn -0.084519 -0.049945 0.019025
vn -0.079537 -0.049938 0.034351
vn -0.071923 -0.049934 0.048309
vn -0.061651 -0.049945 0.060866
vn -0.049303 -0.049939 0.071241
vn -0.035456 -0.049934 0.079054
vn -0.020107 -0.049945 0.084269
vn -0.004127 -0.049939 0.086539
vn 0.011755 -0.049933 0.085840
vn 0.027528 -0.049945 0.082145
vn 0.042300 -0.049939 0.075610
vn 0.055405 -0.049933 0.066610
vn 0.066823 -0.049944 0.055138
vn 0.075906 -0.049939 0.041764
vn 0.082263 -0.049933 0.027193
vn 0.085878 -0.049944 0.011430
vn 0.086508 -0.049940 -0.004738
vn 0.084189 -0.049933 -0.020465
vn 0.078919 -0.049944 -0.035740
vn 0.070891 -0.049940 -0.049804
vn 0.060600 -0.049933 -0.061922
vn 0.048056 -0.049943 -0.072085
vn 0.033790 -0.049940 -0.079776
vn 0.018644 -0.049933 -0.084611
vn 0.002635 -0.049943 -0.086595
vn -0.013552 -0.049941 -0.085570
vn -0.028963 -0.049933 -0.081657
vn -0.043585 -0.049943 -0.074874
vn -0.056786 -0.049941 -0.065432
vn -0.067792 -0.049933 -0.053954
vn -0.076602 -0.049942 -0.040471
vn -0.082810 -0.049941 -0.025463
vn -0.086074 -0.049933 -0.009898
vn -0.086424 -0.049942 0.006065
vn -0.083738 -0.049942 0.022221
vn -0.078269 -0.049933 0.037158
vn -0.070049 -0.049941 0.050981
vn -0.059289 -0.049942 0.063171
vn -0.046741 -0.049933 0.072952
vn -0.032462 -0.049941 0.080325
vn -0.016873 -0.049942 0.084977
vn -0.001047 -0.049933 0.086635
vn 0.014960 -0.049941 0.085335
vn 0.030656 -0.049943 0.081030
vn 0.044965 -0.049933 0.074060
vn 0.057850 -0.049940 0.064493
vn 0.068895 -0.049943 0.052528
vn 0.077348 -0.049933 0.039038
vn 0.083214 -0.049940 0.024111
vn 0.086255 -0.049943 0.008108
vn 0.086288 -0.049933 -0.007816
vn 0.083368 -0.049940 -0.023576
vn 0.077477 -0.049943 -0.038768
vn 0.069074 -0.049933 -0.052301
vn 0.058263 -0.049939 -0.064121
vn 0.045221 -0.049944 -0.073897
vn 0.030925 -0.049934 -0.080934
vn 0.015506 -0.049939 -0.085239
vn -0.000738 -0.049944 -0.086632
vn -0.016597 -0.049934 -0.085036
vn -0.031950 -0.049939 -0.080531
vn -0.046473 -0.049944 -0.073115
vn -0.059089 -0.049934 -0.063365
vn -0.069726 -0.049938 -0.051424
vn -0.078106 -0.049944 -0.037483
vn -0.096548 -0.025813 -0.003496
vn -0.095516 -0.025809 0.014514
vn -0.091257 -0.025807 0.031721
vn -0.083775 -0.025813 0.048119
vn -0.073360 -0.025809 0.062867
vn -0.060639 -0.025807 0.075212
vn -0.045627 -0.025813 0.085158
vn -0.028971 -0.025809 0.092166
vn -0.011643 -0.025807 0.095909
vn 0.006343 -0.025812 0.096403
vn 0.024197 -0.025809 0.093533
vn 0.040882 -0.025807 0.087537
vn 0.056392 -0.025812 0.078445
vn 0.070032 -0.025810 0.066553
vn 0.081016 -0.025807 0.052634
vn 0.089359 -0.025812 0.036724
vn 0.094643 -0.025810 0.019404
vn 0.096596 -0.025806 0.001779
vn 0.095257 -0.025812 -0.016122
vn 0.090572 -0.025810 -0.033625
vn 0.082900 -0.025806 -0.049615
vn 0.072297 -0.025812 -0.064085
vn 0.059052 -0.025810 -0.076464
vn 0.044077 -0.025806 -0.085972
vn 0.027436 -0.025812 -0.092634
vn 0.009637 -0.025810 -0.096130
vn -0.008105 -0.025806 -0.096272
vn -0.025738 -0.025811 -0.093120
vn -0.042699 -0.025810 -0.086664
vn -0.057830 -0.025806 -0.077393
vn -0.071114 -0.025811 -0.065395
vn -0.082094 -0.025811 -0.050935
vn -0.090028 -0.025806 -0.035057
vn -0.094973 -0.025811 -0.017718
vn -0.096611 -0.025811 0.000229
vn -0.094939 -0.025806 0.017905
vn -0.090014 -0.025811 0.035090
vn -0.081852 -0.025811 0.051324
vn -0.071075 -0.025806 0.065440
vn -0.057809 -0.025811 0.077407
vn -0.042288 -0.025811 0.086865
vn -0.025669 -0.025806 0.093140
vn -0.008090 -0.025811 0.096272
vn 0.010090 -0.025811 0.096083
vn 0.027518 -0.025806 0.092611
vn 0.044081 -0.025810 0.085969
vn 0.059410 -0.025811 0.076186
vn 0.072364 -0.025806 0.064012
vn 0.082897 -0.025810 0.049618
vn 0.090727 -0.025812 0.033202
vn 0.095277 -0.025806 0.016011
vn 0.096596 -0.025810 -0.001767
vn 0.094552 -0.025812 -0.019842
vn 0.089312 -0.025806 -0.036843
vn 0.081026 -0.025810 -0.052617
vn 0.069726 -0.025812 -0.066873
vn 0.056277 -0.025806 -0.078530
vn 0.040906 -0.025810 -0.087525
vn 0.023773 -0.025812 -0.093641
vn 0.006185 -0.025807 -0.096415
vn -0.011609 -0.025810 -0.095912
vn -0.029383 -0.025812 -0.092035
vn -0.045782 -0.025807 -0.085077
vn -0.060607 -0.025809 -0.075237
vn -0.073636 -0.025812 -0.062542
vn -0.083872 -0.025807 -0.047952
vn -0.091241 -0.025809 -0.031764
vn -0.095577 -0.025812 -0.014100
vn -0.096544 -0.025807 0.003637
vn -0.094227 -0.025809 0.021334
vn -0.088559 -0.025812 0.038615
vn -0.079950 -0.025807 0.054241
vn -0.068660 -0.025809 0.067968
vn -0.054708 -0.025813 0.079629
vn -0.039125 -0.025807 0.088336
vn -0.022287 -0.025809 0.094006
vn -0.004283 -0.025813 0.096516
vn 0.013558 -0.025807 0.095657
vn 0.030840 -0.025809 0.091558
vn 0.047440 -0.025813 0.084161
vn 0.062131 -0.025807 0.073985
vn 0.074621 -0.025808 0.061364
vn 0.084789 -0.025813 0.046308
vn 0.091873 -0.025807 0.029889
vn 0.095790 -0.025808 0.012575
vn 0.096450 -0.025813 -0.005574
vn 0.093769 -0.025807 -0.023266
vn 0.087931 -0.025808 -0.040026
vn 0.078890 -0.025813 -0.055768
vn 0.067245 -0.025807 -0.069369
vn 0.053425 -0.025808 -0.080497
vn 0.037430 -0.025813 -0.089066
vn 0.020339 -0.025808 -0.094447
vn 0.002728 -0.025808 -0.096574
vn -0.015369 -0.025813 -0.095381
vn -0.032730 -0.025808 -0.090899
vn -0.048796 -0.025808 -0.083384
vn -0.063512 -0.025813 -0.072801
vn -0.075880 -0.025808 -0.059801
vn -0.085532 -0.025808 -0.044924
vn -0.092414 -0.025813 -0.028166
vn -0.096039 -0.025808 -0.010509
vn -0.096348 -0.025807 0.007150
vn -0.093320 -0.025813 0.025000
vn -0.087077 -0.025808 0.041851
vn -0.077964 -0.025807 0.057058
vn -0.065957 -0.025813 0.070592
vn -0.051732 -0.025808 0.081595
vn -0.035952 -0.025807 0.089674
vn -0.018615 -0.025813 0.094801
vn -0.000708 -0.025808 0.096610
vn 0.016956 -0.025807 0.095113
vn 0.034366 -0.025813 0.090292
vn 0.050531 -0.025809 0.082344
vn 0.064725 -0.025807 0.071726
vn 0.076937 -0.025813 0.058433
vn 0.086455 -0.025809 0.043122
vn 0.092878 -0.025807 0.026601
vn 0.096203 -0.025813 0.008875
vn 0.096176 -0.025809 -0.009169
vn 0.092883 -0.025807 -0.026586
vn 0.086328 -0.025813 -0.043372
vn 0.076749 -0.025809 -0.058681
vn 0.064736 -0.025807 -0.071716
vn 0.050305 -0.025812 -0.082481
vn 0.034063 -0.025809 -0.090408
vn 0.016970 -0.025807 -0.095111
vn -0.000957 -0.025812 -0.096606
vn -0.018947 -0.025809 -0.094736
vn -0.035940 -0.025807 -0.089679
vn -0.051930 -0.025812 -0.081468
vn -0.066214 -0.025810 -0.070353
vn -0.077957 -0.025807 -0.057067
vn -0.087172 -0.025812 -0.041650
vn -0.093415 -0.025810 -0.024649
vn -0.096347 -0.025806 -0.007159
vn -0.096023 -0.025812 0.010643
vn -0.092305 -0.025810 0.028525
vn -0.085536 -0.025806 0.044919
vn -0.075758 -0.025812 0.059954
vn -0.063222 -0.025810 0.073054
vn -0.048799 -0.025806 0.083383
vn -0.032558 -0.025812 0.090960
vn -0.014979 -0.025810 0.095443
vn 0.002727 -0.025806 0.096574
vn 0.020505 -0.025811 0.094410
vn 0.037802 -0.025810 0.088909
vn 0.053428 -0.025806 0.080495
vn 0.067358 -0.025811 0.069259
vn 0.079128 -0.025811 0.055431
vn 0.087935 -0.025806 0.040019
vn 0.093803 -0.025811 0.023124
vn 0.096474 -0.025811 0.005156
vn 0.095789 -0.025806 -0.012587
vn 0.091830 -0.025811 -0.030017
vn 0.084585 -0.025811 -0.046682
vn 0.074611 -0.025806 -0.061378
vn 0.062035 -0.025811 -0.074064
vn 0.047064 -0.025811 -0.084373
vn 0.030819 -0.025806 -0.091565
vn 0.013444 -0.025811 -0.095672
vn -0.004718 -0.025811 -0.096496
vn -0.022315 -0.025806 -0.094001
vn -0.039220 -0.025810 -0.088293
vn -0.055071 -0.025811 -0.079379
vn -0.068685 -0.025806 -0.067945
vn -0.080002 -0.025810 -0.054162
vn -0.088715 -0.025812 -0.038254
vn -0.100000 0.000000 0.000000
vn -0.098257 0.000000 0.018591
vn -0.093206 0.000000 0.036229
vn -0.084855 0.000000 0.052912
vn -0.073528 0.000000 0.067776
vn -0.059908 0.000000 0.080069
vn -0.044007 0.000000 0.089797
vn -0.026516 0.000000 0.096421
vn -0.008452 0.000000 0.099642
vn 0.010172 0.000000 0.099481
vn 0.028533 0.000000 0.095843
vn 0.045565 0.000000 0.089016
vn 0.061270 0.000000 0.079031
vn 0.074934 0.000000 0.066219
vn 0.085773 0.000000 0.051410
vn 0.093809 0.000000 0.034640
vn 0.098625 0.000000 0.016527
vn 0.099984 0.000000 -0.001777
vn 0.097929 0.000000 -0.020244
vn 0.092427 0.000000 -0.038174
vn 0.083892 0.000000 -0.054425
vn 0.072384 0.000000 -0.068997
vn 0.058219 0.000000 -0.081305
vn 0.042373 0.000000 -0.090579
vn 0.024910 0.000000 -0.096848
vn 0.006367 0.000000 -0.099797
vn -0.011988 0.000000 -0.099279
vn -0.030111 0.000000 -0.095359
vn -0.047413 0.000000 -0.088045
vn -0.062717 0.000000 -0.077889
vn -0.076010 0.000000 -0.064981
vn -0.086826 0.000000 -0.049612
vn -0.094436 0.000000 -0.032891
vn -0.098903 0.000000 -0.014770
vn -0.099926 0.000000 0.003856
vn -0.097533 0.000000 0.022075
vn -0.091795 0.000000 0.039669
vn -0.082744 0.000000 0.056155
vn -0.071068 0.000000 0.070351
vn -0.056898 0.000000 0.082235
vn -0.040489 0.000000 0.091437
vn -0.023064 0.000000 0.097304
vn -0.004762 0.000000 0.099887
vn 0.014036 0.000000 0.099010
vn 0.031932 0.000000 0.094765
vn 0.048818 0.000000 0.087274
vn 0.064307 0.000000 0.076581
vn 0.077249 0.000000 0.063503
vn 0.087606 0.000000 0.048219
vn 0.095091 0.000000 0.030946
vn 0.099152 0.000000 0.012994
vn 0.099852 0.000000 -0.005446
vn 0.097061 0.000000 -0.024066
vn 0.091003 0.000000 -0.041454
vn 0.081842 0.000000 -0.057462
vn 0.069620 0.000000 -0.071785
vn 0.055271 0.000000 -0.083337
vn 0.039034 0.000000 -0.092067
vn 0.021083 0.000000 -0.097752
vn 0.002787 0.000000 -0.099961
vn -0.015601 0.000000 -0.098776
vn -0.033841 0.000000 -0.094100
vn -0.050542 0.000000 -0.086287
vn -0.065510 0.000000 -0.075554
vn -0.078512 0.000000 -0.061935
vn -0.088552 0.000000 -0.046460
vn -0.095569 0.000000 -0.029439
vn -0.099393 0.000000 -0.011004
vn -0.099728 0.000000 0.007377
vn -0.096668 0.000000 0.025597
vn -0.090158 0.000000 0.043260
vn -0.080667 0.000000 0.059100
vn -0.068476 0.000000 0.072877
vn -0.053607 0.000000 0.084417
vn -0.037163 0.000000 0.092838
vn -0.019533 0.000000 0.098074
vn -0.000815 0.000000 0.099997
vn 0.017606 0.000000 0.098438
vn 0.035329 -0.000000 0.093551
vn 0.052225 0.000000 0.085279
vn 0.067038 0.000000 0.074202
vn 0.079486 0.000000 0.060680
vn 0.089441 0.000000 0.044725
vn 0.096151 0.000000 0.027476
vn 0.099555 0.000000 0.009419
vn 0.099559 0.000000 -0.009379
vn 0.096122 0.000000 -0.027578
vn 0.089456 0.000000 -0.044695
vn 0.079515 0.000000 -0.060642
vn 0.066959 0.000000 -0.074273
vn 0.052247 0.000000 -0.085266
vn 0.035381 0.000000 -0.093532
vn 0.017502 0.000000 -0.098456
vn -0.000795 0.000000 -0.099997
vn -0.019471 0.000000 -0.098086
vn -0.037260 0.000000 -0.092799
vn -0.053597 0.000000 -0.084424
vn -0.068424 0.000000 -0.072926
vn -0.080729 -0.000000 -0.059016
vn -0.090156 0.000000 -0.043266
vn -0.096648 0.000000 -0.025674
vn -0.099735 0.000000 -0.007274
vn -0.099393 0.000000 0.011005
vn -0.095594 0.000000 0.029355
vn -0.088504 0.000000 0.046551
vn -0.078508 0.000000 0.061940
vn -0.065582 0.000000 0.075491
vn -0.050455 0.000000 0.086338
vn -0.033830 0.000000 0.094104
vn -0.015704 0.000000 0.098759
vn 0.002886 0.000000 0.099958
vn 0.021101 0.000000 0.097748
vn 0.038930 0.000000 0.092111
vn 0.055352 0.000000 0.083283
vn 0.069637 0.000000 0.071768
vn 0.081772 0.000000 0.057562
vn 0.091043 0.000000 0.041367
vn 0.097068 0.000000 0.024037
vn 0.099844 0.000000 0.005577
vn 0.099140 0.000000 -0.013086
vn 0.095081 0.000000 -0.030979
vn 0.087674 0.000000 -0.048097
vn 0.077191 0.000000 -0.063573
vn 0.064276 0.000000 -0.076606
vn 0.048946 0.000000 -0.087203
vn 0.031848 0.000000 -0.094793
vn 0.013992 0.000000 -0.099016
vn -0.004609 0.000000 -0.099894
vn -0.023147 0.000000 -0.097284
vn -0.040534 0.000000 -0.091417
vn -0.056768 0.000000 -0.082325
vn -0.071127 0.000000 -0.070292
vn -0.082775 0.000000 -0.056110
vn -0.091731 0.000000 -0.039818
vn -0.097551 0.000000 -0.021998
vn -0.099928 0.000000 -0.003798
vn -0.098928 0.000000 0.014606
vn -0.094411 0.000000 0.032963
vn -0.086794 0.000000 0.049666
vn -0.076119 0.000000 0.064853
vn -0.062660 0.000000 0.077934
vn -0.047355 0.000000 0.088077
vn -0.030271 0.000000 0.095308
vn -0.011919 0.000000 0.099287
vn 0.006437 0.000000 0.099793
vn 0.024747 0.000000 0.096890
vn 0.042433 0.000000 0.090551
vn 0.058279 0.000000 0.081262
vn 0.072269 0.000000 0.069118
vn 0.083925 0.000000 0.054374
vn 0.092457 0.000000 0.038102
vn 0.097896 0.000000 0.020406
vn 0.099985 0.000000 0.001720
vn 0.098612 0.000000 -0.016606
vn 0.093864 0.000000 -0.034489
vn 0.085746 0.000000 -0.051456
vn 0.074878 0.000000 -0.066282
vn 0.061394 0.000000 -0.078935
vn 0.045522 0.000000 -0.089038
vn 0.028450 0.000000 -0.095868
vn 0.010323 0.000000 -0.099466
vn -0.008495 0.000000 -0.099638
vn -0.026602 0.000000 -0.096397
vn -0.043876 0.000000 -0.089860
vn -0.059938 0.000000 -0.080046
vn -0.073590 0.000000 -0.067709
vn -0.084782 0.000000 -0.053028
vn -0.093200 0.000000 -0.036247
vn -0.096548 0.025813 0.003496
vn -0.094216 0.025807 0.021384
vn -0.088723 0.025809 0.038237
vn -0.080076 0.025813 0.054052
vn -0.068622 0.025807 0.068008
vn -0.055041 0.025809 0.079400
vn -0.039348 0.025813 0.088235
vn -0.022230 0.025807 0.094020
vn -0.004677 0.025808 0.096499
vn 0.013299 0.025813 0.095691
vn 0.030898 0.025807 0.091538
vn 0.047104 0.025808 0.084351
vn 0.061918 0.025813 0.074161
vn 0.074663 0.025807 0.061315
vn 0.084610 0.025808 0.046638
vn 0.091781 0.025813 0.030165
vn 0.095799 0.025807 0.012509
vn 0.096472 0.025808 -0.005210
vn 0.093841 0.025813 -0.022969
vn 0.087903 0.025808 -0.040088
vn 0.079095 0.025808 -0.055480
vn 0.067473 0.025813 -0.069146
vn 0.053367 0.025808 -0.080535
vn 0.037745 0.025808 -0.088934
vn 0.020664 0.025813 -0.094375
vn 0.002659 0.025808 -0.096576
vn -0.015045 0.025808 -0.095434
vn -0.032406 0.025813 -0.091014
vn -0.048855 0.025808 -0.083349
vn -0.063275 0.025807 -0.073009
vn -0.075658 0.025813 -0.060080
vn -0.085564 0.025808 -0.044864
vn -0.092327 0.025807 -0.028455
vn -0.096005 0.025813 -0.010802
vn -0.096342 0.025808 0.007216
vn -0.093396 0.025807 0.024723
vn -0.087239 0.025813 0.041509
vn -0.077926 0.025808 0.057110
vn -0.066157 0.025807 0.070408
vn -0.052058 0.025813 0.081386
vn -0.035895 0.025809 0.089697
vn -0.018867 0.025807 0.094753
vn -0.001105 0.025813 0.096605
vn 0.017013 0.025809 0.095102
vn 0.034142 0.025807 0.090379
vn 0.050184 0.025813 0.082555
vn 0.064765 0.025809 0.071690
vn 0.076803 0.025807 0.058612
vn 0.086268 0.025812 0.043492
vn 0.092891 0.025809 0.026553
vn 0.096185 0.025807 0.009080
vn 0.096214 0.025812 -0.008749
vn 0.092870 0.025809 -0.026629
vn 0.086414 0.025807 -0.043204
vn 0.077008 0.025812 -0.058340
vn 0.064707 0.025809 -0.071742
vn 0.050452 0.025807 -0.082393
vn 0.034468 0.025812 -0.090254
vn 0.016938 0.025810 -0.095116
vn -0.000803 0.025807 -0.096609
vn -0.018516 0.025812 -0.094820
vn -0.035963 0.025810 -0.089669
vn -0.051814 0.025806 -0.081544
vn -0.065890 0.025812 -0.070656
vn -0.077967 0.025810 -0.057052
vn -0.087120 0.025806 -0.041762
vn -0.093299 0.025812 -0.025081
vn -0.096347 0.025810 -0.007149
vn -0.096029 0.025806 0.010608
vn -0.092437 0.025812 0.028093
vn -0.085534 0.025810 0.044919
vn -0.075818 0.025806 0.059880
vn -0.063564 0.025811 0.072756
vn -0.048806 0.025811 0.083378
vn -0.032636 0.025806 0.090934
vn -0.015430 0.025811 0.095371
vn 0.002710 0.025811 0.096574
vn 0.020439 0.025806 0.094426
vn 0.037381 0.025811 0.089087
vn 0.053404 0.025811 0.080510
vn 0.067318 0.025806 0.069299
vn 0.078864 0.025811 0.055806
vn 0.087917 0.025811 0.040054
vn 0.093794 0.025806 0.023167
vn 0.096448 0.025811 0.005614
vn 0.095795 0.025811 -0.012536
vn 0.091842 0.025806 -0.029986
vn 0.084805 0.025811 -0.046280
vn 0.074650 0.025811 -0.061328
vn 0.062053 0.025806 -0.074050
vn 0.047463 0.025810 -0.084149
vn 0.030890 0.025812 -0.091540
vn 0.013457 0.025806 -0.095671
vn -0.004264 0.025810 -0.096518
vn -0.022228 0.025812 -0.094020
vn -0.039218 0.025806 -0.088295
vn -0.054698 0.025810 -0.079636
vn -0.068612 0.025812 -0.068016
vn -0.080006 0.025806 -0.054158
vn -0.088557 0.025810 -0.038621
vn -0.094209 0.025812 -0.021408
vn -0.096548 0.025806 -0.003537
vn -0.095578 0.025810 0.014099
vn -0.091268 0.025812 0.031684
vn -0.083824 0.025807 0.048038
vn -0.073633 0.025809 0.062547
vn -0.060679 0.025812 0.075178
vn -0.045696 0.025807 0.085123
vn -0.029372 0.025809 0.092039
vn -0.011710 0.025812 0.095899
vn 0.006280 0.025807 0.096408
vn 0.023790 0.025809 0.093637
vn 0.040806 0.025813 0.087570
vn 0.056354 0.025807 0.078475
vn 0.069742 0.025809 0.066857
vn 0.080961 0.025813 0.052716
vn 0.089347 0.025807 0.036757
vn 0.094558 0.025809 0.019815
vn 0.096593 0.025813 0.001894
vn 0.095262 0.025807 -0.016100
vn 0.090716 0.025809 -0.033233
vn 0.082966 0.025813 -0.049502
vn 0.072305 0.025807 -0.064078
vn 0.059380 0.025808 -0.076209
vn 0.044207 0.025813 -0.085903
vn 0.027436 0.025807 -0.092635
vn 0.010048 0.025808 -0.096088
vn -0.007942 0.025813 -0.096284
vn -0.025749 0.025807 -0.093118
vn -0.042331 0.025808 -0.086845
vn -0.057686 0.025813 -0.077498
vn -0.071129 0.025807 -0.065380
vn -0.081880 0.025808 -0.051280
vn -0.089956 0.025813 -0.035236
vn -0.094953 0.025807 -0.017828
vn -0.096612 0.025808 -0.000174
vn -0.095002 0.025813 0.017561
vn -0.090001 0.025808 0.035126
vn -0.082063 0.025808 0.050986
vn -0.071223 0.025813 0.065276
vn -0.057773 0.025808 0.077435
vn -0.042642 0.025808 0.086693
vn -0.025894 0.025813 0.093076
vn -0.008037 0.025808 0.096277
vn 0.009703 0.025807 0.096124
vn 0.027280 0.025813 0.092679
vn 0.044134 0.025808 0.085943
vn 0.059108 0.025807 0.076421
vn 0.072190 0.025813 0.064205
vn 0.082930 0.025808 0.049564
vn 0.090598 0.025807 0.033556
vn 0.095230 0.025813 0.016278
vn 0.096595 0.025808 -0.001835
vn 0.094628 0.025807 -0.019480
vn 0.089418 0.025813 -0.036580
vn 0.080988 0.025808 -0.052678
vn 0.069978 0.025807 -0.066612
vn 0.056515 0.025813 -0.078357
vn 0.040839 0.025809 -0.087556
vn 0.024117 0.025807 -0.093554
vn 0.006489 0.025813 -0.096393
vn -0.011686 0.025809 -0.095903
vn -0.029053 0.025807 -0.092141
vn -0.045504 0.025813 -0.085224
vn -0.060668 0.025809 -0.075188
vn -0.073418 0.025807 -0.062800
vn -0.083709 0.025812 -0.048233
vn -0.091250 0.025810 -0.031738
vn -0.086381 0.049944 0.006623
vn -0.083650 0.049933 0.022567
vn -0.078116 0.049939 0.037469
vn -0.069794 0.049944 0.051326
vn -0.059031 0.049933 0.063419
vn -0.046448 0.049939 0.073135
vn -0.032066 0.049945 0.080482
vn -0.016521 0.049934 0.085051
vn -0.000702 0.049939 0.086635
vn 0.015376 0.049945 0.085259
vn 0.030996 0.049934 0.080907
vn 0.045257 0.049938 0.073878
vn 0.058160 0.049945 0.064209
vn 0.069118 0.049934 0.052242
vn 0.077499 0.049938 0.038730
vn 0.083327 0.049945 0.023709
vn 0.086294 0.049934 0.007746
vn 0.086254 0.049938 -0.008156
vn 0.083251 0.049946 -0.023974
vn 0.077317 0.049934 -0.039098
vn 0.068866 0.049938 -0.052571
vn 0.057955 0.049946 -0.064395
vn 0.044909 0.049934 -0.074093
vn 0.030606 0.049937 -0.081053
vn 0.015102 0.049946 -0.085307
vn -0.001109 0.049934 -0.086633
vn -0.016931 0.049937 -0.084968
vn -0.032327 0.049946 -0.080377
vn -0.046790 0.049935 -0.072919
vn -0.059336 0.049937 -0.063131
vn -0.069962 0.049946 -0.051095
vn -0.078291 0.049935 -0.037108
vn -0.083757 0.049936 -0.022159
vn -0.086411 0.049946 -0.006207
vn -0.086067 0.049935 0.009949
vn -0.082793 0.049936 0.025529
vn -0.076665 0.049946 0.040347
vn -0.067761 0.049935 0.053990
vn -0.056734 0.049936 0.065480
vn -0.043701 0.049946 0.074804
vn -0.028921 0.049935 0.081670
vn -0.013480 0.049936 0.085585
vn 0.002504 0.049946 0.086598
vn 0.018683 0.049936 0.084601
vn 0.033860 0.049935 0.079749
vn 0.047950 0.049946 0.072154
vn 0.060624 0.049936 0.061896
vn 0.070938 0.049935 0.049742
vn 0.078869 0.049945 0.035849
vn 0.084195 0.049936 0.020435
vn 0.086515 0.049935 0.004659
vn 0.085891 0.049945 -0.011319
vn 0.082253 0.049937 -0.027218
vn 0.075870 0.049935 -0.041837
vn 0.066889 0.049945 -0.055057
vn 0.055387 0.049937 -0.066623
vn 0.042229 0.049935 -0.075652
vn 0.027619 0.049945 -0.082114
vn 0.011738 0.049937 -0.085840
vn -0.004212 0.049934 -0.086538
vn -0.020020 0.049945 -0.084290
vn -0.035467 0.049937 -0.079047
vn -0.049375 0.049934 -0.071194
vn -0.061593 0.049945 -0.060925
vn -0.071924 0.049938 -0.048302
vn -0.079574 0.049934 -0.034272
vn -0.084503 0.049944 -0.019099
vn -0.086589 0.049938 -0.002923
vn -0.085663 0.049934 0.012977
vn -0.081808 0.049944 0.028515
vn -0.075018 0.049938 0.043342
vn -0.065773 0.049934 0.056396
vn -0.054323 0.049944 0.067488
vn -0.040717 0.049939 0.076474
vn -0.025956 0.049934 0.082661
vn -0.010376 0.049944 0.086011
vn 0.005920 0.049939 0.086435
vn 0.021727 0.049934 0.083872
vn 0.036715 0.049944 0.078471
vn 0.050762 0.049939 0.070209
vn 0.062826 0.049933 0.059662
vn 0.072681 0.049943 0.047151
vn 0.080225 0.049940 0.032711
vn 0.084882 0.049933 0.017369
vn 0.086622 0.049943 0.001542
vn 0.085381 0.049940 -0.014697
vn 0.081211 0.049933 -0.030189
vn 0.074313 0.049943 -0.044534
vn 0.064671 0.049941 -0.057651
vn 0.052926 0.049933 -0.068596
vn 0.039484 0.049942 -0.077115
vn 0.024368 0.049941 -0.083139
vn 0.008600 0.049933 -0.086213
vn -0.007311 0.049942 -0.086327
vn -0.023316 0.049941 -0.083440
vn -0.038333 0.049933 -0.077700
vn -0.051890 0.049942 -0.069377
vn -0.063937 0.049942 -0.058463
vn -0.073648 0.049933 -0.045637
vn -0.080745 0.049941 -0.031403
vn -0.085187 0.049942 -0.015776
vn -0.086641 0.049933 0.000321
vn -0.085129 0.049941 0.016089
vn -0.080632 0.049942 0.031689
vn -0.073374 0.049933 0.046075
vn -0.063715 0.049941 0.058706
vn -0.051651 0.049943 0.069555
vn -0.037870 0.049933 0.077927
vn -0.022990 0.049941 0.083531
vn -0.007025 0.049943 0.086350
vn 0.009113 0.049933 0.086161
vn 0.024702 0.049940 0.083041
vn 0.039729 0.049943 0.076989
vn 0.053333 0.049933 0.068281
vn 0.064908 0.049940 0.057384
vn 0.074448 0.049944 0.044307
vn 0.081389 0.049933 0.029707
vn 0.085443 0.049940 0.014336
vn 0.086616 0.049944 -0.001795
vn 0.084778 0.049933 -0.017870
vn 0.080083 0.049939 -0.033058
vn 0.072548 0.049945 -0.047353
vn 0.062473 0.049933 -0.060031
vn 0.050451 0.049939 -0.070433
vn 0.036504 0.049945 -0.078568
vn 0.021235 0.049934 -0.083998
vn 0.005529 0.049939 -0.086461
vn -0.010598 0.049945 -0.085984
vn -0.026439 0.049934 -0.082508
vn -0.041069 0.049938 -0.076285
vn -0.054489 0.049945 -0.067353
vn -0.066099 0.049934 -0.056013
vn -0.075221 0.049938 -0.042989
vn -0.081875 0.049945 -0.028319
vn -0.085728 0.049934 -0.012543
vn -0.086574 0.049938 0.003337
vn -0.084486 0.049946 0.019170
vn -0.079376 0.049934 0.034729
vn -0.071688 0.049937 0.048652
vn -0.061455 0.049946 0.061063
vn -0.048968 0.049934 0.071475
vn -0.035075 0.049937 0.079221
vn -0.019835 0.049946 0.084333
vn -0.003721 0.049934 0.086560
vn 0.012170 0.049937 0.085780
vn 0.027795 0.049946 0.082054
vn 0.042653 0.049935 0.075414
vn 0.055726 0.049937 0.066340
vn 0.067004 0.049946 0.054917
vn 0.076101 0.049935 0.041413
vn 0.082393 0.049936 0.026792
vn 0.085914 0.049946 0.011141
vn 0.086488 0.049935 -0.005137
vn 0.084087 0.049936 -0.020876
vn 0.078795 0.049946 -0.036010
vn 0.070665 0.049935 -0.050130
vn 0.060295 0.049936 -0.062217
vn 0.047804 0.049946 -0.072251
vn 0.033428 0.049936 -0.079931
vn 0.018228 0.049936 -0.084700
vn 0.002328 0.049946 -0.086603
vn -0.013938 0.049936 -0.085511
vn -0.029364 0.049935 -0.081512
vn -0.043853 0.049946 -0.074715
vn -0.057080 0.049936 -0.065179
vn -0.068056 0.049935 -0.053618
vn -0.076748 0.049945 -0.040190
vn -0.082910 0.049939 -0.025139
vn -0.070510 0.070334 0.009028
vn -0.067614 0.070322 0.021981
vn -0.062451 0.070332 0.033962
vn -0.055053 0.070335 0.044969
vn -0.045735 0.070322 0.054435
vn -0.035013 0.070331 0.061868
vn -0.022921 0.070335 0.067288
vn -0.009995 0.070322 0.070391
vn 0.003037 0.070331 0.071024
vn 0.016155 0.070335 0.069224
vn 0.028774 0.070322 0.065014
vn 0.040166 0.070330 0.058654
vn 0.050336 0.070336 0.050191
vn 0.058823 0.070322 0.039934
vn 0.065123 0.070330 0.028507
vn 0.069270 0.070336 0.015954
vn 0.071044 0.070322 0.002751
vn 0.070342 0.070330 -0.010280
vn 0.067219 0.070336 -0.023116
vn 0.061735 0.070322 -0.035265
vn 0.054242 0.070329 -0.045952
vn 0.044805 0.070337 -0.055184
vn 0.033716 0.070322 -0.062594
vn 0.021702 0.070329 -0.067697
vn 0.008818 0.070337 -0.070533
vn -0.004520 0.070322 -0.070953
vn -0.017417 0.070329 -0.068924
vn -0.029841 0.070337 -0.064515
vn -0.041386 0.070323 -0.057810
vn -0.051257 0.070328 -0.049261
vn -0.059460 0.070337 -0.038952
vn -0.065709 0.070323 -0.027148
vn -0.069562 0.070328 -0.014668
vn -0.071067 0.070337 -0.001483
vn -0.070120 0.070323 0.011741
vn -0.066784 0.070328 0.024372
vn -0.061139 0.070338 0.036258
vn -0.053282 0.070323 0.047071
vn -0.043764 0.070327 0.056025
vn -0.032690 0.070338 0.063119
vn -0.020297 0.070323 0.068137
vn -0.007479 0.070327 0.070698
vn 0.005663 0.070338 0.070856
vn 0.018837 0.070324 0.068555
vn 0.031072 0.070326 0.063943
vn 0.042301 0.070338 0.057125
vn 0.052263 0.070324 0.048198
vn 0.060207 0.070326 0.037807
vn 0.066122 0.070338 0.026086
vn 0.069852 0.070324 0.013237
vn 0.071093 0.070326 0.000212
vn 0.069909 0.070338 -0.012857
vn 0.066274 0.070324 -0.025735
vn 0.060432 0.070326 -0.037448
vn 0.052515 0.070337 -0.047905
vn 0.042614 0.070325 -0.056908
vn 0.031453 0.070325 -0.063758
vn 0.019208 0.070337 -0.068438
vn 0.006041 0.070325 -0.070837
vn -0.007058 0.070325 -0.070743
vn -0.019920 0.070337 -0.068234
vn -0.032361 0.070325 -0.063302
vn -0.043431 0.070325 -0.056287
vn -0.053012 0.070337 -0.047355
vn -0.060957 0.070326 -0.036586
vn -0.066640 0.070324 -0.024770
vn -0.070041 0.070337 -0.012126
vn -0.071083 0.070326 0.001214
vn -0.069662 0.070324 0.014205
vn -0.065846 0.070337 0.026777
vn -0.059671 0.070326 0.038646
vn -0.051551 0.070324 0.048959
vn -0.041699 0.070336 0.057567
vn -0.030180 0.070327 0.064369
vn -0.017826 0.070324 0.068824
vn -0.004916 0.070336 0.070913
vn 0.008454 0.070327 0.070588
vn 0.021302 0.070323 0.067830
vn 0.033358 0.070336 0.062770
vn 0.044527 0.070328 0.055420
vn 0.053974 0.070323 0.046276
vn 0.061523 0.070336 0.035606
vn 0.067108 0.070328 0.023462
vn 0.070287 0.070323 0.010696
vn 0.071045 0.070335 -0.002348
vn 0.069357 0.070329 -0.015603
vn 0.065297 0.070323 -0.028125
vn 0.059038 0.070335 -0.039592
vn 0.050594 0.070329 -0.049941
vn 0.040516 0.070323 -0.058423
vn 0.029139 0.070335 -0.064838
vn 0.016504 0.070329 -0.069148
vn 0.003455 0.070323 -0.071013
vn -0.009590 0.070335 -0.070435
vn -0.022586 0.070330 -0.067406
vn -0.034654 0.070322 -0.062080
vn -0.045414 0.070334 -0.054687
vn -0.054832 0.070330 -0.045244
vn -0.062259 0.070322 -0.034331
vn -0.067475 0.070334 -0.022366
vn -0.070467 0.070331 -0.009377
vn -0.070991 0.070322 0.003874
vn -0.069088 0.070334 0.016734
vn -0.064755 0.070331 0.029330
vn -0.058212 0.070322 0.040818
vn -0.049763 0.070333 0.050763
vn -0.039427 0.070332 0.059152
vn -0.027788 0.070322 0.065442
vn -0.015357 0.070333 0.069408
vn -0.002157 0.070333 0.071054
vn 0.011059 0.070322 0.070232
vn 0.023704 0.070333 0.067018
vn 0.035766 0.070333 0.061433
vn 0.046554 0.070322 0.053736
vn 0.055582 0.070332 0.044317
vn 0.062854 0.070334 0.033204
vn 0.067939 0.070322 0.020954
vn 0.070615 0.070332 0.008185
vn 0.070903 0.070334 -0.005082
vn 0.068734 0.070322 -0.018179
vn 0.064246 0.070331 -0.030429
vn 0.057475 0.070335 -0.041828
vn 0.048697 0.070322 -0.051802
vn 0.038406 0.070331 -0.059820
vn 0.026638 0.070335 -0.065905
vn 0.013902 0.070322 -0.069725
vn 0.000926 0.070331 -0.071083
vn -0.012269 0.070336 -0.070017
vn -0.025106 0.070322 -0.066517
vn -0.036835 0.070330 -0.060801
vn -0.047459 0.070336 -0.052920
vn -0.056506 0.070322 -0.043150
vn -0.063433 0.070330 -0.032092
vn -0.068272 0.070336 -0.019791
vn -0.070780 0.070322 -0.006706
vn -0.070806 0.070330 0.006344
vn -0.068432 0.070337 0.019231
vn -0.063604 0.070322 0.031770
vn -0.056719 0.070329 0.042858
vn -0.047812 0.070337 0.052599
vn -0.037152 0.070322 0.060617
vn -0.025441 0.070329 0.066382
vn -0.012737 0.070337 0.069932
vn 0.000558 0.070322 0.071095
vn 0.013549 0.070328 0.069788
vn 0.026197 0.070337 0.066079
vn 0.038099 0.070323 0.060027
vn 0.048432 0.070328 0.052041
vn 0.057195 0.070337 0.042206
vn 0.064094 0.070323 0.030768
vn 0.068636 0.070328 0.018521
vn 0.070865 0.070337 0.005547
vn 0.070665 0.070323 -0.007815
vn 0.068038 0.070327 -0.020613
vn 0.063065 0.070338 -0.032793
vn 0.055823 0.070323 -0.044028
vn 0.046818 0.070327 -0.053499
vn 0.036158 0.070338 -0.061198
vn 0.024064 0.070323 -0.066900
vn 0.011407 0.070327 -0.070171
vn -0.001704 0.070338 -0.071061
vn -0.014987 0.070324 -0.069498
vn -0.027461 0.070326 -0.065575
vn -0.039050 0.070338 -0.059394
vn -0.049496 0.070324 -0.051037
vn -0.058007 0.070326 -0.041103
vn -0.064565 0.070338 -0.029732
vn -0.068993 0.070328 -0.017145
vn -0.049619 0.086170 0.010617
vn -0.046797 0.086160 0.019660
vn -0.042401 0.086170 0.027874
vn -0.036486 0.086170 0.035264
vn -0.029300 0.086160 0.041448
vn -0.021223 0.086170 0.046091
vn -0.012300 0.086171 0.049227
vn -0.002924 0.086160 0.050675
vn 0.006387 0.086169 0.050339
vn 0.015610 0.086171 0.048279
vn 0.024339 0.086160 0.044543
vn 0.032062 0.086169 0.039331
vn 0.038792 0.086171 0.032706
vn 0.044225 0.086160 0.024912
vn 0.048020 0.086169 0.016403
vn 0.050222 0.086172 0.007226
vn 0.050708 0.086160 -0.002269
vn 0.049425 0.086168 -0.011498
vn 0.046437 0.086172 -0.020443
vn 0.041824 0.086160 -0.028762
vn 0.035850 0.086168 -0.035915
vn 0.028586 0.086172 -0.041919
vn 0.020265 0.086160 -0.046538
vn 0.011409 0.086168 -0.049447
vn 0.002074 0.086173 -0.050695
vn -0.007436 0.086160 -0.050211
vn -0.016490 0.086167 -0.047992
vn -0.025066 0.086173 -0.044113
vn -0.032883 0.086160 -0.038668
vn -0.039392 0.086167 -0.031992
vn -0.044611 0.086173 -0.024167
vn -0.048364 0.086160 -0.015406
vn -0.050355 0.086167 -0.006295
vn -0.050637 0.086173 0.003175
vn -0.049189 0.086160 0.012524
vn -0.046057 0.086166 0.021311
vn -0.041329 0.086173 0.029429
vn -0.035108 0.086160 0.036659
vn -0.027798 0.086166 0.042458
vn -0.019495 0.086174 0.046841
vn -0.010388 0.086160 0.049684
vn -0.001114 0.086166 0.050737
vn 0.008246 0.086174 0.050061
vn 0.017480 0.086160 0.047653
vn 0.025908 0.086165 0.043638
vn 0.033488 0.086174 0.038114
vn 0.040050 0.086161 0.031182
vn 0.045079 0.086165 0.023313
vn 0.048584 0.086174 0.014618
vn 0.050484 0.086161 0.005262
vn 0.050586 0.086165 -0.004079
vn 0.048959 0.086174 -0.013306
vn 0.045620 0.086161 -0.022251
vn 0.040762 0.086165 -0.030235
vn 0.034500 0.086174 -0.037199
vn 0.026932 0.086161 -0.043022
vn 0.018582 0.086164 -0.047227
vn 0.009588 0.086174 -0.049821
vn 0.000084 0.086161 -0.050756
vn -0.009230 0.086164 -0.049906
vn -0.018230 0.086174 -0.047347
vn -0.026789 0.086162 -0.043111
vn -0.034245 0.086164 -0.037458
vn -0.040524 0.086174 -0.030526
vn -0.045544 0.086162 -0.022403
vn -0.048881 0.086163 -0.013657
vn -0.050540 0.086174 -0.004456
vn -0.050499 0.086162 0.005093
vn -0.048712 0.086163 0.014249
vn -0.045240 0.086174 0.022965
vn -0.040153 0.086163 0.031044
vn -0.033761 0.086163 0.037896
vn -0.026233 0.086173 0.043428
vn -0.017642 0.086163 0.047589
vn -0.008588 0.086163 0.050023
vn 0.000725 0.086173 0.050731
vn 0.010214 0.086163 0.049715
vn 0.019189 0.086162 0.046987
vn 0.027463 0.086173 0.042661
vn 0.034974 0.086164 0.036778
vn 0.041151 0.086162 0.029711
vn 0.045879 0.086173 0.021664
vn 0.049138 0.086164 0.012699
vn 0.050640 0.086162 0.003429
vn 0.050393 0.086173 -0.005899
vn 0.048414 0.086164 -0.015227
vn 0.044780 0.086162 -0.023893
vn 0.039636 0.086173 -0.031675
vn 0.033022 0.086165 -0.038538
vn 0.025349 0.086161 -0.043973
vn 0.016867 0.086172 -0.047852
vn 0.007627 0.086165 -0.050174
vn -0.001766 0.086161 -0.050726
vn -0.011014 0.086172 -0.049528
vn -0.020078 0.086166 -0.046609
vn -0.028346 0.086161 -0.042104
vn -0.035557 0.086172 -0.036195
vn -0.041699 0.086166 -0.028924
vn -0.046335 0.086161 -0.020721
vn -0.049325 0.086172 -0.011892
vn -0.050687 0.086166 -0.002478
vn -0.050275 0.086161 0.006979
vn -0.048146 0.086172 0.016015
vn -0.044320 0.086167 0.024718
vn -0.038987 0.086161 0.032502
vn -0.032375 0.086171 0.039069
vn -0.024528 0.086167 0.044425
vn -0.015877 0.086160 0.048211
vn -0.006792 0.086171 0.050283
vn 0.002693 0.086168 0.050674
vn 0.012045 0.086160 0.049308
vn 0.020850 0.086171 0.046259
vn 0.029098 0.086169 0.041573
vn 0.036317 0.086160 0.035461
vn 0.042173 0.086170 0.028215
vn 0.046687 0.086169 0.019880
vn 0.049582 0.086160 0.010867
vn 0.050716 0.086170 0.001620
vn 0.050134 0.086170 -0.007834
vn 0.047820 0.086160 -0.017022
vn 0.043888 0.086170 -0.025468
vn 0.038395 0.086170 -0.033174
vn 0.031565 0.086160 -0.039751
vn 0.023759 0.086170 -0.044837
vn 0.015026 0.086171 -0.048465
vn 0.005743 0.086160 -0.050433
vn -0.003571 0.086169 -0.050617
vn -0.012894 0.086171 -0.049074
vn -0.021819 0.086160 -0.045830
vn -0.029820 0.086169 -0.041057
vn -0.036908 0.086171 -0.034818
vn -0.042768 0.086160 -0.027338
vn -0.047031 0.086169 -0.019053
vn -0.049741 0.086172 -0.010015
vn -0.050756 0.086160 -0.000561
vn -0.049989 0.086168 0.008726
vn -0.047531 0.086172 0.017752
vn -0.043362 0.086160 0.026386
vn -0.037796 0.086168 0.033861
vn -0.030878 0.086172 0.040260
vn -0.022827 0.086160 0.045337
vn -0.014147 0.086168 0.048734
vn -0.004897 0.086173 0.050500
vn 0.004626 0.086160 0.050548
vn 0.013790 0.086167 0.048837
vn 0.022567 0.086173 0.045442
vn 0.030677 0.086160 0.040440
vn 0.037548 0.086167 0.034138
vn 0.043194 0.086173 0.026616
vn 0.047430 0.086160 0.018078
vn 0.049926 0.086167 0.009091
vn 0.050735 0.086173 -0.000273
vn 0.049811 0.086160 -0.009763
vn 0.047173 0.086166 -0.018711
vn 0.042905 0.086173 -0.027079
vn 0.037096 0.086160 -0.034645
vn 0.030121 0.086166 -0.040843
vn 0.022076 0.086174 -0.045681
vn 0.013141 0.086160 -0.049028
vn 0.003940 0.086166 -0.050596
vn -0.005442 0.086174 -0.050443
vn -0.014797 0.086161 -0.048553
vn -0.023436 0.086165 -0.045014
vn -0.031311 0.086174 -0.039921
vn -0.038250 0.086161 -0.033366
vn -0.043710 0.086165 -0.025789
vn -0.047693 0.086174 -0.017304
vn -0.050102 0.086164 -0.008093
vn -0.025857 0.095937 0.011294
vn -0.023323 0.095932 0.015908
vn -0.020003 0.095938 0.019894
vn -0.015964 0.095937 0.023264
vn -0.011370 0.095932 0.025841
vn -0.006443 0.095938 0.027466
vn -0.001236 0.095937 0.028187
vn 0.004030 0.095932 0.027943
vn 0.009070 0.095938 0.026714
vn 0.013866 0.095938 0.024571
vn 0.018208 0.095932 0.021576
vn 0.021834 0.095938 0.017867
vn 0.024767 0.095938 0.013511
vn 0.026868 0.095932 0.008671
vn 0.027982 0.095938 0.003603
vn 0.028164 0.095938 -0.001641
vn 0.027386 0.095932 -0.006863
vn 0.025649 0.095937 -0.011752
vn 0.023029 0.095938 -0.016295
vn 0.019604 0.095932 -0.020317
vn 0.015543 0.095937 -0.023547
vn 0.010918 0.095938 -0.026012
vn 0.005881 0.095932 -0.027614
vn 0.000725 0.095937 -0.028205
vn -0.004501 0.095939 -0.027848
vn -0.009625 0.095932 -0.026542
vn -0.014313 0.095937 -0.024316
vn -0.018555 0.095939 -0.021248
vn -0.022213 0.095932 -0.017427
vn -0.025014 0.095937 -0.013056
vn -0.026987 0.095939 -0.008210
vn -0.028070 0.095932 -0.003030
vn -0.028134 0.095937 0.002161
vn -0.027233 0.095939 0.007354
vn -0.025421 0.095932 0.012285
vn -0.022727 0.095936 0.016724
vn -0.019245 0.095939 0.020623
vn -0.015067 0.095932 0.023877
vn -0.010432 0.095936 0.026219
vn -0.005417 0.095939 0.027682
vn -0.000148 0.095932 0.028233
vn 0.005026 0.095936 0.027767
vn 0.010053 0.095939 0.026355
vn 0.014815 0.095932 0.024033
vn 0.018961 0.095936 0.020900
vn 0.022476 0.095939 0.017042
vn 0.025290 0.095932 0.012551
vn 0.027149 0.095936 0.007698
vn 0.028089 0.095940 0.002566
vn 0.028100 0.095932 -0.002734
vn 0.027110 0.095935 -0.007838
vn 0.025192 0.095940 -0.012687
vn 0.022395 0.095932 -0.017191
vn 0.018854 0.095935 -0.020999
vn 0.014661 0.095940 -0.024096
vn 0.009905 0.095932 -0.026438
vn 0.004883 0.095935 -0.027796
vn -0.000312 0.095940 -0.028204
vn -0.005587 0.095932 -0.027674
vn -0.010569 0.095935 -0.026168
vn -0.015190 0.095940 -0.023766
vn -0.019385 0.095932 -0.020524
vn -0.022818 0.095935 -0.016609
vn -0.025466 0.095940 -0.012127
vn -0.027309 0.095932 -0.007156
vn -0.028151 0.095935 -0.002016
vn -0.028025 0.095940 0.003187
vn -0.026958 0.095932 0.008380
vn -0.024962 0.095934 0.013171
vn -0.022092 0.095940 0.017536
vn -0.018439 0.095933 0.021376
vn -0.014191 0.095934 0.024398
vn -0.009465 0.095940 0.026570
vn -0.004333 0.095933 0.027895
vn 0.000872 0.095934 0.028212
vn 0.006030 0.095940 0.027554
vn 0.011085 0.095933 0.025962
vn 0.015672 0.095934 0.023475
vn 0.019699 0.095940 0.020188
vn 0.023143 0.095933 0.016163
vn 0.025722 0.095934 0.011623
vn 0.027398 0.095940 0.006704
vn 0.028190 0.095933 0.001467
vn 0.027976 0.095934 -0.003752
vn 0.026795 0.095940 -0.008811
vn 0.024695 0.095934 -0.013672
vn 0.021751 0.095933 -0.017990
vn 0.018072 0.095939 -0.021657
vn 0.013719 0.095934 -0.024668
vn 0.008934 0.095933 -0.026777
vn 0.003872 0.095939 -0.027940
vn -0.001413 0.095934 -0.028190
vn -0.006592 0.095933 -0.027448
vn -0.011501 0.095939 -0.025756
vn -0.016115 0.095934 -0.023172
vn -0.020120 0.095933 -0.019800
vn -0.023390 0.095939 -0.015767
vn -0.025935 0.095934 -0.011134
vn -0.027551 0.095933 -0.006150
vn -0.028190 0.095939 -0.000999
vn -0.027897 0.095935 0.004276
vn -0.026625 0.095933 0.009382
vn -0.024448 0.095939 0.014072
vn -0.021408 0.095935 0.018389
vn -0.017641 0.095933 0.022040
vn -0.013297 0.095939 0.024878
vn -0.008434 0.095935 0.026931
vn -0.003303 0.095932 0.028037
vn 0.001885 0.095939 0.028146
vn 0.007093 0.095936 0.027314
vn 0.012036 0.095932 0.025536
vn 0.016496 0.095939 0.022884
vn 0.020470 0.095936 0.019423
vn 0.023728 0.095932 0.015296
vn 0.026108 0.095938 0.010686
vn 0.027646 0.095936 0.005649
vn 0.028228 0.095932 0.000420
vn 0.027808 0.095938 -0.004750
vn 0.026447 0.095937 -0.009834
vn 0.024174 0.095932 -0.014583
vn 0.021080 0.095938 -0.018748
vn 0.017237 0.095937 -0.022338
vn 0.012792 0.095932 -0.025168
vn 0.007964 0.095938 -0.027064
vn 0.002806 0.095937 -0.028074
vn -0.002466 0.095932 -0.028124
vn -0.007567 0.095938 -0.027178
vn -0.012474 0.095938 -0.025305
vn -0.016977 0.095932 -0.022558
vn -0.020805 0.095938 -0.019056
vn -0.023975 0.095938 -0.014871
vn -0.026343 0.095932 -0.010154
vn -0.027738 0.095938 -0.005157
vn -0.028211 0.095938 0.000068
vn -0.027726 0.095932 0.005326
vn -0.026265 0.095937 0.010305
vn -0.023923 0.095938 0.014950
vn -0.020706 0.095932 0.019193
vn -0.016831 0.095937 0.022644
vn -0.012351 0.095938 0.025363
vn -0.007411 0.095932 0.027243
vn -0.002296 0.095937 0.028121
vn 0.002941 0.095939 0.028056
vn 0.008130 0.095932 0.027037
vn 0.012936 0.095937 0.025076
vn 0.017341 0.095939 0.022249
vn 0.021208 0.095932 0.018638
vn 0.024247 0.095937 0.014430
vn 0.026487 0.095939 0.009702
vn 0.027858 0.095932 0.004590
vn 0.028211 0.095937 -0.000590
vn 0.027608 0.095939 -0.005784
vn 0.026066 0.095932 -0.010849
vn 0.023624 0.095936 -0.015432
vn 0.020365 0.095939 -0.019517
vn 0.016375 0.095932 -0.023000
vn 0.011877 0.095936 -0.025597
vn 0.006951 0.095939 -0.027337
vn 0.001722 0.095932 -0.028181
vn -0.003471 0.095936 -0.028004
vn -0.008568 0.095939 -0.026874
vn -0.013453 0.095932 -0.024822
vn -0.017767 0.095936 -0.021924
vn -0.021491 0.095940 -0.018269
vn -0.024551 0.095932 -0.013941
vn -0.026678 0.095936 -0.009199
vn -0.027903 0.095940 -0.004128
vn -0.028203 0.095934 0.001150
vn 0.000143 0.099375 0.011164
vn 0.002204 0.099375 0.010947
vn 0.004189 0.099375 0.010351
vn 0.006030 0.099375 0.009397
vn 0.007663 0.099375 0.008122
vn 0.009032 0.099375 0.006566
vn 0.010090 0.099375 0.004783
vn 0.010800 0.099375 0.002836
vn 0.011138 0.099375 0.000791
vn 0.011092 0.099375 -0.001281
vn 0.010665 0.099375 -0.003310
vn 0.009869 0.099375 -0.005224
vn 0.008734 0.099375 -0.006958
vn 0.007298 0.099375 -0.008452
vn 0.005609 0.099375 -0.009655
vn 0.003728 0.099375 -0.010526
vn 0.001719 0.099375 -0.011034
vn -0.000350 0.099375 -0.011161
vn -0.002407 0.099375 -0.010904
vn -0.004381 0.099375 -0.010272
vn -0.006204 0.099375 -0.009284
vn -0.007813 0.099375 -0.007978
vn -0.009153 0.099375 -0.006397
vn -0.010177 0.099375 -0.004594
vn -0.010852 0.099375 -0.002635
vn -0.011152 0.099375 -0.000584
vn -0.011067 0.099375 0.001488
vn -0.010602 0.099375 0.003508
vn -0.009771 0.099375 0.005406
vn -0.008603 0.099375 0.007119
vn -0.007139 0.099375 0.008587
vn -0.005429 0.099375 0.009758
vn -0.003532 0.099375 0.010593
vn -0.001497 0.099374 0.011067
vn 0.000557 0.099375 0.011153
vn 0.002609 0.099375 0.010857
vn 0.004571 0.099374 0.010189
vn 0.006375 0.099375 0.009168
vn 0.007959 0.099375 0.007831
vn 0.009271 0.099374 0.006226
vn 0.010262 0.099375 0.004405
vn 0.010898 0.099375 0.002432
vn 0.011161 0.099374 0.000376
vn 0.011038 0.099375 -0.001693
vn 0.010534 0.099375 -0.003704
vn 0.009669 0.099374 -0.005588
vn 0.008470 0.099375 -0.007278
vn 0.006978 0.099375 -0.008717
vn 0.005247 0.099374 -0.009858
vn 0.003335 0.099374 -0.010658
vn 0.001307 0.099375 -0.011089
vn -0.000765 0.099374 -0.011142
vn -0.002811 0.099374 -0.010808
vn -0.004759 0.099375 -0.010101
vn -0.006545 0.099374 -0.009049
vn -0.008105 0.099374 -0.007683
vn -0.009384 0.099375 -0.006052
vn -0.010342 0.099374 -0.004214
vn -0.010943 0.099374 -0.002230
vn -0.011164 0.099375 -0.000169
vn -0.011005 0.099374 0.001898
vn -0.010465 0.099374 0.003899
vn -0.009562 0.099375 0.005765
vn -0.008333 0.099374 0.007435
vn -0.006816 0.099374 0.008846
vn -0.005062 0.099375 0.009952
vn -0.003136 0.099374 0.010718
vn -0.001101 0.099374 0.011113
vn 0.000964 0.099375 0.011124
vn 0.003011 0.099374 0.010754
vn 0.004947 0.099374 0.010012
vn 0.006711 0.099375 0.008924
vn 0.008246 0.099374 0.007531
vn 0.009496 0.099374 0.005877
vn 0.010417 0.099375 0.004020
vn 0.010982 0.099374 0.002026
vn 0.011167 0.099374 -0.000039
vn 0.010966 0.099375 -0.002102
vn 0.010390 0.099374 -0.004093
vn 0.009455 0.099375 -0.005943
vn 0.008192 0.099375 -0.007587
vn 0.006650 0.099374 -0.008972
vn 0.004877 0.099375 -0.010046
vn 0.002936 0.099375 -0.010773
vn 0.000894 0.099374 -0.011132
vn -0.001178 0.099375 -0.011105
vn -0.003210 0.099375 -0.010694
vn -0.005132 0.099374 -0.009918
vn -0.006877 0.099375 -0.008799
vn -0.008383 0.099375 -0.007375
vn -0.009604 0.099374 -0.005699
vn -0.010491 0.099375 -0.003826
vn -0.011016 0.099375 -0.001821
vn -0.011165 0.099375 0.000247
vn -0.010926 0.099375 0.002306
vn -0.010311 0.099375 0.004285
vn -0.009342 0.099375 0.006118
vn -0.008050 0.099375 0.007738
vn -0.006481 0.099375 0.009093
vn -0.004689 0.099375 0.010135
vn -0.002735 0.099375 0.010826
vn -0.000679 0.099375 0.011145
vn 0.001385 0.099375 0.011081
vn 0.003409 0.099375 0.010633
vn 0.005315 0.099375 0.009820
vn 0.007039 0.099375 0.008669
vn 0.008519 0.099375 0.007218
vn 0.009707 0.099375 0.005519
vn 0.010560 0.099375 0.003630
vn 0.011048 0.099375 0.001616
vn 0.011157 0.099375 -0.000454
vn 0.010881 0.099375 -0.002508
vn 0.010229 0.099375 -0.004476
vn 0.009226 0.099375 -0.006290
vn 0.007905 0.099375 -0.007887
vn 0.006311 0.099375 -0.009211
vn 0.004500 0.099375 -0.010219
vn 0.002533 0.099375 -0.010876
vn 0.000480 0.099375 -0.011155
vn -0.001590 0.099375 -0.011053
vn -0.003606 0.099375 -0.010568
vn -0.005496 0.099375 -0.009719
vn -0.007198 0.099375 -0.008537
vn -0.008652 0.099375 -0.007059
vn -0.009807 0.099375 -0.005338
vn -0.010626 0.099375 -0.003434
vn -0.011077 0.099375 -0.001410
vn -0.011147 0.099375 0.000661
vn -0.010833 0.099375 0.002710
vn -0.010145 0.099375 0.004666
vn -0.009108 0.099375 0.006460
vn -0.007757 0.099375 0.008032
vn -0.006139 0.099375 0.009328
vn -0.004309 0.099375 0.010302
vn -0.002331 0.099375 0.010921
vn -0.000272 0.099375 0.011163
vn 0.001780 0.099375 0.011024
vn 0.003801 0.099375 0.010500
vn 0.005677 0.099375 0.009616
vn 0.007356 0.099375 0.008401
vn 0.008782 0.099375 0.006897
vn 0.009905 0.099375 0.005155
vn 0.010688 0.099375 0.003235
vn 0.011102 0.099375 0.001204
vn 0.011132 0.099375 -0.000868
vn 0.010781 0.099375 -0.002911
vn 0.010057 0.099375 -0.004853
vn 0.008986 0.099375 -0.006628
vn 0.007607 0.099374 -0.008176
vn 0.005965 0.099375 -0.009440
vn 0.004117 0.099375 -0.010379
vn 0.002128 0.099374 -0.010963
vn 0.000065 0.099375 -0.011167
vn -0.002000 0.099375 -0.010985
vn -0.003996 0.099374 -0.010428
vn -0.005855 0.099375 -0.009509
vn -0.007511 0.099375 -0.008262
vn -0.008910 0.099374 -0.006733
vn -0.010000 0.099375 -0.004970
vn -0.010745 0.099375 -0.003036
vn -0.011123 0.099374 -0.000998
vn -0.011115 0.099375 0.001075
vn -0.010724 0.099375 0.003111
vn -0.009966 0.099374 0.005040
vn -0.008862 0.099375 0.006795
vn -0.007453 0.099375 0.008315
vn -0.005789 0.099374 0.009550
vn -0.003923 0.099375 0.010454
vn 0.025617 0.096110 0.010326
vn 0.027084 0.096112 0.005386
vn 0.027632 0.096106 0.000339
vn 0.027202 0.096110 -0.004793
vn 0.025830 0.096112 -0.009764
vn 0.023624 0.096106 -0.014337
vn 0.020547 0.096110 -0.018461
vn 0.016748 0.096112 -0.021955
vn 0.012456 0.096106 -0.024667
vn 0.007667 0.096109 -0.026538
vn 0.002591 0.096112 -0.027491
vn -0.002487 0.096106 -0.027521
vn -0.007537 0.096109 -0.026576
vn -0.012351 0.096112 -0.024697
vn -0.016675 0.096106 -0.022034
vn -0.020458 0.096109 -0.018563
vn -0.023549 0.096112 -0.014418
vn -0.025810 0.096106 -0.009869
vn -0.027183 0.096108 -0.004926
vn -0.027611 0.096112 0.000230
vn -0.027122 0.096107 0.005286
vn -0.025673 0.096108 0.010204
vn -0.023306 0.096112 0.014808
vn -0.020213 0.096107 0.018839
vn -0.016385 0.096108 0.022244
vn -0.011937 0.096112 0.024898
vn -0.007179 0.096107 0.026682
vn -0.002132 0.096108 0.027546
vn 0.003048 0.096113 0.027442
vn 0.008030 0.096107 0.026438
vn 0.012768 0.096107 0.024502
vn 0.017109 0.096113 0.021671
vn 0.020806 0.096107 0.018181
vn 0.023820 0.096107 0.013999
vn 0.025985 0.096113 0.009333
vn 0.027275 0.096107 0.004414
vn 0.027622 0.096107 -0.000686
vn 0.026987 0.096113 -0.005833
vn 0.025477 0.096107 -0.010690
vn 0.023075 0.096107 -0.015199
vn 0.019811 0.096113 -0.019231
vn 0.015958 0.096108 -0.022554
vn 0.011536 0.096107 -0.025108
vn 0.006632 0.096113 -0.026802
vn 0.001603 0.096108 -0.027582
vn -0.003498 0.096107 -0.027410
vn -0.008557 0.096113 -0.026251
vn -0.013238 0.096108 -0.024250
vn -0.017474 0.096106 -0.021406
vn -0.021152 0.096113 -0.017745
vn -0.024066 0.096108 -0.013568
vn -0.026155 0.096106 -0.008917
vn -0.027338 0.096113 -0.003863
vn -0.027599 0.096108 0.001225
vn -0.026911 0.096106 0.006276
vn -0.025241 0.096113 0.011190
vn -0.022768 0.096108 0.015646
vn -0.019514 0.096106 0.019567
vn -0.015495 0.096113 0.022852
vn -0.011036 0.096108 0.025325
vn -0.006202 0.096106 0.026929
vn -0.001054 0.096113 0.027590
vn 0.004040 0.096109 0.027328
vn 0.008989 0.096106 0.026132
vn 0.013706 0.096113 0.023968
vn 0.017891 0.096109 0.021048
vn 0.021456 0.096106 0.017416
vn 0.024314 0.096113 0.013083
vn 0.026313 0.096109 0.008408
vn 0.027422 0.096106 0.003422
vn 0.027554 0.096113 -0.001765
vn 0.026770 0.096109 -0.006811
vn 0.025079 0.096106 -0.011609
vn 0.022446 0.096113 -0.016079
vn 0.019108 0.096109 -0.019947
vn 0.015135 0.096106 -0.023122
vn 0.010537 0.096113 -0.025522
vn 0.005655 0.096109 -0.027037
vn 0.000605 0.096106 -0.027629
vn -0.004565 0.096113 -0.027231
vn -0.009512 0.096110 -0.025932
vn -0.014108 0.096106 -0.023763
vn -0.018284 0.096112 -0.020690
vn -0.021794 0.096110 -0.016968
vn -0.024547 0.096106 -0.012696
vn -0.026464 0.096112 -0.007881
vn -0.027472 0.096110 -0.002862
vn -0.027546 0.096106 0.002219
vn -0.026625 0.096112 0.007317
vn -0.024822 0.096110 0.012111
vn -0.022198 0.096106 0.016461
vn -0.018720 0.096112 0.020298
vn -0.014651 0.096110 0.023413
vn -0.010123 0.096106 0.025715
vn -0.005144 0.096112 0.027130
vn -0.000039 0.096110 0.027618
vn 0.005020 0.096106 0.027176
vn 0.009992 0.096112 0.025743
vn 0.014584 0.096111 0.023453
vn 0.018642 0.096106 0.020401
vn 0.022101 0.096112 0.016556
vn 0.024795 0.096111 0.012163
vn 0.026614 0.096106 0.007443
vn 0.027515 0.096111 0.002354
vn 0.027476 0.096111 -0.002783
vn 0.026520 0.096106 -0.007770
vn 0.024593 0.096111 -0.012563
vn 0.021839 0.096111 -0.016903
vn 0.018390 0.096106 -0.020628
vn 0.014221 0.096111 -0.023674
vn 0.009584 0.096111 -0.025900
vn 0.004686 0.096106 -0.027235
vn -0.000460 0.096111 -0.027614
vn -0.005576 0.096111 -0.027047
vn -0.010438 0.096106 -0.025587
vn -0.015003 0.096110 -0.023189
vn -0.019045 0.096111 -0.019997
vn -0.022398 0.096106 -0.016185
vn -0.025001 0.096110 -0.011739
vn -0.026742 0.096112 -0.006887
vn -0.027570 0.096106 -0.001878
vn -0.027427 0.096110 0.003268
vn -0.026334 0.096112 0.008309
vn -0.024386 0.096106 0.012998
vn -0.021544 0.096109 0.017286
vn -0.017946 0.096112 0.020987
vn -0.013811 0.096106 0.023934
vn -0.009135 0.096109 0.026069
vn -0.004119 0.096112 0.027304
vn 0.000949 0.096106 0.027617
vn 0.006043 0.096109 0.026955
vn 0.010955 0.096112 0.025347
vn 0.015421 0.096106 0.022929
vn 0.019392 0.096109 0.019675
vn 0.022709 0.096112 0.015708
vn 0.025219 0.096107 0.011292
vn 0.026857 0.096108 0.006474
vn 0.027581 0.096112 0.001309
vn 0.027374 0.096107 -0.003767
vn 0.026202 0.096108 -0.008757
vn 0.024095 0.096112 -0.013486
vn 0.021232 0.096107 -0.017683
vn 0.017600 0.096108 -0.021296
vn 0.013307 0.096112 -0.024193
vn 0.008655 0.096107 -0.026240
vn 0.003665 0.096108 -0.027384
vn -0.001513 0.096113 -0.027570
vn -0.006544 0.096107 -0.026844
vn -0.011382 0.096107 -0.025176
vn -0.015875 0.096113 -0.022591
vn -0.019760 0.096107 -0.019312
vn -0.022981 0.096107 -0.015340
vn -0.025425 0.096113 -0.010767
vn -0.026986 0.096107 -0.005927
vn -0.027617 0.096107 -0.000855
vn -0.027270 0.096113 0.004320
vn -0.026033 0.096107 0.009254
vn -0.023887 0.096107 0.013889
vn -0.020852 0.096113 0.018097
vn -0.017190 0.096108 0.021629
vn -0.012918 0.096107 0.024426
vn -0.008116 0.096113 0.026390
vn -0.003137 0.096108 0.027449
vn 0.001965 0.096106 0.027562
vn 0.007080 0.096113 0.026687
vn 0.011866 0.096108 0.024949
vn 0.016253 0.096106 0.022347
vn 0.020125 0.096112 0.018908
vn 0.049923 0.086189 0.008898
vn 0.050708 0.086189 -0.000537
vn 0.049769 0.086180 -0.009799
vn 0.047071 0.086188 -0.018865
vn 0.042739 0.086189 -0.027293
vn 0.037041 0.086180 -0.034655
vn 0.029960 0.086188 -0.040915
vn 0.021818 0.086189 -0.045776
vn 0.013087 0.086180 -0.049007
vn 0.003774 0.086187 -0.050572
vn -0.005715 0.086189 -0.050386
vn -0.014834 0.086180 -0.048507
vn -0.023558 0.086187 -0.044910
vn -0.031515 0.086190 -0.039726
vn -0.038259 0.086180 -0.033305
vn -0.043753 0.086186 -0.025643
vn -0.047764 0.086190 -0.017027
vn -0.050088 0.086180 -0.008009
vn -0.050696 0.086186 0.001393
vn -0.049538 0.086190 0.010831
vn -0.046736 0.086181 0.019714
vn -0.042280 0.086186 0.028008
vn -0.036299 0.086190 0.035407
vn -0.029219 0.086181 0.041462
vn -0.021056 0.086185 0.046139
vn -0.012060 0.086190 0.049252
vn -0.002847 0.086181 0.050643
vn 0.006548 0.086185 0.050292
vn 0.015833 0.086191 0.048171
vn 0.024388 0.086181 0.044475
vn 0.032170 0.086184 0.039209
vn 0.038927 0.086191 0.032493
vn 0.044231 0.086181 0.024827
vn 0.048069 0.086184 0.016176
vn 0.050225 0.086191 0.006968
vn 0.050668 0.086181 -0.002345
vn 0.049365 0.086184 -0.011638
vn 0.046303 0.086191 -0.020668
vn 0.041748 0.086182 -0.028807
vn 0.035729 0.086183 -0.035998
vn 0.028349 0.086191 -0.042040
vn 0.020175 0.086182 -0.046537
vn 0.011267 0.086183 -0.049452
vn 0.001805 0.086192 -0.050673
vn -0.007513 0.086182 -0.050162
vn -0.016610 0.086183 -0.047923
vn -0.025285 0.086192 -0.043951
vn -0.032924 0.086182 -0.038583
vn -0.039454 0.086182 -0.031874
vn -0.044713 0.086192 -0.023911
vn -0.048355 0.086182 -0.015310
vn -0.050345 0.086182 -0.006166
vn -0.050592 0.086192 0.003375
vn -0.049130 0.086183 0.012602
vn -0.045981 0.086182 0.021410
vn -0.041141 0.086192 0.029637
vn -0.035014 0.086183 0.036695
vn -0.027685 0.086182 0.042500
vn -0.019224 0.086192 0.046919
vn -0.010286 0.086183 0.049666
vn -0.001000 0.086181 0.050712
vn 0.008518 0.086192 0.049984
vn 0.017559 0.086183 0.047583
vn 0.025989 0.086181 0.043558
vn 0.033678 0.086192 0.037904
vn 0.040082 0.086184 0.031078
vn 0.045104 0.086181 0.023205
vn 0.048635 0.086192 0.014339
vn 0.050452 0.086184 0.005190
vn 0.050551 0.086181 -0.004180
vn 0.048855 0.086192 -0.013570
vn 0.045537 0.086184 -0.022332
vn 0.040680 0.086181 -0.030299
vn 0.034272 0.086192 -0.037367
vn 0.026816 0.086184 -0.043048
vn 0.018482 0.086181 -0.047237
vn 0.009306 0.086192 -0.049843
vn -0.000032 0.086185 -0.050717
vn -0.009318 0.086180 -0.049861
vn -0.018479 0.086192 -0.047217
vn -0.026869 0.086185 -0.043014
vn -0.034294 0.086180 -0.037375
vn -0.040666 0.086192 -0.030286
vn -0.045563 0.086185 -0.022274
vn -0.048878 0.086180 -0.013563
vn -0.050532 0.086192 -0.004179
vn -0.050447 0.086185 0.005216
vn -0.048650 0.086180 0.014360
vn -0.045089 0.086192 0.023194
vn -0.040041 0.086186 0.031125
vn -0.033679 0.086180 0.037931
vn -0.025986 0.086191 0.043541
vn -0.017499 0.086186 0.047600
vn -0.008501 0.086180 0.050007
vn 0.000990 0.086191 0.050696
vn 0.010345 0.086186 0.049648
vn 0.019253 0.086180 0.046929
vn 0.027667 0.086191 0.042493
vn 0.035054 0.086187 0.036648
vn 0.041172 0.086180 0.029629
vn 0.045962 0.086191 0.021417
vn 0.049147 0.086187 0.012507
vn 0.050614 0.086180 0.003349
vn 0.050333 0.086190 -0.006147
vn 0.048329 0.086187 -0.015365
vn 0.044717 0.086180 -0.023946
vn 0.039457 0.086190 -0.031850
vn 0.032873 0.086187 -0.038615
vn 0.025268 0.086180 -0.043984
vn 0.016628 0.086190 -0.047904
vn 0.007454 0.086188 -0.050161
vn -0.001840 0.086180 -0.050692
vn -0.011238 0.086189 -0.049448
vn -0.020223 0.086188 -0.046504
vn -0.028390 0.086180 -0.042036
vn -0.035701 0.086189 -0.036012
vn -0.041771 0.086188 -0.028754
vn -0.046335 0.086180 -0.020641
vn -0.049350 0.086189 -0.011668
vn -0.050659 0.086189 -0.002289
vn -0.050238 0.086180 0.007010
vn -0.048050 0.086188 0.016211
vn -0.044193 0.086189 0.024868
vn -0.038915 0.086180 0.032537
vn -0.032196 0.086188 0.039181
vn -0.024335 0.086189 0.044489
vn -0.015797 0.086180 0.048202
vn -0.006588 0.086187 0.050283
vn 0.002898 0.086189 0.050626
vn 0.012108 0.086180 0.049258
vn 0.021017 0.086187 0.046154
vn 0.029252 0.086190 0.041421
vn 0.036343 0.086180 0.035385
vn 0.042256 0.086186 0.028043
vn 0.046741 0.086190 0.019663
vn 0.049564 0.086180 0.010788
vn 0.050693 0.086186 0.001511
vn 0.050064 0.086190 -0.008054
vn 0.047762 0.086181 -0.017079
vn 0.043776 0.086185 -0.025607
vn 0.038216 0.086190 -0.033329
vn 0.031484 0.086181 -0.039769
vn 0.023596 0.086185 -0.044893
vn 0.014786 0.086190 -0.048503
vn 0.005665 0.086181 -0.050406
vn -0.003734 0.086185 -0.050579
vn -0.013123 0.086191 -0.048979
vn -0.021872 0.086181 -0.045765
vn -0.029933 0.086184 -0.040942
vn -0.037056 0.086191 -0.034612
vn -0.042779 0.086181 -0.027253
vn -0.047065 0.086184 -0.018901
vn -0.049758 0.086191 -0.009757
vn -0.050720 0.086181 -0.000482
vn -0.049937 0.086184 0.008868
vn -0.047382 0.086191 0.018055
vn -0.043288 0.086182 0.026436
vn -0.037680 0.086183 0.033951
vn -0.030648 0.086191 0.040395
vn -0.022736 0.086182 0.045340
vn -0.014006 0.086183 0.048748
vn -0.004627 0.086192 0.050494
vn 0.004706 0.086182 0.050503
vn 0.013912 0.086183 0.048775
vn 0.022796 0.086192 0.045292
vn 0.030722 0.086182 0.040358
vn 0.037616 0.086182 0.034024
vn 0.043300 0.086191 0.026388
vn 0.070471 0.070598 0.007052
vn 0.070557 0.070595 -0.006172
vn 0.068249 0.070587 -0.018963
vn 0.063530 0.070598 -0.031304
vn 0.056598 0.070595 -0.042579
vn 0.047870 0.070587 -0.052210
vn 0.037345 0.070597 -0.060178
vn 0.025486 0.070596 -0.066081
vn 0.012983 0.070587 -0.069634
vn -0.000153 0.070597 -0.070824
vn -0.013349 0.070596 -0.069556
vn -0.025839 0.070587 -0.065953
vn -0.037606 0.070596 -0.060016
vn -0.048138 0.070596 -0.051951
vn -0.056830 0.070587 -0.042283
vn -0.063667 0.070596 -0.031028
vn -0.068338 0.070597 -0.018602
vn -0.070596 0.070587 -0.005798
vn -0.070442 0.070596 0.007361
vn -0.067828 0.070597 0.020383
vn -0.062966 0.070587 0.032445
vn -0.055878 0.070595 0.043520
vn -0.046762 0.070597 0.053192
vn -0.036252 0.070587 0.060854
vn -0.024385 0.070595 0.066496
vn -0.011526 0.070597 0.069880
vn 0.001449 0.070587 0.070819
vn 0.014495 0.070594 0.069328
vn 0.027203 0.070598 0.065391
vn 0.038712 0.070587 0.059320
vn 0.048985 0.070594 0.051156
vn 0.057688 0.070598 0.041086
vn 0.064241 0.070588 0.029841
vn 0.068661 0.070594 0.017384
vn 0.070690 0.070598 0.004330
vn 0.070299 0.070588 -0.008682
vn 0.067491 0.070593 -0.021483
vn 0.062271 0.070599 -0.033737
vn 0.055051 0.070588 -0.044573
vn 0.045899 0.070593 -0.053944
vn 0.034982 0.070599 -0.061580
vn 0.023116 0.070588 -0.066955
vn 0.010400 0.070592 -0.070061
vn -0.002908 0.070599 -0.070762
vn -0.015824 0.070588 -0.069043
vn -0.028250 0.070592 -0.064951
vn -0.039916 0.070599 -0.058502
vn -0.049968 0.070588 -0.050204
vn -0.058342 0.070592 -0.040162
vn -0.064828 0.070600 -0.028514
vn -0.068967 0.070588 -0.016149
vn -0.070757 0.070591 -0.003204
vn -0.070096 0.070600 0.010113
vn -0.067063 0.070589 0.022800
vn -0.061733 0.070591 0.034726
vn -0.054124 0.070600 0.045676
vn -0.044832 0.070589 0.054839
vn -0.034004 0.070591 0.062134
vn -0.021752 0.070600 0.067398
vn -0.009013 0.070589 0.070256
vn 0.004029 0.070590 0.070716
vn 0.017211 0.070600 0.068698
vn 0.029538 0.070589 0.064379
vn 0.040842 0.070590 0.057870
vn 0.050958 0.070600 0.049182
vn 0.059135 0.070590 0.038989
vn 0.065280 0.070590 0.027488
vn 0.069265 0.070600 0.014765
vn 0.070808 0.070590 0.001833
vn 0.069937 0.070590 -0.011223
vn 0.066585 0.070601 -0.024126
vn 0.061021 0.070590 -0.035965
vn 0.053401 0.070589 -0.046535
vn 0.043731 0.070601 -0.055706
vn 0.032738 0.070590 -0.062811
vn 0.020683 0.070589 -0.067745
vn 0.007627 0.070601 -0.070409
vn -0.005467 0.070591 -0.070619
vn -0.018303 0.070589 -0.068427
vn -0.030787 0.070601 -0.063779
vn -0.042015 0.070591 -0.057023
vn -0.051743 0.070589 -0.048373
vn -0.059873 0.070601 -0.037825
vn -0.065828 0.070591 -0.026144
vn -0.069503 0.070588 -0.013660
vn -0.070819 0.070601 -0.000413
vn -0.069689 0.070592 0.012658
vn -0.066201 0.070588 0.025193
vn -0.060310 0.070601 0.037125
vn -0.052429 0.070592 0.047624
vn -0.042837 0.070588 0.056412
vn -0.031529 0.070600 0.063415
vn -0.019278 0.070592 0.068155
vn -0.006491 0.070588 0.070535
vn 0.006803 0.070600 0.070493
vn 0.019716 0.070592 0.068029
vn 0.031823 0.070588 0.063283
vn 0.043074 0.070600 0.056216
vn 0.052733 0.070593 0.047285
vn 0.060492 0.070588 0.036852
vn 0.066296 0.070600 0.024908
vn 0.069777 0.070593 0.012160
vn 0.070830 0.070587 -0.000747
vn 0.069435 0.070600 -0.013945
vn 0.065657 0.070593 -0.026566
vn 0.059701 0.070587 -0.038120
vn 0.051540 0.070599 -0.048574
vn 0.041647 0.070594 -0.057289
vn 0.030480 0.070587 -0.063941
vn 0.018032 0.070599 -0.068488
vn 0.005015 0.070594 -0.070649
vn -0.007980 0.070587 -0.070383
vn -0.020939 0.070599 -0.067656
vn -0.033136 0.070594 -0.062597
vn -0.044021 0.070587 -0.055494
vn -0.053566 0.070598 -0.046331
vn -0.061245 0.070595 -0.035574
vn -0.066721 0.070587 -0.023787
vn -0.069968 0.070598 -0.010971
vn -0.070791 0.070595 0.002231
vn -0.069199 0.070587 0.015130
vn -0.065177 0.070598 0.027712
vn -0.058883 0.070595 0.039359
vn -0.050705 0.070587 0.049462
vn -0.040643 0.070597 0.058002
vn -0.029130 0.070596 0.064558
vn -0.016843 0.070587 0.068802
vn -0.003797 0.070597 0.070723
vn 0.009451 0.070596 0.070192
vn 0.022123 0.070587 0.067291
vn 0.034200 0.070596 0.062020
vn 0.045168 0.070596 0.054553
vn 0.054385 0.070587 0.045384
vn 0.061838 0.070596 0.034530
vn 0.067195 0.070597 0.022382
vn 0.070164 0.070587 0.009723
vn 0.070748 0.070595 -0.003317
vn 0.068858 0.070597 -0.016572
vn 0.064677 0.070587 -0.028886
vn 0.058218 0.070595 -0.040337
vn 0.049654 0.070597 -0.050503
vn 0.039587 0.070587 -0.058739
vn 0.028055 0.070595 -0.065033
vn 0.015402 0.070598 -0.069129
vn 0.002499 0.070587 -0.070790
vn -0.010607 0.070594 -0.070028
vn -0.023516 0.070598 -0.066805
vn -0.035346 0.070587 -0.061385
vn -0.046057 0.070594 -0.053808
vn -0.055308 0.070598 -0.044237
vn -0.062478 0.070588 -0.033374
vn -0.067554 0.070593 -0.021285
vn -0.070339 0.070598 -0.008264
vn -0.070674 0.070588 0.004751
vn -0.068584 0.070593 0.017687
vn -0.064055 0.070599 0.030213
vn -0.057449 0.070588 0.041437
vn -0.048835 0.070593 0.051301
vn -0.038360 0.070599 0.059534
vn -0.026811 0.070588 0.065563
vn -0.014290 0.070592 0.069372
vn -0.001041 0.070599 0.070814
vn 0.011952 0.070588 0.069817
vn 0.024585 0.070592 0.066425
vn 0.036593 0.070599 0.060636
vn 0.047093 0.070588 0.052911
vn 0.056013 0.070592 0.043352
vn 0.063122 0.070599 0.032116
vn 0.086548 0.049858 0.004859
vn 0.085946 0.049852 -0.011316
vn 0.082434 0.049847 -0.026830
vn 0.076012 0.049857 -0.041671
vn 0.066933 0.049853 -0.055088
vn 0.055743 0.049847 -0.066393
vn 0.042450 0.049857 -0.075580
vn 0.027635 0.049853 -0.082165
vn 0.012156 0.049847 -0.085834
vn -0.003970 0.049857 -0.086594
vn -0.020038 0.049853 -0.084339
vn -0.035114 0.049847 -0.079261
vn -0.049189 0.049856 -0.071378
vn -0.061638 0.049853 -0.060954
vn -0.071743 0.049847 -0.048665
vn -0.079507 0.049856 -0.034539
vn -0.084557 0.049854 -0.019096
vn -0.086627 0.049847 -0.003319
vn -0.085741 0.049856 0.012763
vn -0.081851 0.049854 0.028548
vn -0.075256 0.049847 0.043032
vn -0.066001 0.049856 0.056199
vn -0.054339 0.049854 0.067541
vn -0.041076 0.049847 0.076341
vn -0.026265 0.049855 0.082611
vn -0.010360 0.049855 0.086065
vn 0.005553 0.049847 0.086513
vn 0.021427 0.049855 0.083996
vn 0.036758 0.049855 0.078507
vn 0.050500 0.049847 0.070463
vn 0.062629 0.049855 0.059934
vn 0.072736 0.049855 0.047158
vn 0.080141 0.049847 0.033056
vn 0.084883 0.049854 0.017590
vn 0.086673 0.049855 0.001518
vn 0.085491 0.049847 -0.014369
vn 0.081377 0.049854 -0.029873
vn 0.074344 0.049856 -0.044581
vn 0.064930 0.049847 -0.057439
vn 0.053242 0.049854 -0.068410
vn 0.039486 0.049856 -0.077170
vn 0.024690 0.049847 -0.083100
vn 0.008975 0.049853 -0.086221
vn -0.007337 0.049856 -0.086374
vn -0.023035 0.049847 -0.083574
vn -0.038011 0.049853 -0.077909
vn -0.051936 0.049856 -0.069405
vn -0.063777 0.049847 -0.058717
vn -0.073481 0.049853 -0.045991
vn -0.080797 0.049857 -0.031404
vn -0.085189 0.049847 -0.016063
vn -0.086687 0.049852 -0.000138
vn -0.085174 0.049857 0.016112
vn -0.080781 0.049848 0.031459
vn -0.073628 0.049852 0.045757
vn -0.063743 0.049857 0.058746
vn -0.051888 0.049848 0.069447
vn -0.038259 0.049852 0.077789
vn -0.022998 0.049857 0.083578
vn -0.007269 0.049848 0.086385
vn 0.008703 0.049852 0.086250
vn 0.024716 0.049858 0.083086
vn 0.039554 0.049848 0.077141
vn 0.053029 0.049851 0.068577
vn 0.064941 0.049858 0.057419
vn 0.074388 0.049848 0.044515
vn 0.081286 0.049851 0.030124
vn 0.085488 0.049858 0.014354
vn 0.086676 0.049848 -0.001540
vn 0.084913 0.049851 -0.017458
vn 0.080133 0.049858 -0.033059
vn 0.072692 0.049848 -0.047234
vn 0.062809 0.049850 -0.059750
vn 0.050499 0.049858 -0.070456
vn 0.036676 0.049849 -0.078549
vn 0.021672 0.049850 -0.083936
vn 0.005565 0.049858 -0.086505
vn -0.010456 0.049849 -0.086057
vn -0.026033 0.049850 -0.082688
vn -0.041055 0.049858 -0.076345
vn -0.054419 0.049849 -0.067481
vn -0.065849 0.049850 -0.056382
vn -0.075236 0.049858 -0.043055
vn -0.081887 0.049849 -0.028453
vn -0.085711 0.049849 -0.012990
vn -0.086622 0.049859 0.003279
vn -0.084536 0.049849 0.019200
vn -0.079598 0.049849 0.034339
vn -0.071765 0.049859 0.048620
vn -0.061564 0.049850 0.061032
vn -0.049364 0.049849 0.071262
vn -0.035167 0.049859 0.079230
vn -0.019932 0.049850 0.084367
vn -0.004170 0.049849 0.086589
vn 0.012085 0.049859 0.085837
vn 0.027741 0.049850 0.082130
vn 0.042288 0.049849 0.075676
vn 0.055676 0.049859 0.066441
vn 0.067006 0.049850 0.055002
vn 0.075931 0.049848 0.041828
vn 0.082399 0.049858 0.026917
vn 0.085970 0.049851 0.011141
vn 0.086563 0.049848 -0.004696
vn 0.084161 0.049858 -0.020761
vn 0.078864 0.049851 -0.035991
vn 0.070961 0.049848 -0.049797
vn 0.060428 0.049858 -0.062150
vn 0.047865 0.049851 -0.072276
vn 0.033853 0.049848 -0.079807
vn 0.018391 0.049858 -0.084711
vn 0.002359 0.049852 -0.086656
vn -0.013515 0.049848 -0.085630
vn -0.029218 0.049858 -0.081612
vn -0.043862 0.049852 -0.074773
vn -0.056787 0.049848 -0.065502
vn -0.067975 0.049858 -0.053792
vn -0.076789 0.049852 -0.040227
vn -0.082849 0.049848 -0.025521
vn -0.086143 0.049857 -0.009678
vn -0.086443 0.049852 0.006509
vn -0.083801 0.049847 0.022194
vn -0.078217 0.049857 0.037367
vn -0.069899 0.049853 0.051273
vn -0.059356 0.049847 0.063183
vn -0.046599 0.049857 0.073095
vn -0.032171 0.049853 0.080497
vn -0.016921 0.049847 0.085023
vn -0.000865 0.049857 0.086681
vn 0.015307 0.049853 0.085325
vn 0.030643 0.049847 0.081094
vn 0.045132 0.049856 0.074010
vn 0.058145 0.049853 0.064294
vn 0.068919 0.049847 0.052587
vn 0.077458 0.049856 0.038919
vn 0.083362 0.049854 0.023779
vn 0.086307 0.049847 0.008142
vn 0.086331 0.049856 -0.007834
vn 0.083315 0.049854 -0.023942
vn 0.077537 0.049847 -0.038772
vn 0.069032 0.049855 -0.052432
vn 0.058019 0.049854 -0.064408
vn 0.045267 0.049847 -0.073934
vn 0.030831 0.049855 -0.081018
vn 0.015141 0.049855 -0.085354
vn -0.000724 0.049847 -0.086688
vn -0.016710 0.049855 -0.085060
vn -0.032325 0.049855 -0.080434
vn -0.046495 0.049847 -0.073167
vn -0.059190 0.049855 -0.063333
vn -0.069995 0.049855 -0.051139
vn -0.078174 0.049847 -0.037471
vn -0.083738 0.049854 -0.022418
vn -0.086453 0.049855 -0.006347
vn -0.086159 0.049847 0.009583
vn -0.082916 0.049854 0.025289
vn -0.076713 0.049856 0.040368
vn -0.068030 0.049847 0.053732
vn -0.056973 0.049854 0.065335
vn -0.043726 0.049856 0.074849
vn -0.029282 0.049847 0.081596
vn -0.013768 0.049853 0.085587
vn 0.002511 0.049856 0.086649
vn 0.018342 0.049847 0.084728
vn 0.033609 0.049853 0.079907
vn 0.047986 0.049856 0.072192
vn 0.060406 0.049847 0.062180
vn 0.070803 0.049853 0.050016
vn 0.078902 0.049857 0.035900
vn 0.096554 0.025905 0.002487
vn 0.095335 0.025900 -0.015507
vn 0.090897 0.025899 -0.032664
vn 0.083247 0.025905 -0.048979
vn 0.072681 0.025901 -0.063613
vn 0.059835 0.025899 -0.075822
vn 0.044723 0.025904 -0.085608
vn 0.028000 0.025901 -0.092440
vn 0.010638 0.025899 -0.096000
vn -0.007348 0.025904 -0.096307
vn -0.025167 0.025901 -0.093251
vn -0.041783 0.025899 -0.087083
vn -0.057194 0.025904 -0.077832
vn -0.070706 0.025901 -0.065801
vn -0.081541 0.025899 -0.051772
vn -0.089715 0.025904 -0.035780
vn -0.094817 0.025901 -0.018410
vn -0.096585 0.025899 -0.000770
vn -0.095059 0.025904 0.017112
vn -0.090192 0.025901 0.034561
vn -0.082356 0.025899 0.050465
vn -0.071606 0.025904 0.064820
vn -0.058235 0.025902 0.077057
vn -0.043166 0.025898 0.086406
vn -0.026460 0.025904 0.092892
vn -0.008630 0.025902 0.096201
vn 0.009107 0.025898 0.096158
vn 0.026702 0.025904 0.092822
vn 0.043591 0.025902 0.086191
vn 0.058620 0.025898 0.076765
vn 0.071775 0.025903 0.064632
vn 0.082601 0.025902 0.050062
vn 0.090366 0.025898 0.034106
vn 0.095128 0.025903 0.016721
vn 0.096579 0.025902 -0.001238
vn 0.094723 0.025898 -0.018890
vn 0.089619 0.025903 -0.036019
vn 0.081290 0.025902 -0.052163
vn 0.070370 0.025898 -0.066162
vn 0.056983 0.025903 -0.077987
vn 0.041368 0.025903 -0.087280
vn 0.024688 0.025898 -0.093380
vn 0.007082 0.025903 -0.096327
vn -0.011090 0.025903 -0.095948
vn -0.028476 0.025898 -0.092295
vn -0.044966 0.025903 -0.085482
vn -0.060187 0.025903 -0.075542
vn -0.073010 0.025898 -0.063236
vn -0.083389 0.025902 -0.048737
vn -0.091046 0.025903 -0.032244
vn -0.095415 0.025898 -0.015011
vn -0.096547 0.025902 0.002775
vn -0.094316 0.025903 0.020823
vn -0.088900 0.025898 0.037764
vn -0.080452 0.025902 0.053447
vn -0.069006 0.025903 0.067581
vn -0.055440 0.025898 0.079093
vn -0.039979 0.025902 0.087925
vn -0.022788 0.025904 0.093860
vn -0.005176 0.025898 0.096449
vn 0.012607 0.025902 0.095761
vn 0.030335 0.025904 0.091699
vn 0.046656 0.025898 0.084572
vn 0.061374 0.025902 0.074581
vn 0.074266 0.025904 0.061754
vn 0.084347 0.025899 0.047062
vn 0.091544 0.025901 0.030801
vn 0.095695 0.025904 0.013097
vn 0.096476 0.025899 -0.004644
vn 0.093975 0.025901 -0.022312
vn 0.088128 0.025904 -0.039528
vn 0.079359 0.025899 -0.055059
vn 0.067929 0.025901 -0.068664
vn 0.053860 0.025904 -0.080175
vn 0.038191 0.025899 -0.088717
vn 0.021299 0.025901 -0.094210
vn 0.003273 0.025904 -0.096531
vn -0.014552 0.025899 -0.095486
vn -0.031786 0.025901 -0.091207
vn -0.048304 0.025904 -0.083640
vn -0.062884 0.025899 -0.073313
vn -0.075239 0.025901 -0.060566
vn -0.085247 0.025905 -0.045408
vn -0.092157 0.025899 -0.028920
vn -0.095892 0.025900 -0.011571
vn -0.096362 0.025905 0.006580
vn -0.093497 0.025899 0.024238
vn -0.087486 0.025900 0.040932
vn -0.078283 0.025905 0.056575
vn -0.066500 0.025899 0.070050
vn -0.052568 0.025900 0.081030
vn -0.036488 0.025905 0.089429
vn -0.019347 0.025899 0.094630
vn -0.001718 0.025900 0.096572
vn 0.016361 0.025905 0.095191
vn 0.033670 0.025899 0.090529
vn 0.049652 0.025900 0.082849
vn 0.064253 0.025905 0.072115
vn 0.076481 0.025900 0.058990
vn 0.085975 0.025900 0.044017
vn 0.092680 0.025905 0.027193
vn 0.096119 0.025900 0.009503
vn 0.096243 0.025900 -0.008154
vn 0.093030 0.025905 -0.025967
vn 0.086614 0.025900 -0.042747
vn 0.077344 0.025899 -0.057855
vn 0.065200 0.025905 -0.071260
vn 0.050864 0.025900 -0.082110
vn 0.035004 0.025899 -0.090022
vn 0.017619 0.025905 -0.094966
vn -0.000301 0.025900 -0.096587
vn -0.017944 0.025899 -0.094906
vn -0.035298 0.025905 -0.089905
vn -0.051375 0.025900 -0.081791
vn -0.065454 0.025899 -0.071028
vn -0.077523 0.025905 -0.057612
vn -0.086878 0.025900 -0.042206
vn -0.093127 0.025899 -0.025623
vn -0.096266 0.025905 -0.007868
vn -0.096051 0.025900 0.010170
vn -0.092576 0.025899 0.027548
vn -0.085849 0.025905 0.044260
vn -0.076113 0.025901 0.059464
vn -0.063967 0.025899 0.072370
vn -0.049428 0.025904 0.082981
vn -0.033108 0.025901 0.090736
vn -0.015971 0.025899 0.095258
vn 0.001966 0.025904 0.096567
vn 0.019931 0.025901 0.094509
vn 0.036865 0.025899 0.089276
vn 0.052765 0.025904 0.080900
vn 0.066929 0.025901 0.069640
vn 0.078529 0.025899 0.056236
vn 0.087580 0.025904 0.040727
vn 0.093643 0.025901 0.023666
vn 0.096392 0.025899 0.006151
vn 0.095882 0.025904 -0.011643
vn 0.091978 0.025901 -0.029480
vn 0.085040 0.025898 -0.045798
vn 0.075109 0.025904 -0.060726
vn 0.062439 0.025902 -0.073692
vn 0.047914 0.025898 -0.083866
vn 0.031598 0.025904 -0.091272
vn 0.013978 0.025902 -0.095570
vn -0.003735 0.025898 -0.096516
vn -0.021485 0.025904 -0.094167
vn -0.038719 0.025902 -0.088487
vn -0.054252 0.025898 -0.079913
vn -0.068060 0.025903 -0.068534
vn -0.079682 0.025902 -0.054588
vn -0.088325 0.025898 -0.039089
vn -0.094016 0.025903 -0.022137
vn -0.096498 0.025902 -0.004147
vn -0.095628 0.025898 0.013583
vn -0.091488 0.025903 0.030967
vn -0.084071 0.025902 0.047551
vn -0.073947 0.025898 0.062137
vn -0.061242 0.025903 0.074689
vn -0.046168 0.025903 0.084838
vn -0.029853 0.025898 0.091859
vn -0.012441 0.025903 0.095782
vn 0.005725 0.025903 0.096417
vn 0.023289 0.025898 0.093738
vn 0.040130 0.025903 0.087856
vn 0.055883 0.025903 0.078779
vn 0.069373 0.025898 0.067206
vn 0.080543 0.025902 0.053310
vn 0.089087 0.025904 0.037316
vn 0.000000 0.000000 -0.100000
vn 0.000000 0.000000 -0.100000
vn 0.000000 0.000000 -0.100000
vn 0.000000 0.000000 -0.100000
vn 0.000000 0.000000 -0.100000
vn 0.000000 0.000000 -0.100000
vn 0.000000 0.000000 -0.100000
vn 0.000000 0.000000 -0.100000
vn 0.000000 0.000000 -0.100000
vn 0.000000 0.000000 -0.100000
vn 0.000000 0.000000 -0.100000
vn 0.000000 0.000000 -0.100000
vn 0.000000 0.000000 -0.100000
vn 0.000000 0.000000 -0.100000
vn 0.000000 0.000000 -0.100000
vn 0.000000 0.000000 -0.100000
vn 0.000000 0.000000 -0.100000
vn 0.000000 0.000000 -0.100000
vn 0.000000 0.000000 -0.100000
vn 0.000000 0.000000 -0.100000
vn 0.000000 0.000000 -0.100000
vn 0.000000 0.000000 -0.100000
vn 0.000000 0.000000 -0.100000
vn 0.000000 0.000000 -0.100000
vn 0.000000 0.000000 0.100000
vn 0.000000 0.000000 0.100000
vn 0.000000 0.000000 0.100000
vn 0.000000 0.000000 0.100000
vn 0.000000 0.000000 0.100000
vn 0.000000 0.000000 0.100000
vn 0.000000 0.000000 0.100000
vn 0.000000 0.000000 0.100000
vn 0.000000 0.000000 0.100000
vn 0.000000 0.000000 0.100000
vn 0.000000 0.000000 0.100000
vn 0.000000 0.000000 0.100000
vn 0.000000 0.000000 0.100000
vn 0.000000 0.000000 0.100000
vn 0.000000 0.000000 0.100000
vn 0.000000 0.000000 0.100000
vn 0.000000 0.000000 0.100000
vn 0.000000 0.000000 0.100000
vn 0.000000 0.000000 0.100000
vn 0.000000 0.000000 0.100000
vn 0.000000 0.000000 0.100000
vn 0.000000 0.000000 0.100000
vn 0.000000 0.000000 0.100000
vn 0.000000 0.000000 0.100000
usemtl Steel_-_Satin
f 1/1/1 2/2/2 25/3/3
f 25/3/3 2/2/2 326/4/4
f 25/3/3 326/4/4 26/5/5
f 26/5/5 326/4/4 349/6/6
f 26/5/5 349/6/6 27/7/7
f 27/7/7 349/6/6 28/8/8
f 28/8/8 349/6/6 372/9/9
f 28/8/8 372/9/9 29/10/10
f 29/10/10 372/9/9 395/11/11
f 29/10/10 395/11/11 30/12/12
f 30/12/12 395/11/11 31/13/13
f 31/13/13 395/11/11 418/14/14
f 31/13/13 418/14/14 32/15/15
f 32/15/15 418/14/14 441/16/16
f 32/15/15 441/16/16 33/17/17
f 33/17/17 441/16/16 34/18/18
f 34/18/18 441/16/16 464/19/19
f 34/18/18 464/19/19 35/20/20
f 35/20/20 464/19/19 487/21/21
f 35/20/20 487/21/21 36/22/22
f 36/22/22 487/21/21 37/23/23
f 37/23/23 487/21/21 510/24/24
f 37/23/23 510/24/24 38/25/25
f 38/25/25 510/24/24 533/26/26
f 38/25/25 533/26/26 39/27/27
f 39/27/27 533/26/26 40/28/28
f 40/28/28 533/26/26 556/29/29
f 40/28/28 556/29/29 41/30/30
f 41/30/30 556/29/29 579/31/31
f 41/30/30 579/31/31 42/32/32
f 42/32/32 579/31/31 43/33/33
f 43/33/33 579/31/31 602/34/34
f 43/33/33 602/34/34 44/35/35
f 44/35/35 602/34/34 625/36/36
f 44/35/35 625/36/36 45/37/37
f 45/37/37 625/36/36 46/38/38
f 46/38/38 625/36/36 648/39/39
f 46/38/38 648/39/39 47/40/40
f 47/40/40 648/39/39 671/41/41
f 47/40/40 671/41/41 48/42/42
f 48/42/42 671/41/41 49/43/43
f 49/43/43 671/41/41 694/44/44
f 49/43/43 694/44/44 50/45/45
f 50/45/45 694/44/44 51/46/46
f 51/46/46 694/44/44 717/47/47
f 51/46/46 717/47/47 52/48/48
f 52/48/48 717/47/47 740/49/49
f 52/48/48 740/49/49 53/50/50
f 53/50/50 740/49/49 54/51/51
f 54/51/51 740/49/49 763/52/52
f 54/51/51 763/52/52 55/53/53
f 55/53/53 763/52/52 786/54/54
f 55/53/53 786/54/54 56/55/55
f 56/55/55 786/54/54 57/56/56
f 57/56/56 786/54/54 809/57/57
f 57/56/56 809/57/57 58/58/58
f 58/58/58 809/57/57 832/59/59
f 58/58/58 832/59/59 59/60/60
f 59/60/60 832/59/59 60/61/61
f 60/61/61 832/59/59 855/62/62
f 60/61/61 855/62/62 61/63/63
f 61/63/63 855/62/62 878/64/64
f 61/63/63 878/64/64 62/65/65
f 62/65/65 878/64/64 63/66/66
f 63/66/66 878/64/64 901/67/67
f 63/66/66 901/67/67 64/68/68
f 64/68/68 901/67/67 924/69/69
f 64/68/68 924/69/69 65/70/70
f 65/70/70 924/69/69 66/71/71
f 66/71/71 924/69/69 947/72/72
f 66/71/71 947/72/72 67/73/73
f 67/73/73 947/72/72 970/74/74
f 67/73/73 970/74/74 68/75/75
f 68/75/75 970/74/74 69/76/76
f 69/76/76 970/74/74 993/77/77
f 69/76/76 993/77/77 70/78/78
f 70/78/78 993/77/77 1016/79/79
f 70/78/78 1016/79/79 71/80/80
f 71/80/80 1016/79/79 72/81/81
f 72/81/81 1016/79/79 1039/82/82
f 72/81/81 1039/82/82 73/83/83
f 73/83/83 1039/82/82 1062/84/84
f 73/83/83 1062/84/84 74/85/85
f 74/85/85 1062/84/84 75/86/86
f 75/86/86 1062/84/84 1085/87/87
f 75/86/86 1085/87/87 76/88/88
f 76/88/88 1085/87/87 1108/89/89
f 76/88/88 1108/89/89 77/90/90
f 77/90/90 1108/89/89 78/91/91
f 78/91/91 1108/89/89 1131/92/92
f 78/91/91 1131/92/92 79/93/93
f 79/93/93 1131/92/92 1154/94/94
f 79/93/93 1154/94/94 80/95/95
f 80/95/95 1154/94/94 81/96/96
f 81/96/96 1154/94/94 1177/97/97
f 81/96/96 1177/97/97 82/98/98
f 82/98/98 1177/97/97 1200/99/99
f 82/98/98 1200/99/99 83/100/100
f 83/100/100 1200/99/99 84/101/101
f 84/101/101 1200/99/99 1223/102/102
f 84/101/101 1223/102/102 85/103/103
f 85/103/103 1223/102/102 1246/104/104
f 85/103/103 1246/104/104 86/105/105
f 86/105/105 1246/104/104 87/106/106
f 87/106/106 1246/104/104 1269/107/107
f 87/106/106 1269/107/107 88/108/108
f 88/108/108 1269/107/107 1292/109/109
f 88/108/108 1292/109/109 89/110/110
f 89/110/110 1292/109/109 90/111/111
f 90/111/111 1292/109/109 1315/112/112
f 90/111/111 1315/112/112 91/113/113
f 91/113/113 1315/112/112 1338/114/114
f 91/113/113 1338/114/114 92/115/115
f 92/115/115 1338/114/114 93/116/116
f 93/116/116 1338/114/114 1361/117/117
f 93/116/116 1361/117/117 94/118/118
f 94/118/118 1361/117/117 1384/119/119
f 94/118/118 1384/119/119 95/120/120
f 95/120/120 1384/119/119 96/121/121
f 96/121/121 1384/119/119 1407/122/122
f 96/121/121 1407/122/122 97/123/123
f 97/123/123 1407/122/122 1430/124/124
f 97/123/123 1430/124/124 98/125/125
f 98/125/125 1430/124/124 99/126/126
f 99/126/126 1430/124/124 1453/127/127
f 99/126/126 1453/127/127 100/128/128
f 100/128/128 1453/127/127 101/129/129
f 101/129/129 1453/127/127 1476/130/130
f 101/129/129 1476/130/130 102/131/131
f 102/131/131 1476/130/130 1499/132/132
f 102/131/131 1499/132/132 103/133/133
f 103/133/133 1499/132/132 104/134/134
f 104/134/134 1499/132/132 1522/135/135
f 104/134/134 1522/135/135 105/136/136
f 105/136/136 1522/135/135 1545/137/137
f 105/136/136 1545/137/137 106/138/138
f 106/138/138 1545/137/137 107/139/139
f 107/139/139 1545/137/137 1568/140/140
f 107/139/139 1568/140/140 108/141/141
f 108/141/141 1568/140/140 1591/142/142
f 108/141/141 1591/142/142 109/143/143
f 109/143/143 1591/142/142 110/144/144
f 110/144/144 1591/142/142 1614/145/145
f 110/144/144 1614/145/145 111/146/146
f 111/146/146 1614/145/145 1637/147/147
f 111/146/146 1637/147/147 112/148/148
f 112/148/148 1637/147/147 113/149/149
f 113/149/149 1637/147/147 1660/150/150
f 113/149/149 1660/150/150 114/151/151
f 114/151/151 1660/150/150 1683/152/152
f 114/151/151 1683/152/152 115/153/153
f 115/153/153 1683/152/152 116/154/154
f 116/154/154 1683/152/152 1706/155/155
f 116/154/154 1706/155/155 117/156/156
f 117/156/156 1706/155/155 1729/157/157
f 117/156/156 1729/157/157 118/158/158
f 118/158/158 1729/157/157 119/159/159
f 119/159/159 1729/157/157 1752/160/160
f 119/159/159 1752/160/160 120/161/161
f 120/161/161 1752/160/160 1775/162/162
f 120/161/161 1775/162/162 121/163/163
f 121/163/163 1775/162/162 122/164/164
f 122/164/164 1775/162/162 1798/165/165
f 122/164/164 1798/165/165 123/166/166
f 123/166/166 1798/165/165 1821/167/167
f 123/166/166 1821/167/167 124/168/168
f 124/168/168 1821/167/167 125/169/169
f 125/169/169 1821/167/167 1844/170/170
f 125/169/169 1844/170/170 126/171/171
f 126/171/171 1844/170/170 1867/172/172
f 126/171/171 1867/172/172 127/173/173
f 127/173/173 1867/172/172 128/174/174
f 128/174/174 1867/172/172 1890/175/175
f 128/174/174 1890/175/175 129/176/176
f 129/176/176 1890/175/175 1913/177/177
f 129/176/176 1913/177/177 130/178/178
f 130/178/178 1913/177/177 131/179/179
f 131/179/179 1913/177/177 1936/180/180
f 131/179/179 1936/180/180 132/181/181
f 132/181/181 1936/180/180 1959/182/182
f 132/181/181 1959/182/182 133/183/183
f 133/183/183 1959/182/182 134/184/184
f 134/184/184 1959/182/182 1982/185/185
f 134/184/184 1982/185/185 135/186/186
f 135/186/186 1982/185/185 2005/187/187
f 135/186/186 2005/187/187 136/188/188
f 136/188/188 2005/187/187 137/189/189
f 137/189/189 2005/187/187 2028/190/190
f 137/189/189 2028/190/190 138/191/191
f 138/191/191 2028/190/190 2051/192/192
f 138/191/191 2051/192/192 139/193/193
f 139/193/193 2051/192/192 140/194/194
f 140/194/194 2051/192/192 2074/195/195
f 140/194/194 2074/195/195 141/196/196
f 141/196/196 2074/195/195 2097/197/197
f 141/196/196 2097/197/197 142/198/198
f 142/198/198 2097/197/197 143/199/199
f 143/199/199 2097/197/197 2120/200/200
f 143/199/199 2120/200/200 144/201/201
f 144/201/201 2120/200/200 2143/202/202
f 144/201/201 2143/202/202 145/203/203
f 145/203/203 2143/202/202 146/204/204
f 146/204/204 2143/202/202 2166/205/205
f 146/204/204 2166/205/205 147/206/206
f 147/206/206 2166/205/205 2189/207/207
f 147/206/206 2189/207/207 148/208/208
f 148/208/208 2189/207/207 149/209/209
f 149/209/209 2189/207/207 2212/210/210
f 149/209/209 2212/210/210 150/211/211
f 150/211/211 2212/210/210 2235/212/212
f 150/211/211 2235/212/212 151/213/213
f 151/213/213 2235/212/212 152/214/214
f 152/214/214 2235/212/212 2258/215/215
f 152/214/214 2258/215/215 153/216/216
f 153/216/216 2258/215/215 154/217/217
f 154/217/217 2258/215/215 2281/218/218
f 154/217/217 2281/218/218 155/219/219
f 155/219/219 2281/218/218 2304/220/220
f 155/219/219 2304/220/220 156/221/221
f 156/221/221 2304/220/220 157/222/222
f 157/222/222 2304/220/220 2327/223/223
f 157/222/222 2327/223/223 158/224/224
f 158/224/224 2327/223/223 2350/225/225
f 158/224/224 2350/225/225 159/226/226
f 159/226/226 2350/225/225 160/227/227
f 160/227/227 2350/225/225 2373/228/228
f 160/227/227 2373/228/228 161/229/229
f 161/229/229 2373/228/228 2396/230/230
f 161/229/229 2396/230/230 162/231/231
f 162/231/231 2396/230/230 163/232/232
f 163/232/232 2396/230/230 2419/233/233
f 163/232/232 2419/233/233 164/234/234
f 164/234/234 2419/233/233 2442/235/235
f 164/234/234 2442/235/235 165/236/236
f 165/236/236 2442/235/235 166/237/237
f 166/237/237 2442/235/235 2465/238/238
f 166/237/237 2465/238/238 167/239/239
f 167/239/239 2465/238/238 2488/240/240
f 167/239/239 2488/240/240 168/241/241
f 168/241/241 2488/240/240 169/242/242
f 169/242/242 2488/240/240 2511/243/243
f 169/242/242 2511/243/243 170/244/244
f 170/244/244 2511/243/243 2534/245/245
f 170/244/244 2534/245/245 171/246/246
f 171/246/246 2534/245/245 172/247/247
f 172/247/247 2534/245/245 2557/248/248
f 172/247/247 2557/248/248 173/249/249
f 173/249/249 2557/248/248 2580/250/250
f 173/249/249 2580/250/250 174/251/251
f 174/251/251 2580/250/250 175/252/252
f 175/252/252 2580/250/250 2603/253/253
f 175/252/252 2603/253/253 176/254/254
f 176/254/254 2603/253/253 2626/255/255
f 176/254/254 2626/255/255 177/256/256
f 177/256/256 2626/255/255 178/257/257
f 178/257/257 2626/255/255 2649/258/258
f 178/257/257 2649/258/258 179/259/259
f 179/259/259 2649/258/258 2672/260/260
f 179/259/259 2672/260/260 180/261/261
f 180/261/261 2672/260/260 181/262/262
f 181/262/262 2672/260/260 2695/263/263
f 181/262/262 2695/263/263 182/264/264
f 182/264/264 2695/263/263 2718/265/265
f 182/264/264 2718/265/265 183/266/266
f 183/266/266 2718/265/265 184/267/267
f 184/267/267 2718/265/265 2741/268/268
f 184/267/267 2741/268/268 185/269/269
f 185/269/269 2741/268/268 2764/270/270
f 185/269/269 2764/270/270 186/271/271
f 186/271/271 2764/270/270 187/272/272
f 187/272/272 2764/270/270 2787/273/273
f 187/272/272 2787/273/273 188/274/274
f 188/274/274 2787/273/273 2810/275/275
f 188/274/274 2810/275/275 189/276/276
f 189/276/276 2810/275/275 190/277/277
f 190/277/277 2810/275/275 2833/278/278
f 190/277/277 2833/278/278 191/279/279
f 191/279/279 2833/278/278 2856/280/280
f 191/279/279 2856/280/280 192/281/281
f 192/281/281 2856/280/280 193/282/282
f 193/282/282 2856/280/280 2879/283/283
f 193/282/282 2879/283/283 194/284/284
f 194/284/284 2879/283/283 2902/285/285
f 194/284/284 2902/285/285 195/286/286
f 195/286/286 2902/285/285 196/287/287
f 196/287/287 2902/285/285 2925/288/288
f 196/287/287 2925/288/288 197/289/289
f 197/289/289 2925/288/288 2948/290/290
f 197/289/289 2948/290/290 198/291/291
f 198/291/291 2948/290/290 199/292/292
f 199/292/292 2948/290/290 2971/293/293
f 199/292/292 2971/293/293 200/294/294
f 200/294/294 2971/293/293 2994/295/295
f 200/294/294 2994/295/295 201/296/296
f 201/296/296 2994/295/295 202/297/297
f 202/297/297 2994/295/295 3017/298/298
f 202/297/297 3017/298/298 203/299/299
f 203/299/299 3017/298/298 204/300/300
f 204/300/300 3017/298/298 3040/301/301
f 204/300/300 3040/301/301 205/302/302
f 205/302/302 3040/301/301 3063/303/303
f 205/302/302 3063/303/303 206/304/304
f 206/304/304 3063/303/303 207/305/305
f 207/305/305 3063/303/303 3086/306/306
f 207/305/305 3086/306/306 208/307/307
f 208/307/307 3086/306/306 3109/308/308
f 208/307/307 3109/308/308 209/309/309
f 209/309/309 3109/308/308 210/310/310
f 210/310/310 3109/308/308 3132/311/311
f 210/310/310 3132/311/311 211/312/312
f 211/312/312 3132/311/311 3155/313/313
f 211/312/312 3155/313/313 212/314/314
f 212/314/314 3155/313/313 213/315/315
f 213/315/315 3155/313/313 3178/316/316
f 213/315/315 3178/316/316 214/317/317
f 214/317/317 3178/316/316 3201/318/318
f 214/317/317 3201/318/318 215/319/319
f 215/319/319 3201/318/318 216/320/320
f 216/320/320 3201/318/318 3224/321/321
f 216/320/320 3224/321/321 217/322/322
f 217/322/322 3224/321/321 3247/323/323
f 217/322/322 3247/323/323 218/324/324
f 218/324/324 3247/323/323 219/325/325
f 219/325/325 3247/323/323 3270/326/326
f 219/325/325 3270/326/326 220/327/327
f 220/327/327 3270/326/326 3293/328/328
f 220/327/327 3293/328/328 221/329/329
f 221/329/329 3293/328/328 222/330/330
f 222/330/330 3293/328/328 3316/331/331
f 222/330/330 3316/331/331 223/332/332
f 223/332/332 3316/331/331 3339/333/333
f 223/332/332 3339/333/333 224/334/334
f 224/334/334 3339/333/333 225/335/335
f 225/335/335 3339/333/333 3362/336/336
f 225/335/335 3362/336/336 226/337/337
f 226/337/337 3362/336/336 3385/338/338
f 226/337/337 3385/338/338 227/339/339
f 227/339/339 3385/338/338 228/340/340
f 228/340/340 3385/338/338 3408/341/341
f 228/340/340 3408/341/341 229/342/342
f 229/342/342 3408/341/341 3431/343/343
f 229/342/342 3431/343/343 230/344/344
f 230/344/344 3431/343/343 231/345/345
f 231/345/345 3431/343/343 3454/346/346
f 231/345/345 3454/346/346 232/347/347
f 232/347/347 3454/346/346 3477/348/348
f 232/347/347 3477/348/348 233/349/349
f 233/349/349 3477/348/348 234/350/350
f 234/350/350 3477/348/348 3500/351/351
f 234/350/350 3500/351/351 235/352/352
f 235/352/352 3500/351/351 3523/353/353
f 235/352/352 3523/353/353 236/354/354
f 236/354/354 3523/353/353 237/355/355
f 237/355/355 3523/353/353 3546/356/356
f 237/355/355 3546/356/356 238/357/357
f 238/357/357 3546/356/356 3569/358/358
f 238/357/357 3569/358/358 239/359/359
f 239/359/359 3569/358/358 240/360/360
f 240/360/360 3569/358/358 3592/361/361
f 240/360/360 3592/361/361 241/362/362
f 241/362/362 3592/361/361 3615/363/363
f 241/362/362 3615/363/363 242/364/364
f 242/364/364 3615/363/363 243/365/365
f 243/365/365 3615/363/363 3638/366/366
f 243/365/365 3638/366/366 244/367/367
f 244/367/367 3638/366/366 3661/368/368
f 244/367/367 3661/368/368 245/369/369
f 245/369/369 3661/368/368 246/370/370
f 246/370/370 3661/368/368 3684/371/371
f 246/370/370 3684/371/371 247/372/372
f 247/372/372 3684/371/371 3707/373/373
f 247/372/372 3707/373/373 248/374/374
f 248/374/374 3707/373/373 249/375/375
f 249/375/375 3707/373/373 3730/376/376
f 249/375/375 3730/376/376 250/377/377
f 250/377/377 3730/376/376 3753/378/378
f 250/377/377 3753/378/378 251/379/379
f 251/379/379 3753/378/378 252/380/380
f 252/380/380 3753/378/378 3776/381/381
f 252/380/380 3776/381/381 253/382/382
f 253/382/382 3776/381/381 3799/383/383
f 253/382/382 3799/383/383 254/384/384
f 254/384/384 3799/383/383 255/385/385
f 255/385/385 3799/383/383 3822/386/386
f 255/385/385 3822/386/386 256/387/387
f 256/387/387 3822/386/386 257/388/388
f 257/388/388 3822/386/386 3845/389/389
f 257/388/388 3845/389/389 258/390/390
f 258/390/390 3845/389/389 3868/391/391
f 258/390/390 3868/391/391 259/392/392
f 259/392/392 3868/391/391 260/393/393
f 260/393/393 3868/391/391 3891/394/394
f 260/393/393 3891/394/394 261/395/395
f 261/395/395 3891/394/394 3914/396/396
f 261/395/395 3914/396/396 262/397/397
f 262/397/397 3914/396/396 263/398/398
f 263/398/398 3914/396/396 3937/399/399
f 263/398/398 3937/399/399 264/400/400
f 264/400/400 3937/399/399 3960/401/401
f 264/400/400 3960/401/401 265/402/402
f 265/402/402 3960/401/401 266/403/403
f 266/403/403 3960/401/401 3983/404/404
f 266/403/403 3983/404/404 267/405/405
f 267/405/405 3983/404/404 4006/406/406
f 267/405/405 4006/406/406 268/407/407
f 268/407/407 4006/406/406 269/408/408
f 269/408/408 4006/406/406 4029/409/409
f 269/408/408 4029/409/409 270/410/410
f 270/410/410 4029/409/409 4052/411/411
f 270/410/410 4052/411/411 271/412/412
f 271/412/412 4052/411/411 272/413/413
f 272/413/413 4052/411/411 4075/414/414
f 272/413/413 4075/414/414 273/415/415
f 273/415/415 4075/414/414 4098/416/416
f 273/415/415 4098/416/416 274/417/417
f 274/417/417 4098/416/416 275/418/418
f 275/418/418 4098/416/416 4121/419/419
f 275/418/418 4121/419/419 276/420/420
f 276/420/420 4121/419/419 4144/421/421
f 276/420/420 4144/421/421 277/422/422
f 277/422/422 4144/421/421 278/423/423
f 278/423/423 4144/421/421 4167/424/424
f 278/423/423 4167/424/424 279/425/425
f 279/425/425 4167/424/424 303/426/426
f 279/425/425 303/426/426 280/427/427
f 2/2/2 3/428/428 326/4/4
f 326/4/4 3/428/428 325/429/429
f 326/4/4 325/429/429 349/6/6
f 349/6/6 325/429/429 348/430/430
f 349/6/6 348/430/430 372/9/9
f 372/9/9 348/430/430 371/431/431
f 372/9/9 371/431/431 395/11/11
f 395/11/11 371/431/431 394/432/432
f 395/11/11 394/432/432 418/14/14
f 418/14/14 394/432/432 417/433/433
f 418/14/14 417/433/433 441/16/16
f 441/16/16 417/433/433 440/434/434
f 441/16/16 440/434/434 464/19/19
f 464/19/19 440/434/434 463/435/435
f 464/19/19 463/435/435 487/21/21
f 487/21/21 463/435/435 486/436/436
f 487/21/21 486/436/436 510/24/24
f 510/24/24 486/436/436 509/437/437
f 510/24/24 509/437/437 533/26/26
f 533/26/26 509/437/437 532/438/438
f 533/26/26 532/438/438 556/29/29
f 556/29/29 532/438/438 555/439/439
f 556/29/29 555/439/439 579/31/31
f 579/31/31 555/439/439 578/440/440
f 579/31/31 578/440/440 602/34/34
f 602/34/34 578/440/440 601/441/441
f 602/34/34 601/441/441 625/36/36
f 625/36/36 601/441/441 624/442/442
f 625/36/36 624/442/442 648/39/39
f 648/39/39 624/442/442 647/443/443
f 648/39/39 647/443/443 671/41/41
f 671/41/41 647/443/443 670/444/444
f 671/41/41 670/444/444 694/44/44
f 694/44/44 670/444/444 693/445/445
f 694/44/44 693/445/445 717/47/47
f 717/47/47 693/445/445 716/446/446
f 717/47/47 716/446/446 740/49/49
f 740/49/49 716/446/446 739/447/447
f 740/49/49 739/447/447 763/52/52
f 763/52/52 739/447/447 762/448/448
f 763/52/52 762/448/448 786/54/54
f 786/54/54 762/448/448 785/449/449
f 786/54/54 785/449/449 809/57/57
f 809/57/57 785/449/449 808/450/450
f 809/57/57 808/450/450 832/59/59
f 832/59/59 808/450/450 831/451/451
f 832/59/59 831/451/451 855/62/62
f 855/62/62 831/451/451 854/452/452
f 855/62/62 854/452/452 878/64/64
f 878/64/64 854/452/452 877/453/453
f 878/64/64 877/453/453 901/67/67
f 901/67/67 877/453/453 900/454/454
f 901/67/67 900/454/454 924/69/69
f 924/69/69 900/454/454 923/455/455
f 924/69/69 923/455/455 947/72/72
f 947/72/72 923/455/455 946/456/456
f 947/72/72 946/456/456 970/74/74
f 970/74/74 946/456/456 969/457/457
f 970/74/74 969/457/457 993/77/77
f 993/77/77 969/457/457 992/458/458
f 993/77/77 992/458/458 1016/79/79
f 1016/79/79 992/458/458 1015/459/459
f 1016/79/79 1015/459/459 1039/82/82
f 1039/82/82 1015/459/459 1038/460/460
f 1039/82/82 1038/460/460 1062/84/84
f 1062/84/84 1038/460/460 1061/461/461
f 1062/84/84 1061/461/461 1085/87/87
f 1085/87/87 1061/461/461 1084/462/462
f 1085/87/87 1084/462/462 1108/89/89
f 1108/89/89 1084/462/462 1107/463/463
f 1108/89/89 1107/463/463 1131/92/92
f 1131/92/92 1107/463/463 1130/464/464
f 1131/92/92 1130/464/464 1154/94/94
f 1154/94/94 1130/464/464 1153/465/465
f 1154/94/94 1153/465/465 1177/97/97
f 1177/97/97 1153/465/465 1176/466/466
f 1177/97/97 1176/466/466 1200/99/99
f 1200/99/99 1176/466/466 1199/467/467
f 1200/99/99 1199/467/467 1223/102/102
f 1223/102/102 1199/467/467 1222/468/468
f 1223/102/102 1222/468/468 1246/104/104
f 1246/104/104 1222/468/468 1245/469/469
f 1246/104/104 1245/469/469 1269/107/107
f 1269/107/107 1245/469/469 1268/470/470
f 1269/107/107 1268/470/470 1292/109/109
f 1292/109/109 1268/470/470 1291/471/471
f 1292/109/109 1291/471/471 1315/112/112
f 1315/112/112 1291/471/471 1314/472/472
f 1315/112/112 1314/472/472 1338/114/114
f 1338/114/114 1314/472/472 1337/473/473
f 1338/114/114 1337/473/473 1361/117/117
f 1361/117/117 1337/473/473 1360/474/474
f 1361/117/117 1360/474/474 1384/119/119
f 1384/119/119 1360/474/474 1383/475/475
f 1384/119/119 1383/475/475 1407/122/122
f 1407/122/122 1383/475/475 1406/476/476
f 1407/122/122 1406/476/476 1430/124/124
f 1430/124/124 1406/476/476 1429/477/477
f 1430/124/124 1429/477/477 1453/127/127
f 1453/127/127 1429/477/477 1452/478/478
f 1453/127/127 1452/478/478 1476/130/130
f 1476/130/130 1452/478/478 1475/479/479
f 1476/130/130 1475/479/479 1499/132/132
f 1499/132/132 1475/479/479 1498/480/480
f 1499/132/132 1498/480/480 1522/135/135
f 1522/135/135 1498/480/480 1521/481/481
f 1522/135/135 1521/481/481 1545/137/137
f 1545/137/137 1521/481/481 1544/482/482
f 1545/137/137 1544/482/482 1568/140/140
f 1568/140/140 1544/482/482 1567/483/483
f 1568/140/140 1567/483/483 1591/142/142
f 1591/142/142 1567/483/483 1590/484/484
f 1591/142/142 1590/484/484 1614/145/145
f 1614/145/145 1590/484/484 1613/485/485
f 1614/145/145 1613/485/485 1637/147/147
f 1637/147/147 1613/485/485 1636/486/486
f 1637/147/147 1636/486/486 1660/150/150
f 1660/150/150 1636/486/486 1659/487/487
f 1660/150/150 1659/487/487 1683/152/152
f 1683/152/152 1659/487/487 1682/488/488
f 1683/152/152 1682/488/488 1706/155/155
f 1706/155/155 1682/488/488 1705/489/489
f 1706/155/155 1705/489/489 1729/157/157
f 1729/157/157 1705/489/489 1728/490/490
f 1729/157/157 1728/490/490 1752/160/160
f 1752/160/160 1728/490/490 1751/491/491
f 1752/160/160 1751/491/491 1775/162/162
f 1775/162/162 1751/491/491 1774/492/492
f 1775/162/162 1774/492/492 1798/165/165
f 1798/165/165 1774/492/492 1797/493/493
f 1798/165/165 1797/493/493 1821/167/167
f 1821/167/167 1797/493/493 1820/494/494
f 1821/167/167 1820/494/494 1844/170/170
f 1844/170/170 1820/494/494 1843/495/495
f 1844/170/170 1843/495/495 1867/172/172
f 1867/172/172 1843/495/495 1866/496/496
f 1867/172/172 1866/496/496 1890/175/175
f 1890/175/175 1866/496/496 1889/497/497
f 1890/175/175 1889/497/497 1913/177/177
f 1913/177/177 1889/497/497 1912/498/498
f 1913/177/177 1912/498/498 1936/180/180
f 1936/180/180 1912/498/498 1935/499/499
f 1936/180/180 1935/499/499 1959/182/182
f 1959/182/182 1935/499/499 1958/500/500
f 1959/182/182 1958/500/500 1982/185/185
f 1982/185/185 1958/500/500 1981/501/501
f 1982/185/185 1981/501/501 2005/187/187
f 2005/187/187 1981/501/501 2004/502/502
f 2005/187/187 2004/502/502 2028/190/190
f 2028/190/190 2004/502/502 2027/503/503
f 2028/190/190 2027/503/503 2051/192/192
f 2051/192/192 2027/503/503 2050/504/504
f 2051/192/192 2050/504/504 2074/195/195
f 2074/195/195 2050/504/504 2073/505/505
f 2074/195/195 2073/505/505 2097/197/197
f 2097/197/197 2073/505/505 2096/506/506
f 2097/197/197 2096/506/506 2120/200/200
f 2120/200/200 2096/506/506 2119/507/507
f 2120/200/200 2119/507/507 2143/202/202
f 2143/202/202 2119/507/507 2142/508/508
f 2143/202/202 2142/508/508 2166/205/205
f 2166/205/205 2142/508/508 2165/509/509
f 2166/205/205 2165/509/509 2189/207/207
f 2189/207/207 2165/509/509 2188/510/510
f 2189/207/207 2188/510/510 2212/210/210
f 2212/210/210 2188/510/510 2211/511/511
f 2212/210/210 2211/511/511 2235/212/212
f 2235/212/212 2211/511/511 2234/512/512
f 2235/212/212 2234/512/512 2258/215/215
f 2258/215/215 2234/512/512 2257/513/513
f 2258/215/215 2257/513/513 2281/218/218
f 2281/218/218 2257/513/513 2280/514/514
f 2281/218/218 2280/514/514 2304/220/220
f 2304/220/220 2280/514/514 2303/515/515
f 2304/220/220 2303/515/515 2327/223/223
f 2327/223/223 2303/515/515 2326/516/516
f 2327/223/223 2326/516/516 2350/225/225
f 2350/225/225 2326/516/516 2349/517/517
f 2350/225/225 2349/517/517 2373/228/228
f 2373/228/228 2349/517/517 2372/518/518
f 2373/228/228 2372/518/518 2396/230/230
f 2396/230/230 2372/518/518 2395/519/519
f 2396/230/230 2395/519/519 2419/233/233
f 2419/233/233 2395/519/519 2418/520/520
f 2419/233/233 2418/520/520 2442/235/235
f 2442/235/235 2418/520/520 2441/521/521
f 2442/235/235 2441/521/521 2465/238/238
f 2465/238/238 2441/521/521 2464/522/522
f 2465/238/238 2464/522/522 2488/240/240
f 2488/240/240 2464/522/522 2487/523/523
f 2488/240/240 2487/523/523 2511/243/243
f 2511/243/243 2487/523/523 2510/524/524
f 2511/243/243 2510/524/524 2534/245/245
f 2534/245/245 2510/524/524 2533/525/525
f 2534/245/245 2533/525/525 2557/248/248
f 2557/248/248 2533/525/525 2556/526/526
f 2557/248/248 2556/526/526 2580/250/250
f 2580/250/250 2556/526/526 2579/527/527
f 2580/250/250 2579/527/527 2603/253/253
f 2603/253/253 2579/527/527 2602/528/528
f 2603/253/253 2602/528/528 2626/255/255
f 2626/255/255 2602/528/528 2625/529/529
f 2626/255/255 2625/529/529 2649/258/258
f 2649/258/258 2625/529/529 2648/530/530
f 2649/258/258 2648/530/530 2672/260/260
f 2672/260/260 2648/530/530 2671/531/531
f 2672/260/260 2671/531/531 2695/263/263
f 2695/263/263 2671/531/531 2694/532/532
f 2695/263/263 2694/532/532 2718/265/265
f 2718/265/265 2694/532/532 2717/533/533
f 2718/265/265 2717/533/533 2741/268/268
f 2741/268/268 2717/533/533 2740/534/534
f 2741/268/268 2740/534/534 2764/270/270
f 2764/270/270 2740/534/534 2763/535/535
f 2764/270/270 2763/535/535 2787/273/273
f 2787/273/273 2763/535/535 2786/536/536
f 2787/273/273 2786/536/536 2810/275/275
f 2810/275/275 2786/536/536 2809/537/537
f 2810/275/275 2809/537/537 2833/278/278
f 2833/278/278 2809/537/537 2832/538/538
f 2833/278/278 2832/538/538 2856/280/280
f 2856/280/280 2832/538/538 2855/539/539
f 2856/280/280 2855/539/539 2879/283/283
f 2879/283/283 2855/539/539 2878/540/540
f 2879/283/283 2878/540/540 2902/285/285
f 2902/285/285 2878/540/540 2901/541/541
f 2902/285/285 2901/541/541 2925/288/288
f 2925/288/288 2901/541/541 2924/542/542
f 2925/288/288 2924/542/542 2948/290/290
f 2948/290/290 2924/542/542 2947/543/543
f 2948/290/290 2947/543/543 2971/293/293
f 2971/293/293 2947/543/543 2970/544/544
f 2971/293/293 2970/544/544 2994/295/295
f 2994/295/295 2970/544/544 2993/545/545
f 2994/295/295 2993/545/545 3017/298/298
f 3017/298/298 2993/545/545 3016/546/546
f 3017/298/298 3016/546/546 3040/301/301
f 3040/301/301 3016/546/546 3039/547/547
f 3040/301/301 3039/547/547 3063/303/303
f 3063/303/303 3039/547/547 3062/548/548
f 3063/303/303 3062/548/548 3086/306/306
f 3086/306/306 3062/548/548 3085/549/549
f 3086/306/306 3085/549/549 3109/308/308
f 3109/308/308 3085/549/549 3108/550/550
f 3109/308/308 3108/550/550 3132/311/311
f 3132/311/311 3108/550/550 3131/551/551
f 3132/311/311 3131/551/551 3155/313/313
f 3155/313/313 3131/551/551 3154/552/552
f 3155/313/313 3154/552/552 3178/316/316
f 3178/316/316 3154/552/552 3177/553/553
f 3178/316/316 3177/553/553 3201/318/318
f 3201/318/318 3177/553/553 3200/554/554
f 3201/318/318 3200/554/554 3224/321/321
f 3224/321/321 3200/554/554 3223/555/555
f 3224/321/321 3223/555/555 3247/323/323
f 3247/323/323 3223/555/555 3246/556/556
f 3247/323/323 3246/556/556 3270/326/326
f 3270/326/326 3246/556/556 3269/557/557
f 3270/326/326 3269/557/557 3293/328/328
f 3293/328/328 3269/557/557 3292/558/558
f 3293/328/328 3292/558/558 3316/331/331
f 3316/331/331 3292/558/558 3315/559/559
f 3316/331/331 3315/559/559 3339/333/333
f 3339/333/333 3315/559/559 3338/560/560
f 3339/333/333 3338/560/560 3362/336/336
f 3362/336/336 3338/560/560 3361/561/561
f 3362/336/336 3361/561/561 3385/338/338
f 3385/338/338 3361/561/561 3384/562/562
f 3385/338/338 3384/562/562 3408/341/341
f 3408/341/341 3384/562/562 3407/563/563
f 3408/341/341 3407/563/563 3431/343/343
f 3431/343/343 3407/563/563 3430/564/564
f 3431/343/343 3430/564/564 3454/346/346
f 3454/346/346 3430/564/564 3453/565/565
f 3454/346/346 3453/565/565 3477/348/348
f 3477/348/348 3453/565/565 3476/566/566
f 3477/348/348 3476/566/566 3500/351/351
f 3500/351/351 3476/566/566 3499/567/567
f 3500/351/351 3499/567/567 3523/353/353
f 3523/353/353 3499/567/567 3522/568/568
f 3523/353/353 3522/568/568 3546/356/356
f 3546/356/356 3522/568/568 3545/569/569
f 3546/356/356 3545/569/569 3569/358/358
f 3569/358/358 3545/569/569 3568/570/570
f 3569/358/358 3568/570/570 3592/361/361
f 3592/361/361 3568/570/570 3591/571/571
f 3592/361/361 3591/571/571 3615/363/363
f 3615/363/363 3591/571/571 3614/572/572
f 3615/363/363 3614/572/572 3638/366/366
f 3638/366/366 3614/572/572 3637/573/573
f 3638/366/366 3637/573/573 3661/368/368
f 3661/368/368 3637/573/573 3660/574/574
f 3661/368/368 3660/574/574 3684/371/371
f 3684/371/371 3660/574/574 3683/575/575
f 3684/371/371 3683/575/575 3707/373/373
f 3707/373/373 3683/575/575 3706/576/576
f 3707/373/373 3706/576/576 3730/376/376
f 3730/376/376 3706/576/576 3729/577/577
f 3730/376/376 3729/577/577 3753/378/378
f 3753/378/378 3729/577/577 3752/578/578
f 3753/378/378 3752/578/578 3776/381/381
f 3776/381/381 3752/578/578 3775/579/579
f 3776/381/381 3775/579/579 3799/383/383
f 3799/383/383 3775/579/579 3798/580/580
f 3799/383/383 3798/580/580 3822/386/386
f 3822/386/386 3798/580/580 3821/581/581
f 3822/386/386 3821/581/581 3845/389/389
f 3845/389/389 3821/581/581 3844/582/582
f 3845/389/389 3844/582/582 3868/391/391
f 3868/391/391 3844/582/582 3867/583/583
f 3868/391/391 3867/583/583 3891/394/394
f 3891/394/394 3867/583/583 3890/584/584
f 3891/394/394 3890/584/584 3914/396/396
f 3914/396/396 3890/584/584 3913/585/585
f 3914/396/396 3913/585/585 3937/399/399
f 3937/399/399 3913/585/585 3936/586/586
f 3937/399/399 3936/586/586 3960/401/401
f 3960/401/401 3936/586/586 3959/587/587
f 3960/401/401 3959/587/587 3983/404/404
f 3983/404/404 3959/587/587 3982/588/588
f 3983/404/404 3982/588/588 4006/406/406
f 4006/406/406 3982/588/588 4005/589/589
f 4006/406/406 4005/589/589 4029/409/409
f 4029/409/409 4005/589/589 4028/590/590
f 4029/409/409 4028/590/590 4052/411/411
f 4052/411/411 4028/590/590 4051/591/591
f 4052/411/411 4051/591/591 4075/414/414
f 4075/414/414 4051/591/591 4074/592/592
f 4075/414/414 4074/592/592 4098/416/416
f 4098/416/416 4074/592/592 4097/593/593
f 4098/416/416 4097/593/593 4121/419/419
f 4121/419/419 4097/593/593 4120/594/594
f 4121/419/419 4120/594/594 4144/421/421
f 4144/421/421 4120/594/594 4143/595/595
f 4144/421/421 4143/595/595 4167/424/424
f 4167/424/424 4143/595/595 4166/596/596
f 4167/424/424 4166/596/596 303/426/426
f 303/426/426 4166/596/596 302/597/597
f 302/597/597 4166/596/596 4165/598/598
f 302/597/597 4165/598/598 301/599/599
f 301/599/599 4165/598/598 4164/600/600
f 301/599/599 4164/600/600 300/601/601
f 300/601/601 4164/600/600 4163/602/602
f 300/601/601 4163/602/602 299/603/603
f 299/603/603 4163/602/602 4162/604/604
f 299/603/603 4162/604/604 298/605/605
f 298/605/605 4162/604/604 4161/606/606
f 298/605/605 4161/606/606 297/607/607
f 297/607/607 4161/606/606 4160/608/608
f 297/607/607 4160/608/608 296/609/609
f 296/609/609 4160/608/608 4159/610/610
f 296/609/609 4159/610/610 295/611/611
f 295/611/611 4159/610/610 4158/612/612
f 295/611/611 4158/612/612 294/613/613
f 294/613/613 4158/612/612 4157/614/614
f 294/613/613 4157/614/614 293/615/615
f 293/615/615 4157/614/614 4156/616/616
f 293/615/615 4156/616/616 292/617/617
f 292/617/617 4156/616/616 4155/618/618
f 292/617/617 4155/618/618 291/619/619
f 291/619/619 4155/618/618 4154/620/620
f 291/619/619 4154/620/620 290/621/621
f 290/621/621 4154/620/620 4153/622/622
f 290/621/621 4153/622/622 289/623/623
f 289/623/623 4153/622/622 4152/624/624
f 289/623/623 4152/624/624 288/625/625
f 288/625/625 4152/624/624 4151/626/626
f 288/625/625 4151/626/626 287/627/627
f 287/627/627 4151/626/626 4150/628/628
f 287/627/627 4150/628/628 286/629/629
f 286/629/629 4150/628/628 4149/630/630
f 286/629/629 4149/630/630 285/631/631
f 285/631/631 4149/630/630 4148/632/632
f 285/631/631 4148/632/632 284/633/633
f 284/633/633 4148/632/632 4147/634/634
f 284/633/633 4147/634/634 283/635/635
f 283/635/635 4147/634/634 4146/636/636
f 283/635/635 4146/636/636 282/637/637
f 282/637/637 4146/636/636 4145/638/638
f 282/637/637 4145/638/638 281/639/639
f 281/639/639 4145/638/638 279/640/425
f 281/639/639 279/640/425 280/641/427
f 3/428/428 4/642/640 325/429/429
f 325/429/429 4/642/640 324/643/641
f 325/429/429 324/643/641 348/430/430
f 348/430/430 324/643/641 347/644/642
f 348/430/430 347/644/642 371/431/431
f 371/431/431 347/644/642 370/645/643
f 371/431/431 370/645/643 394/432/432
f 394/432/432 370/645/643 393/646/644
f 394/432/432 393/646/644 417/433/433
f 417/433/433 393/646/644 416/647/645
f 417/433/433 416/647/645 440/434/434
f 440/434/434 416/647/645 439/648/646
f 440/434/434 439/648/646 463/435/435
f 463/435/435 439/648/646 462/649/647
f 463/435/435 462/649/647 486/436/436
f 486/436/436 462/649/647 485/650/648
f 486/436/436 485/650/648 509/437/437
f 509/437/437 485/650/648 508/651/649
f 509/437/437 508/651/649 532/438/438
f 532/438/438 508/651/649 531/652/650
f 532/438/438 531/652/650 555/439/439
f 555/439/439 531/652/650 554/653/651
f 555/439/439 554/653/651 578/440/440
f 578/440/440 554/653/651 577/654/652
f 578/440/440 577/654/652 601/441/441
f 601/441/441 577/654/652 600/655/653
f 601/441/441 600/655/653 624/442/442
f 624/442/442 600/655/653 623/656/654
f 624/442/442 623/656/654 647/443/443
f 647/443/443 623/656/654 646/657/655
f 647/443/443 646/657/655 670/444/444
f 670/444/444 646/657/655 669/658/656
f 670/444/444 669/658/656 693/445/445
f 693/445/445 669/658/656 692/659/657
f 693/445/445 692/659/657 716/446/446
f 716/446/446 692/659/657 715/660/658
f 716/446/446 715/660/658 739/447/447
f 739/447/447 715/660/658 738/661/659
f 739/447/447 738/661/659 762/448/448
f 762/448/448 738/661/659 761/662/660
f 762/448/448 761/662/660 785/449/449
f 785/449/449 761/662/660 784/663/661
f 785/449/449 784/663/661 808/450/450
f 808/450/450 784/663/661 807/664/662
f 808/450/450 807/664/662 831/451/451
f 831/451/451 807/664/662 830/665/663
f 831/451/451 830/665/663 854/452/452
f 854/452/452 830/665/663 853/666/664
f 854/452/452 853/666/664 877/453/453
f 877/453/453 853/666/664 876/667/665
f 877/453/453 876/667/665 900/454/454
f 900/454/454 876/667/665 899/668/666
f 900/454/454 899/668/666 923/455/455
f 923/455/455 899/668/666 922/669/667
f 923/455/455 922/669/667 946/456/456
f 946/456/456 922/669/667 945/670/668
f 946/456/456 945/670/668 969/457/457
f 969/457/457 945/670/668 968/671/669
f 969/457/457 968/671/669 992/458/458
f 992/458/458 968/671/669 991/672/670
f 992/458/458 991/672/670 1015/459/459
f 1015/459/459 991/672/670 1014/673/671
f 1015/459/459 1014/673/671 1038/460/460
f 1038/460/460 1014/673/671 1037/674/672
f 1038/460/460 1037/674/672 1061/461/461
f 1061/461/461 1037/674/672 1060/675/673
f 1061/461/461 1060/675/673 1084/462/462
f 1084/462/462 1060/675/673 1083/676/674
f 1084/462/462 1083/676/674 1107/463/463
f 1107/463/463 1083/676/674 1106/677/675
f 1107/463/463 1106/677/675 1130/464/464
f 1130/464/464 1106/677/675 1129/678/676
f 1130/464/464 1129/678/676 1153/465/465
f 1153/465/465 1129/678/676 1152/679/677
f 1153/465/465 1152/679/677 1176/466/466
f 1176/466/466 1152/679/677 1175/680/678
f 1176/466/466 1175/680/678 1199/467/467
f 1199/467/467 1175/680/678 1198/681/679
f 1199/467/467 1198/681/679 1222/468/468
f 1222/468/468 1198/681/679 1221/682/680
f 1222/468/468 1221/682/680 1245/469/469
f 1245/469/469 1221/682/680 1244/683/681
f 1245/469/469 1244/683/681 1268/470/470
f 1268/470/470 1244/683/681 1267/684/682
f 1268/470/470 1267/684/682 1291/471/471
f 1291/471/471 1267/684/682 1290/685/683
f 1291/471/471 1290/685/683 1314/472/472
f 1314/472/472 1290/685/683 1313/686/684
f 1314/472/472 1313/686/684 1337/473/473
f 1337/473/473 1313/686/684 1336/687/685
f 1337/473/473 1336/687/685 1360/474/474
f 1360/474/474 1336/687/685 1359/688/686
f 1360/474/474 1359/688/686 1383/475/475
f 1383/475/475 1359/688/686 1382/689/687
f 1383/475/475 1382/689/687 1406/476/476
f 1406/476/476 1382/689/687 1405/690/688
f 1406/476/476 1405/690/688 1429/477/477
f 1429/477/477 1405/690/688 1428/691/689
f 1429/477/477 1428/691/689 1452/478/478
f 1452/478/478 1428/691/689 1451/692/690
f 1452/478/478 1451/692/690 1475/479/479
f 1475/479/479 1451/692/690 1474/693/691
f 1475/479/479 1474/693/691 1498/480/480
f 1498/480/480 1474/693/691 1497/694/692
f 1498/480/480 1497/694/692 1521/481/481
f 1521/481/481 1497/694/692 1520/695/693
f 1521/481/481 1520/695/693 1544/482/482
f 1544/482/482 1520/695/693 1543/696/694
f 1544/482/482 1543/696/694 1567/483/483
f 1567/483/483 1543/696/694 1566/697/695
f 1567/483/483 1566/697/695 1590/484/484
f 1590/484/484 1566/697/695 1589/698/696
f 1590/484/484 1589/698/696 1613/485/485
f 1613/485/485 1589/698/696 1612/699/697
f 1613/485/485 1612/699/697 1636/486/486
f 1636/486/486 1612/699/697 1635/700/698
f 1636/486/486 1635/700/698 1659/487/487
f 1659/487/487 1635/700/698 1658/701/699
f 1659/487/487 1658/701/699 1682/488/488
f 1682/488/488 1658/701/699 1681/702/700
f 1682/488/488 1681/702/700 1705/489/489
f 1705/489/489 1681/702/700 1704/703/701
f 1705/489/489 1704/703/701 1728/490/490
f 1728/490/490 1704/703/701 1727/704/702
f 1728/490/490 1727/704/702 1751/491/491
f 1751/491/491 1727/704/702 1750/705/703
f 1751/491/491 1750/705/703 1774/492/492
f 1774/492/492 1750/705/703 1773/706/704
f 1774/492/492 1773/706/704 1797/493/493
f 1797/493/493 1773/706/704 1796/707/705
f 1797/493/493 1796/707/705 1820/494/494
f 1820/494/494 1796/707/705 1819/708/706
f 1820/494/494 1819/708/706 1843/495/495
f 1843/495/495 1819/708/706 1842/709/707
f 1843/495/495 1842/709/707 1866/496/496
f 1866/496/496 1842/709/707 1865/710/708
f 1866/496/496 1865/710/708 1889/497/497
f 1889/497/497 1865/710/708 1888/711/709
f 1889/497/497 1888/711/709 1912/498/498
f 1912/498/498 1888/711/709 1911/712/710
f 1912/498/498 1911/712/710 1935/499/499
f 1935/499/499 1911/712/710 1934/713/711
f 1935/499/499 1934/713/711 1958/500/500
f 1958/500/500 1934/713/711 1957/714/712
f 1958/500/500 1957/714/712 1981/501/501
f 1981/501/501 1957/714/712 1980/715/713
f 1981/501/501 1980/715/713 2004/502/502
f 2004/502/502 1980/715/713 2003/716/714
f 2004/502/502 2003/716/714 2027/503/503
f 2027/503/503 2003/716/714 2026/717/715
f 2027/503/503 2026/717/715 2050/504/504
f 2050/504/504 2026/717/715 2049/718/716
f 2050/504/504 2049/718/716 2073/505/505
f 2073/505/505 2049/718/716 2072/719/717
f 2073/505/505 2072/719/717 2096/506/506
f 2096/506/506 2072/719/717 2095/720/718
f 2096/506/506 2095/720/718 2119/507/507
f 2119/507/507 2095/720/718 2118/721/719
f 2119/507/507 2118/721/719 2142/508/508
f 2142/508/508 2118/721/719 2141/722/720
f 2142/508/508 2141/722/720 2165/509/509
f 2165/509/509 2141/722/720 2164/723/721
f 2165/509/509 2164/723/721 2188/510/510
f 2188/510/510 2164/723/721 2187/724/722
f 2188/510/510 2187/724/722 2211/511/511
f 2211/511/511 2187/724/722 2210/725/723
f 2211/511/511 2210/725/723 2234/512/512
f 2234/512/512 2210/725/723 2233/726/724
f 2234/512/512 2233/726/724 2257/513/513
f 2257/513/513 2233/726/724 2256/727/725
f 2257/513/513 2256/727/725 2280/514/514
f 2280/514/514 2256/727/725 2279/728/726
f 2280/514/514 2279/728/726 2303/515/515
f 2303/515/515 2279/728/726 2302/729/727
f 2303/515/515 2302/729/727 2326/516/516
f 2326/516/516 2302/729/727 2325/730/728
f 2326/516/516 2325/730/728 2349/517/517
f 2349/517/517 2325/730/728 2348/731/729
f 2349/517/517 2348/731/729 2372/518/518
f 2372/518/518 2348/731/729 2371/732/730
f 2372/518/518 2371/732/730 2395/519/519
f 2395/519/519 2371/732/730 2394/733/731
f 2395/519/519 2394/733/731 2418/520/520
f 2418/520/520 2394/733/731 2417/734/732
f 2418/520/520 2417/734/732 2441/521/521
f 2441/521/521 2417/734/732 2440/735/733
f 2441/521/521 2440/735/733 2464/522/522
f 2464/522/522 2440/735/733 2463/736/734
f 2464/522/522 2463/736/734 2487/523/523
f 2487/523/523 2463/736/734 2486/737/735
f 2487/523/523 2486/737/735 2510/524/524
f 2510/524/524 2486/737/735 2509/738/736
f 2510/524/524 2509/738/736 2533/525/525
f 2533/525/525 2509/738/736 2532/739/737
f 2533/525/525 2532/739/737 2556/526/526
f 2556/526/526 2532/739/737 2555/740/738
f 2556/526/526 2555/740/738 2579/527/527
f 2579/527/527 2555/740/738 2578/741/739
f 2579/527/527 2578/741/739 2602/528/528
f 2602/528/528 2578/741/739 2601/742/740
f 2602/528/528 2601/742/740 2625/529/529
f 2625/529/529 2601/742/740 2624/743/741
f 2625/529/529 2624/743/741 2648/530/530
f 2648/530/530 2624/743/741 2647/744/742
f 2648/530/530 2647/744/742 2671/531/531
f 2671/531/531 2647/744/742 2670/745/743
f 2671/531/531 2670/745/743 2694/532/532
f 2694/532/532 2670/745/743 2693/746/744
f 2694/532/532 2693/746/744 2717/533/533
f 2717/533/533 2693/746/744 2716/747/745
f 2717/533/533 2716/747/745 2740/534/534
f 2740/534/534 2716/747/745 2739/748/746
f 2740/534/534 2739/748/746 2763/535/535
f 2763/535/535 2739/748/746 2762/749/747
f 2763/535/535 2762/749/747 2786/536/536
f 2786/536/536 2762/749/747 2785/750/748
f 2786/536/536 2785/750/748 2809/537/537
f 2809/537/537 2785/750/748 2808/751/749
f 2809/537/537 2808/751/749 2832/538/538
f 2832/538/538 2808/751/749 2831/752/750
f 2832/538/538 2831/752/750 2855/539/539
f 2855/539/539 2831/752/750 2854/753/751
f 2855/539/539 2854/753/751 2878/540/540
f 2878/540/540 2854/753/751 2877/754/752
f 2878/540/540 2877/754/752 2901/541/541
f 2901/541/541 2877/754/752 2900/755/753
f 2901/541/541 2900/755/753 2924/542/542
f 2924/542/542 2900/755/753 2923/756/754
f 2924/542/542 2923/756/754 2947/543/543
f 2947/543/543 2923/756/754 2946/757/755
f 2947/543/543 2946/757/755 2970/544/544
f 2970/544/544 2946/757/755 2969/758/756
f 2970/544/544 2969/758/756 2993/545/545
f 2993/545/545 2969/758/756 2992/759/757
f 2993/545/545 2992/759/757 3016/546/546
f 3016/546/546 2992/759/757 3015/760/758
f 3016/546/546 3015/760/758 3039/547/547
f 3039/547/547 3015/760/758 3038/761/759
f 3039/547/547 3038/761/759 3062/548/548
f 3062/548/548 3038/761/759 3061/762/760
f 3062/548/548 3061/762/760 3085/549/549
f 3085/549/549 3061/762/760 3084/763/761
f 3085/549/549 3084/763/761 3108/550/550
f 3108/550/550 3084/763/761 3107/764/762
f 3108/550/550 3107/764/762 3131/551/551
f 3131/551/551 3107/764/762 3130/765/763
f 3131/551/551 3130/765/763 3154/552/552
f 3154/552/552 3130/765/763 3153/766/764
f 3154/552/552 3153/766/764 3177/553/553
f 3177/553/553 3153/766/764 3176/767/765
f 3177/553/553 3176/767/765 3200/554/554
f 3200/554/554 3176/767/765 3199/768/766
f 3200/554/554 3199/768/766 3223/555/555
f 3223/555/555 3199/768/766 3222/769/767
f 3223/555/555 3222/769/767 3246/556/556
f 3246/556/556 3222/769/767 3245/770/768
f 3246/556/556 3245/770/768 3269/557/557
f 3269/557/557 3245/770/768 3268/771/769
f 3269/557/557 3268/771/769 3292/558/558
f 3292/558/558 3268/771/769 3291/772/770
f 3292/558/558 3291/772/770 3315/559/559
f 3315/559/559 3291/772/770 3314/773/771
f 3315/559/559 3314/773/771 3338/560/560
f 3338/560/560 3314/773/771 3337/774/772
f 3338/560/560 3337/774/772 3361/561/561
f 3361/561/561 3337/774/772 3360/775/773
f 3361/561/561 3360/775/773 3384/562/562
f 3384/562/562 3360/775/773 3383/776/774
f 3384/562/562 3383/776/774 3407/563/563
f 3407/563/563 3383/776/774 3406/777/775
f 3407/563/563 3406/777/775 3430/564/564
f 3430/564/564 3406/777/775 3429/778/776
f 3430/564/564 3429/778/776 3453/565/565
f 3453/565/565 3429/778/776 3452/779/777
f 3453/565/565 3452/779/777 3476/566/566
f 3476/566/566 3452/779/777 3475/780/778
f 3476/566/566 3475/780/778 3499/567/567
f 3499/567/567 3475/780/778 3498/781/779
f 3499/567/567 3498/781/779 3522/568/568
f 3522/568/568 3498/781/779 3521/782/780
f 3522/568/568 3521/782/780 3545/569/569
f 3545/569/569 3521/782/780 3544/783/781
f 3545/569/569 3544/783/781 3568/570/570
f 3568/570/570 3544/783/781 3567/784/782
f 3568/570/570 3567/784/782 3591/571/571
f 3591/571/571 3567/784/782 3590/785/783
f 3591/571/571 3590/785/783 3614/572/572
f 3614/572/572 3590/785/783 3613/786/784
f 3614/572/572 3613/786/784 3637/573/573
f 3637/573/573 3613/786/784 3636/787/785
f 3637/573/573 3636/787/785 3660/574/574
f 3660/574/574 3636/787/785 3659/788/786
f 3660/574/574 3659/788/786 3683/575/575
f 3683/575/575 3659/788/786 3682/789/787
f 3683/575/575 3682/789/787 3706/576/576
f 3706/576/576 3682/789/787 3705/790/788
f 3706/576/576 3705/790/788 3729/577/577
f 3729/577/577 3705/790/788 3728/791/789
f 3729/577/577 3728/791/789 3752/578/578
f 3752/578/578 3728/791/789 3751/792/790
f 3752/578/578 3751/792/790 3775/579/579
f 3775/579/579 3751/792/790 3774/793/791
f 3775/579/579 3774/793/791 3798/580/580
f 3798/580/580 3774/793/791 3797/794/792
f 3798/580/580 3797/794/792 3821/581/581
f 3821/581/581 3797/794/792 3820/795/793
f 3821/581/581 3820/795/793 3844/582/582
f 3844/582/582 3820/795/793 3843/796/794
f 3844/582/582 3843/796/794 3867/583/583
f 3867/583/583 3843/796/794 3866/797/795
f 3867/583/583 3866/797/795 3890/584/584
f 3890/584/584 3866/797/795 3889/798/796
f 3890/584/584 3889/798/796 3913/585/585
f 3913/585/585 3889/798/796 3912/799/797
f 3913/585/585 3912/799/797 3936/586/586
f 3936/586/586 3912/799/797 3935/800/798
f 3936/586/586 3935/800/798 3959/587/587
f 3959/587/587 3935/800/798 3958/801/799
f 3959/587/587 3958/801/799 3982/588/588
f 3982/588/588 3958/801/799 3981/802/800
f 3982/588/588 3981/802/800 4005/589/589
f 4005/589/589 3981/802/800 4004/803/801
f 4005/589/589 4004/803/801 4028/590/590
f 4028/590/590 4004/803/801 4027/804/802
f 4028/590/590 4027/804/802 4051/591/591
f 4051/591/591 4027/804/802 4050/805/803
f 4051/591/591 4050/805/803 4074/592/592
f 4074/592/592 4050/805/803 4073/806/804
f 4074/592/592 4073/806/804 4097/593/593
f 4097/593/593 4073/806/804 4096/807/805
f 4097/593/593 4096/807/805 4120/594/594
f 4120/594/594 4096/807/805 4119/808/806
f 4120/594/594 4119/808/806 4143/595/595
f 4143/595/595 4119/808/806 4142/809/807
f 4143/595/595 4142/809/807 4166/596/596
f 4166/596/596 4142/809/807 4165/598/598
f 4/642/640 5/810/808 324/643/641
f 324/643/641 5/810/808 323/811/809
f 324/643/641 323/811/809 347/644/642
f 347/644/642 323/811/809 346/812/810
f 347/644/642 346/812/810 370/645/643
f 370/645/643 346/812/810 369/813/811
f 370/645/643 369/813/811 393/646/644
f 393/646/644 369/813/811 392/814/812
f 393/646/644 392/814/812 416/647/645
f 416/647/645 392/814/812 415/815/813
f 416/647/645 415/815/813 439/648/646
f 439/648/646 415/815/813 438/816/814
f 439/648/646 438/816/814 462/649/647
f 462/649/647 438/816/814 461/817/815
f 462/649/647 461/817/815 485/650/648
f 485/650/648 461/817/815 484/818/816
f 485/650/648 484/818/816 508/651/649
f 508/651/649 484/818/816 507/819/817
f 508/651/649 507/819/817 531/652/650
f 531/652/650 507/819/817 530/820/818
f 531/652/650 530/820/818 554/653/651
f 554/653/651 530/820/818 553/821/819
f 554/653/651 553/821/819 577/654/652
f 577/654/652 553/821/819 576/822/820
f 577/654/652 576/822/820 600/655/653
f 600/655/653 576/822/820 599/823/821
f 600/655/653 599/823/821 623/656/654
f 623/656/654 599/823/821 622/824/822
f 623/656/654 622/824/822 646/657/655
f 646/657/655 622/824/822 645/825/823
f 646/657/655 645/825/823 669/658/656
f 669/658/656 645/825/823 668/826/824
f 669/658/656 668/826/824 692/659/657
f 692/659/657 668/826/824 691/827/825
f 692/659/657 691/827/825 715/660/658
f 715/660/658 691/827/825 714/828/826
f 715/660/658 714/828/826 738/661/659
f 738/661/659 714/828/826 737/829/827
f 738/661/659 737/829/827 761/662/660
f 761/662/660 737/829/827 760/830/828
f 761/662/660 760/830/828 784/663/661
f 784/663/661 760/830/828 783/831/829
f 784/663/661 783/831/829 807/664/662
f 807/664/662 783/831/829 806/832/830
f 807/664/662 806/832/830 830/665/663
f 830/665/663 806/832/830 829/833/831
f 830/665/663 829/833/831 853/666/664
f 853/666/664 829/833/831 852/834/832
f 853/666/664 852/834/832 876/667/665
f 876/667/665 852/834/832 875/835/833
f 876/667/665 875/835/833 899/668/666
f 899/668/666 875/835/833 898/836/834
f 899/668/666 898/836/834 922/669/667
f 922/669/667 898/836/834 921/837/835
f 922/669/667 921/837/835 945/670/668
f 945/670/668 921/837/835 944/838/836
f 945/670/668 944/838/836 968/671/669
f 968/671/669 944/838/836 967/839/837
f 968/671/669 967/839/837 991/672/670
f 991/672/670 967/839/837 990/840/838
f 991/672/670 990/840/838 1014/673/671
f 1014/673/671 990/840/838 1013/841/839
f 1014/673/671 1013/841/839 1037/674/672
f 1037/674/672 1013/841/839 1036/842/840
f 1037/674/672 1036/842/840 1060/675/673
f 1060/675/673 1036/842/840 1059/843/841
f 1060/675/673 1059/843/841 1083/676/674
f 1083/676/674 1059/843/841 1082/844/842
f 1083/676/674 1082/844/842 1106/677/675
f 1106/677/675 1082/844/842 1105/845/843
f 1106/677/675 1105/845/843 1129/678/676
f 1129/678/676 1105/845/843 1128/846/844
f 1129/678/676 1128/846/844 1152/679/677
f 1152/679/677 1128/846/844 1151/847/845
f 1152/679/677 1151/847/845 1175/680/678
f 1175/680/678 1151/847/845 1174/848/846
f 1175/680/678 1174/848/846 1198/681/679
f 1198/681/679 1174/848/846 1197/849/847
f 1198/681/679 1197/849/847 1221/682/680
f 1221/682/680 1197/849/847 1220/850/848
f 1221/682/680 1220/850/848 1244/683/681
f 1244/683/681 1220/850/848 1243/851/849
f 1244/683/681 1243/851/849 1267/684/682
f 1267/684/682 1243/851/849 1266/852/850
f 1267/684/682 1266/852/850 1290/685/683
f 1290/685/683 1266/852/850 1289/853/851
f 1290/685/683 1289/853/851 1313/686/684
f 1313/686/684 1289/853/851 1312/854/852
f 1313/686/684 1312/854/852 1336/687/685
f 1336/687/685 1312/854/852 1335/855/853
f 1336/687/685 1335/855/853 1359/688/686
f 1359/688/686 1335/855/853 1358/856/854
f 1359/688/686 1358/856/854 1382/689/687
f 1382/689/687 1358/856/854 1381/857/855
f 1382/689/687 1381/857/855 1405/690/688
f 1405/690/688 1381/857/855 1404/858/856
f 1405/690/688 1404/858/856 1428/691/689
f 1428/691/689 1404/858/856 1427/859/857
f 1428/691/689 1427/859/857 1451/692/690
f 1451/692/690 1427/859/857 1450/860/858
f 1451/692/690 1450/860/858 1474/693/691
f 1474/693/691 1450/860/858 1473/861/859
f 1474/693/691 1473/861/859 1497/694/692
f 1497/694/692 1473/861/859 1496/862/860
f 1497/694/692 1496/862/860 1520/695/693
f 1520/695/693 1496/862/860 1519/863/861
f 1520/695/693 1519/863/861 1543/696/694
f 1543/696/694 1519/863/861 1542/864/862
f 1543/696/694 1542/864/862 1566/697/695
f 1566/697/695 1542/864/862 1565/865/863
f 1566/697/695 1565/865/863 1589/698/696
f 1589/698/696 1565/865/863 1588/866/864
f 1589/698/696 1588/866/864 1612/699/697
f 1612/699/697 1588/866/864 1611/867/865
f 1612/699/697 1611/867/865 1635/700/698
f 1635/700/698 1611/867/865 1634/868/866
f 1635/700/698 1634/868/866 1658/701/699
f 1658/701/699 1634/868/866 1657/869/867
f 1658/701/699 1657/869/867 1681/702/700
f 1681/702/700 1657/869/867 1680/870/868
f 1681/702/700 1680/870/868 1704/703/701
f 1704/703/701 1680/870/868 1703/871/869
f 1704/703/701 1703/871/869 1727/704/702
f 1727/704/702 1703/871/869 1726/872/870
f 1727/704/702 1726/872/870 1750/705/703
f 1750/705/703 1726/872/870 1749/873/871
f 1750/705/703 1749/873/871 1773/706/704
f 1773/706/704 1749/873/871 1772/874/872
f 1773/706/704 1772/874/872 1796/707/705
f 1796/707/705 1772/874/872 1795/875/873
f 1796/707/705 1795/875/873 1819/708/706
f 1819/708/706 1795/875/873 1818/876/874
f 1819/708/706 1818/876/874 1842/709/707
f 1842/709/707 1818/876/874 1841/877/875
f 1842/709/707 1841/877/875 1865/710/708
f 1865/710/708 1841/877/875 1864/878/876
f 1865/710/708 1864/878/876 1888/711/709
f 1888/711/709 1864/878/876 1887/879/877
f 1888/711/709 1887/879/877 1911/712/710
f 1911/712/710 1887/879/877 1910/880/878
f 1911/712/710 1910/880/878 1934/713/711
f 1934/713/711 1910/880/878 1933/881/879
f 1934/713/711 1933/881/879 1957/714/712
f 1957/714/712 1933/881/879 1956/882/880
f 1957/714/712 1956/882/880 1980/715/713
f 1980/715/713 1956/882/880 1979/883/881
f 1980/715/713 1979/883/881 2003/716/714
f 2003/716/714 1979/883/881 2002/884/882
f 2003/716/714 2002/884/882 2026/717/715
f 2026/717/715 2002/884/882 2025/885/883
f 2026/717/715 2025/885/883 2049/718/716
f 2049/718/716 2025/885/883 2048/886/884
f 2049/718/716 2048/886/884 2072/719/717
f 2072/719/717 2048/886/884 2071/887/885
f 2072/719/717 2071/887/885 2095/720/718
f 2095/720/718 2071/887/885 2094/888/886
f 2095/720/718 2094/888/886 2118/721/719
f 2118/721/719 2094/888/886 2117/889/887
f 2118/721/719 2117/889/887 2141/722/720
f 2141/722/720 2117/889/887 2140/890/888
f 2141/722/720 2140/890/888 2164/723/721
f 2164/723/721 2140/890/888 2163/891/889
f 2164/723/721 2163/891/889 2187/724/722
f 2187/724/722 2163/891/889 2186/892/890
f 2187/724/722 2186/892/890 2210/725/723
f 2210/725/723 2186/892/890 2209/893/891
f 2210/725/723 2209/893/891 2233/726/724
f 2233/726/724 2209/893/891 2232/894/892
f 2233/726/724 2232/894/892 2256/727/725
f 2256/727/725 2232/894/892 2255/895/893
f 2256/727/725 2255/895/893 2279/728/726
f 2279/728/726 2255/895/893 2278/896/894
f 2279/728/726 2278/896/894 2302/729/727
f 2302/729/727 2278/896/894 2301/897/895
f 2302/729/727 2301/897/895 2325/730/728
f 2325/730/728 2301/897/895 2324/898/896
f 2325/730/728 2324/898/896 2348/731/729
f 2348/731/729 2324/898/896 2347/899/897
f 2348/731/729 2347/899/897 2371/732/730
f 2371/732/730 2347/899/897 2370/900/898
f 2371/732/730 2370/900/898 2394/733/731
f 2394/733/731 2370/900/898 2393/901/899
f 2394/733/731 2393/901/899 2417/734/732
f 2417/734/732 2393/901/899 2416/902/900
f 2417/734/732 2416/902/900 2440/735/733
f 2440/735/733 2416/902/900 2439/903/901
f 2440/735/733 2439/903/901 2463/736/734
f 2463/736/734 2439/903/901 2462/904/902
f 2463/736/734 2462/904/902 2486/737/735
f 2486/737/735 2462/904/902 2485/905/903
f 2486/737/735 2485/905/903 2509/738/736
f 2509/738/736 2485/905/903 2508/906/904
f 2509/738/736 2508/906/904 2532/739/737
f 2532/739/737 2508/906/904 2531/907/905
f 2532/739/737 2531/907/905 2555/740/738
f 2555/740/738 2531/907/905 2554/908/906
f 2555/740/738 2554/908/906 2578/741/739
f 2578/741/739 2554/908/906 2577/909/907
f 2578/741/739 2577/909/907 2601/742/740
f 2601/742/740 2577/909/907 2600/910/908
f 2601/742/740 2600/910/908 2624/743/741
f 2624/743/741 2600/910/908 2623/911/909
f 2624/743/741 2623/911/909 2647/744/742
f 2647/744/742 2623/911/909 2646/912/910
f 2647/744/742 2646/912/910 2670/745/743
f 2670/745/743 2646/912/910 2669/913/911
f 2670/745/743 2669/913/911 2693/746/744
f 2693/746/744 2669/913/911 2692/914/912
f 2693/746/744 2692/914/912 2716/747/745
f 2716/747/745 2692/914/912 2715/915/913
f 2716/747/745 2715/915/913 2739/748/746
f 2739/748/746 2715/915/913 2738/916/914
f 2739/748/746 2738/916/914 2762/749/747
f 2762/749/747 2738/916/914 2761/917/915
f 2762/749/747 2761/917/915 2785/750/748
f 2785/750/748 2761/917/915 2784/918/916
f 2785/750/748 2784/918/916 2808/751/749
f 2808/751/749 2784/918/916 2807/919/917
f 2808/751/749 2807/919/917 2831/752/750
f 2831/752/750 2807/919/917 2830/920/918
f 2831/752/750 2830/920/918 2854/753/751
f 2854/753/751 2830/920/918 2853/921/919
f 2854/753/751 2853/921/919 2877/754/752
f 2877/754/752 2853/921/919 2876/922/920
f 2877/754/752 2876/922/920 2900/755/753
f 2900/755/753 2876/922/920 2899/923/921
f 2900/755/753 2899/923/921 2923/756/754
f 2923/756/754 2899/923/921 2922/924/922
f 2923/756/754 2922/924/922 2946/757/755
f 2946/757/755 2922/924/922 2945/925/923
f 2946/757/755 2945/925/923 2969/758/756
f 2969/758/756 2945/925/923 2968/926/924
f 2969/758/756 2968/926/924 2992/759/757
f 2992/759/757 2968/926/924 2991/927/925
f 2992/759/757 2991/927/925 3015/760/758
f 3015/760/758 2991/927/925 3014/928/926
f 3015/760/758 3014/928/926 3038/761/759
f 3038/761/759 3014/928/926 3037/929/927
f 3038/761/759 3037/929/927 3061/762/760
f 3061/762/760 3037/929/927 3060/930/928
f 3061/762/760 3060/930/928 3084/763/761
f 3084/763/761 3060/930/928 3083/931/929
f 3084/763/761 3083/931/929 3107/764/762
f 3107/764/762 3083/931/929 3106/932/930
f 3107/764/762 3106/932/930 3130/765/763
f 3130/765/763 3106/932/930 3129/933/931
f 3130/765/763 3129/933/931 3153/766/764
f 3153/766/764 3129/933/931 3152/934/932
f 3153/766/764 3152/934/932 3176/767/765
f 3176/767/765 3152/934/932 3175/935/933
f 3176/767/765 3175/935/933 3199/768/766
f 3199/768/766 3175/935/933 3198/936/934
f 3199/768/766 3198/936/934 3222/769/767
f 3222/769/767 3198/936/934 3221/937/935
f 3222/769/767 3221/937/935 3245/770/768
f 3245/770/768 3221/937/935 3244/938/936
f 3245/770/768 3244/938/936 3268/771/769
f 3268/771/769 3244/938/936 3267/939/937
f 3268/771/769 3267/939/937 3291/772/770
f 3291/772/770 3267/939/937 3290/940/938
f 3291/772/770 3290/940/938 3314/773/771
f 3314/773/771 3290/940/938 3313/941/939
f 3314/773/771 3313/941/939 3337/774/772
f 3337/774/772 3313/941/939 3336/942/940
f 3337/774/772 3336/942/940 3360/775/773
f 3360/775/773 3336/942/940 3359/943/941
f 3360/775/773 3359/943/941 3383/776/774
f 3383/776/774 3359/943/941 3382/944/942
f 3383/776/774 3382/944/942 3406/777/775
f 3406/777/775 3382/944/942 3405/945/943
f 3406/777/775 3405/945/943 3429/778/776
f 3429/778/776 3405/945/943 3428/946/944
f 3429/778/776 3428/946/944 3452/779/777
f 3452/779/777 3428/946/944 3451/947/945
f 3452/779/777 3451/947/945 3475/780/778
f 3475/780/778 3451/947/945 3474/948/946
f 3475/780/778 3474/948/946 3498/781/779
f 3498/781/779 3474/948/946 3497/949/947
f 3498/781/779 3497/949/947 3521/782/780
f 3521/782/780 3497/949/947 3520/950/948
f 3521/782/780 3520/950/948 3544/783/781
f 3544/783/781 3520/950/948 3543/951/949
f 3544/783/781 3543/951/949 3567/784/782
f 3567/784/782 3543/951/949 3566/952/950
f 3567/784/782 3566/952/950 3590/785/783
f 3590/785/783 3566/952/950 3589/953/951
f 3590/785/783 3589/953/951 3613/786/784
f 3613/786/784 3589/953/951 3612/954/952
f 3613/786/784 3612/954/952 3636/787/785
f 3636/787/785 3612/954/952 3635/955/953
f 3636/787/785 3635/955/953 3659/788/786
f 3659/788/786 3635/955/953 3658/956/954
f 3659/788/786 3658/956/954 3682/789/787
f 3682/789/787 3658/956/954 3681/957/955
f 3682/789/787 3681/957/955 3705/790/788
f 3705/790/788 3681/957/955 3704/958/956
f 3705/790/788 3704/958/956 3728/791/789
f 3728/791/789 3704/958/956 3727/959/957
f 3728/791/789 3727/959/957 3751/792/790
f 3751/792/790 3727/959/957 3750/960/958
f 3751/792/790 3750/960/958 3774/793/791
f 3774/793/791 3750/960/958 3773/961/959
f 3774/793/791 3773/961/959 3797/794/792
f 3797/794/792 3773/961/959 3796/962/960
f 3797/794/792 3796/962/960 3820/795/793
f 3820/795/793 3796/962/960 3819/963/961
f 3820/795/793 3819/963/961 3843/796/794
f 3843/796/794 3819/963/961 3842/964/962
f 3843/796/794 3842/964/962 3866/797/795
f 3866/797/795 3842/964/962 3865/965/963
f 3866/797/795 3865/965/963 3889/798/796
f 3889/798/796 3865/965/963 3888/966/964
f 3889/798/796 3888/966/964 3912/799/797
f 3912/799/797 3888/966/964 3911/967/965
f 3912/799/797 3911/967/965 3935/800/798
f 3935/800/798 3911/967/965 3934/968/966
f 3935/800/798 3934/968/966 3958/801/799
f 3958/801/799 3934/968/966 3957/969/967
f 3958/801/799 3957/969/967 3981/802/800
f 3981/802/800 3957/969/967 3980/970/968
f 3981/802/800 3980/970/968 4004/803/801
f 4004/803/801 3980/970/968 4003/971/969
f 4004/803/801 4003/971/969 4027/804/802
f 4027/804/802 4003/971/969 4026/972/970
f 4027/804/802 4026/972/970 4050/805/803
f 4050/805/803 4026/972/970 4049/973/971
f 4050/805/803 4049/973/971 4073/806/804
f 4073/806/804 4049/973/971 4072/974/972
f 4073/806/804 4072/974/972 4096/807/805
f 4096/807/805 4072/974/972 4095/975/973
f 4096/807/805 4095/975/973 4119/808/806
f 4119/808/806 4095/975/973 4118/976/974
f 4119/808/806 4118/976/974 4142/809/807
f 4142/809/807 4118/976/974 4141/977/975
f 4142/809/807 4141/977/975 4165/598/598
f 4165/598/598 4141/977/975 4164/600/600
f 5/810/808 6/978/976 323/811/809
f 323/811/809 6/978/976 322/979/977
f 323/811/809 322/979/977 346/812/810
f 346/812/810 322/979/977 345/980/978
f 346/812/810 345/980/978 369/813/811
f 369/813/811 345/980/978 368/981/979
f 369/813/811 368/981/979 392/814/812
f 392/814/812 368/981/979 391/982/980
f 392/814/812 391/982/980 415/815/813
f 415/815/813 391/982/980 414/983/981
f 415/815/813 414/983/981 438/816/814
f 438/816/814 414/983/981 437/984/982
f 438/816/814 437/984/982 461/817/815
f 461/817/815 437/984/982 460/985/983
f 461/817/815 460/985/983 484/818/816
f 484/818/816 460/985/983 483/986/984
f 484/818/816 483/986/984 507/819/817
f 507/819/817 483/986/984 506/987/985
f 507/819/817 506/987/985 530/820/818
f 530/820/818 506/987/985 529/988/986
f 530/820/818 529/988/986 553/821/819
f 553/821/819 529/988/986 552/989/987
f 553/821/819 552/989/987 576/822/820
f 576/822/820 552/989/987 575/990/988
f 576/822/820 575/990/988 599/823/821
f 599/823/821 575/990/988 598/991/989
f 599/823/821 598/991/989 622/824/822
f 622/824/822 598/991/989 621/992/990
f 622/824/822 621/992/990 645/825/823
f 645/825/823 621/992/990 644/993/991
f 645/825/823 644/993/991 668/826/824
f 668/826/824 644/993/991 667/994/992
f 668/826/824 667/994/992 691/827/825
f 691/827/825 667/994/992 690/995/993
f 691/827/825 690/995/993 714/828/826
f 714/828/826 690/995/993 713/996/994
f 714/828/826 713/996/994 737/829/827
f 737/829/827 713/996/994 736/997/995
f 737/829/827 736/997/995 760/830/828
f 760/830/828 736/997/995 759/998/996
f 760/830/828 759/998/996 783/831/829
f 783/831/829 759/998/996 782/999/997
f 783/831/829 782/999/997 806/832/830
f 806/832/830 782/999/997 805/1000/998
f 806/832/830 805/1000/998 829/833/831
f 829/833/831 805/1000/998 828/1001/999
f 829/833/831 828/1001/999 852/834/832
f 852/834/832 828/1001/999 851/1002/1000
f 852/834/832 851/1002/1000 875/835/833
f 875/835/833 851/1002/1000 874/1003/1001
f 875/835/833 874/1003/1001 898/836/834
f 898/836/834 874/1003/1001 897/1004/1002
f 898/836/834 897/1004/1002 921/837/835
f 921/837/835 897/1004/1002 920/1005/1003
f 921/837/835 920/1005/1003 944/838/836
f 944/838/836 920/1005/1003 943/1006/1004
f 944/838/836 943/1006/1004 967/839/837
f 967/839/837 943/1006/1004 966/1007/1005
f 967/839/837 966/1007/1005 990/840/838
f 990/840/838 966/1007/1005 989/1008/1006
f 990/840/838 989/1008/1006 1013/841/839
f 1013/841/839 989/1008/1006 1012/1009/1007
f 1013/841/839 1012/1009/1007 1036/842/840
f 1036/842/840 1012/1009/1007 1035/1010/1008
f 1036/842/840 1035/1010/1008 1059/843/841
f 1059/843/841 1035/1010/1008 1058/1011/1009
f 1059/843/841 1058/1011/1009 1082/844/842
f 1082/844/842 1058/1011/1009 1081/1012/1010
f 1082/844/842 1081/1012/1010 1105/845/843
f 1105/845/843 1081/1012/1010 1104/1013/1011
f 1105/845/843 1104/1013/1011 1128/846/844
f 1128/846/844 1104/1013/1011 1127/1014/1012
f 1128/846/844 1127/1014/1012 1151/847/845
f 1151/847/845 1127/1014/1012 1150/1015/1013
f 1151/847/845 1150/1015/1013 1174/848/846
f 1174/848/846 1150/1015/1013 1173/1016/1014
f 1174/848/846 1173/1016/1014 1197/849/847
f 1197/849/847 1173/1016/1014 1196/1017/1015
f 1197/849/847 1196/1017/1015 1220/850/848
f 1220/850/848 1196/1017/1015 1219/1018/1016
f 1220/850/848 1219/1018/1016 1243/851/849
f 1243/851/849 1219/1018/1016 1242/1019/1017
f 1243/851/849 1242/1019/1017 1266/852/850
f 1266/852/850 1242/1019/1017 1265/1020/1018
f 1266/852/850 1265/1020/1018 1289/853/851
f 1289/853/851 1265/1020/1018 1288/1021/1019
f 1289/853/851 1288/1021/1019 1312/854/852
f 1312/854/852 1288/1021/1019 1311/1022/1020
f 1312/854/852 1311/1022/1020 1335/855/853
f 1335/855/853 1311/1022/1020 1334/1023/1021
f 1335/855/853 1334/1023/1021 1358/856/854
f 1358/856/854 1334/1023/1021 1357/1024/1022
f 1358/856/854 1357/1024/1022 1381/857/855
f 1381/857/855 1357/1024/1022 1380/1025/1023
f 1381/857/855 1380/1025/1023 1404/858/856
f 1404/858/856 1380/1025/1023 1403/1026/1024
f 1404/858/856 1403/1026/1024 1427/859/857
f 1427/859/857 1403/1026/1024 1426/1027/1025
f 1427/859/857 1426/1027/1025 1450/860/858
f 1450/860/858 1426/1027/1025 1449/1028/1026
f 1450/860/858 1449/1028/1026 1473/861/859
f 1473/861/859 1449/1028/1026 1472/1029/1027
f 1473/861/859 1472/1029/1027 1496/862/860
f 1496/862/860 1472/1029/1027 1495/1030/1028
f 1496/862/860 1495/1030/1028 1519/863/861
f 1519/863/861 1495/1030/1028 1518/1031/1029
f 1519/863/861 1518/1031/1029 1542/864/862
f 1542/864/862 1518/1031/1029 1541/1032/1030
f 1542/864/862 1541/1032/1030 1565/865/863
f 1565/865/863 1541/1032/1030 1564/1033/1031
f 1565/865/863 1564/1033/1031 1588/866/864
f 1588/866/864 1564/1033/1031 1587/1034/1032
f 1588/866/864 1587/1034/1032 1611/867/865
f 1611/867/865 1587/1034/1032 1610/1035/1033
f 1611/867/865 1610/1035/1033 1634/868/866
f 1634/868/866 1610/1035/1033 1633/1036/1034
f 1634/868/866 1633/1036/1034 1657/869/867
f 1657/869/867 1633/1036/1034 1656/1037/1035
f 1657/869/867 1656/1037/1035 1680/870/868
f 1680/870/868 1656/1037/1035 1679/1038/1036
f 1680/870/868 1679/1038/1036 1703/871/869
f 1703/871/869 1679/1038/1036 1702/1039/1037
f 1703/871/869 1702/1039/1037 1726/872/870
f 1726/872/870 1702/1039/1037 1725/1040/1038
f 1726/872/870 1725/1040/1038 1749/873/871
f 1749/873/871 1725/1040/1038 1748/1041/1039
f 1749/873/871 1748/1041/1039 1772/874/872
f 1772/874/872 1748/1041/1039 1771/1042/1040
f 1772/874/872 1771/1042/1040 1795/875/873
f 1795/875/873 1771/1042/1040 1794/1043/1041
f 1795/875/873 1794/1043/1041 1818/876/874
f 1818/876/874 1794/1043/1041 1817/1044/1042
f 1818/876/874 1817/1044/1042 1841/877/875
f 1841/877/875 1817/1044/1042 1840/1045/1043
f 1841/877/875 1840/1045/1043 1864/878/876
f 1864/878/876 1840/1045/1043 1863/1046/1044
f 1864/878/876 1863/1046/1044 1887/879/877
f 1887/879/877 1863/1046/1044 1886/1047/1045
f 1887/879/877 1886/1047/1045 1910/880/878
f 1910/880/878 1886/1047/1045 1909/1048/1046
f 1910/880/878 1909/1048/1046 1933/881/879
f 1933/881/879 1909/1048/1046 1932/1049/1047
f 1933/881/879 1932/1049/1047 1956/882/880
f 1956/882/880 1932/1049/1047 1955/1050/1048
f 1956/882/880 1955/1050/1048 1979/883/881
f 1979/883/881 1955/1050/1048 1978/1051/1049
f 1979/883/881 1978/1051/1049 2002/884/882
f 2002/884/882 1978/1051/1049 2001/1052/1050
f 2002/884/882 2001/1052/1050 2025/885/883
f 2025/885/883 2001/1052/1050 2024/1053/1051
f 2025/885/883 2024/1053/1051 2048/886/884
f 2048/886/884 2024/1053/1051 2047/1054/1052
f 2048/886/884 2047/1054/1052 2071/887/885
f 2071/887/885 2047/1054/1052 2070/1055/1053
f 2071/887/885 2070/1055/1053 2094/888/886
f 2094/888/886 2070/1055/1053 2093/1056/1054
f 2094/888/886 2093/1056/1054 2117/889/887
f 2117/889/887 2093/1056/1054 2116/1057/1055
f 2117/889/887 2116/1057/1055 2140/890/888
f 2140/890/888 2116/1057/1055 2139/1058/1056
f 2140/890/888 2139/1058/1056 2163/891/889
f 2163/891/889 2139/1058/1056 2162/1059/1057
f 2163/891/889 2162/1059/1057 2186/892/890
f 2186/892/890 2162/1059/1057 2185/1060/1058
f 2186/892/890 2185/1060/1058 2209/893/891
f 2209/893/891 2185/1060/1058 2208/1061/1059
f 2209/893/891 2208/1061/1059 2232/894/892
f 2232/894/892 2208/1061/1059 2231/1062/1060
f 2232/894/892 2231/1062/1060 2255/895/893
f 2255/895/893 2231/1062/1060 2254/1063/1061
f 2255/895/893 2254/1063/1061 2278/896/894
f 2278/896/894 2254/1063/1061 2277/1064/1062
f 2278/896/894 2277/1064/1062 2301/897/895
f 2301/897/895 2277/1064/1062 2300/1065/1063
f 2301/897/895 2300/1065/1063 2324/898/896
f 2324/898/896 2300/1065/1063 2323/1066/1064
f 2324/898/896 2323/1066/1064 2347/899/897
f 2347/899/897 2323/1066/1064 2346/1067/1065
f 2347/899/897 2346/1067/1065 2370/900/898
f 2370/900/898 2346/1067/1065 2369/1068/1066
f 2370/900/898 2369/1068/1066 2393/901/899
f 2393/901/899 2369/1068/1066 2392/1069/1067
f 2393/901/899 2392/1069/1067 2416/902/900
f 2416/902/900 2392/1069/1067 2415/1070/1068
f 2416/902/900 2415/1070/1068 2439/903/901
f 2439/903/901 2415/1070/1068 2438/1071/1069
f 2439/903/901 2438/1071/1069 2462/904/902
f 2462/904/902 2438/1071/1069 2461/1072/1070
f 2462/904/902 2461/1072/1070 2485/905/903
f 2485/905/903 2461/1072/1070 2484/1073/1071
f 2485/905/903 2484/1073/1071 2508/906/904
f 2508/906/904 2484/1073/1071 2507/1074/1072
f 2508/906/904 2507/1074/1072 2531/907/905
f 2531/907/905 2507/1074/1072 2530/1075/1073
f 2531/907/905 2530/1075/1073 2554/908/906
f 2554/908/906 2530/1075/1073 2553/1076/1074
f 2554/908/906 2553/1076/1074 2577/909/907
f 2577/909/907 2553/1076/1074 2576/1077/1075
f 2577/909/907 2576/1077/1075 2600/910/908
f 2600/910/908 2576/1077/1075 2599/1078/1076
f 2600/910/908 2599/1078/1076 2623/911/909
f 2623/911/909 2599/1078/1076 2622/1079/1077
f 2623/911/909 2622/1079/1077 2646/912/910
f 2646/912/910 2622/1079/1077 2645/1080/1078
f 2646/912/910 2645/1080/1078 2669/913/911
f 2669/913/911 2645/1080/1078 2668/1081/1079
f 2669/913/911 2668/1081/1079 2692/914/912
f 2692/914/912 2668/1081/1079 2691/1082/1080
f 2692/914/912 2691/1082/1080 2715/915/913
f 2715/915/913 2691/1082/1080 2714/1083/1081
f 2715/915/913 2714/1083/1081 2738/916/914
f 2738/916/914 2714/1083/1081 2737/1084/1082
f 2738/916/914 2737/1084/1082 2761/917/915
f 2761/917/915 2737/1084/1082 2760/1085/1083
f 2761/917/915 2760/1085/1083 2784/918/916
f 2784/918/916 2760/1085/1083 2783/1086/1084
f 2784/918/916 2783/1086/1084 2807/919/917
f 2807/919/917 2783/1086/1084 2806/1087/1085
f 2807/919/917 2806/1087/1085 2830/920/918
f 2830/920/918 2806/1087/1085 2829/1088/1086
f 2830/920/918 2829/1088/1086 2853/921/919
f 2853/921/919 2829/1088/1086 2852/1089/1087
f 2853/921/919 2852/1089/1087 2876/922/920
f 2876/922/920 2852/1089/1087 2875/1090/1088
f 2876/922/920 2875/1090/1088 2899/923/921
f 2899/923/921 2875/1090/1088 2898/1091/1089
f 2899/923/921 2898/1091/1089 2922/924/922
f 2922/924/922 2898/1091/1089 2921/1092/1090
f 2922/924/922 2921/1092/1090 2945/925/923
f 2945/925/923 2921/1092/1090 2944/1093/1091
f 2945/925/923 2944/1093/1091 2968/926/924
f 2968/926/924 2944/1093/1091 2967/1094/1092
f 2968/926/924 2967/1094/1092 2991/927/925
f 2991/927/925 2967/1094/1092 2990/1095/1093
f 2991/927/925 2990/1095/1093 3014/928/926
f 3014/928/926 2990/1095/1093 3013/1096/1094
f 3014/928/926 3013/1096/1094 3037/929/927
f 3037/929/927 3013/1096/1094 3036/1097/1095
f 3037/929/927 3036/1097/1095 3060/930/928
f 3060/930/928 3036/1097/1095 3059/1098/1096
f 3060/930/928 3059/1098/1096 3083/931/929
f 3083/931/929 3059/1098/1096 3082/1099/1097
f 3083/931/929 3082/1099/1097 3106/932/930
f 3106/932/930 3082/1099/1097 3105/1100/1098
f 3106/932/930 3105/1100/1098 3129/933/931
f 3129/933/931 3105/1100/1098 3128/1101/1099
f 3129/933/931 3128/1101/1099 3152/934/932
f 3152/934/932 3128/1101/1099 3151/1102/1100
f 3152/934/932 3151/1102/1100 3175/935/933
f 3175/935/933 3151/1102/1100 3174/1103/1101
f 3175/935/933 3174/1103/1101 3198/936/934
f 3198/936/934 3174/1103/1101 3197/1104/1102
f 3198/936/934 3197/1104/1102 3221/937/935
f 3221/937/935 3197/1104/1102 3220/1105/1103
f 3221/937/935 3220/1105/1103 3244/938/936
f 3244/938/936 3220/1105/1103 3243/1106/1104
f 3244/938/936 3243/1106/1104 3267/939/937
f 3267/939/937 3243/1106/1104 3266/1107/1105
f 3267/939/937 3266/1107/1105 3290/940/938
f 3290/940/938 3266/1107/1105 3289/1108/1106
f 3290/940/938 3289/1108/1106 3313/941/939
f 3313/941/939 3289/1108/1106 3312/1109/1107
f 3313/941/939 3312/1109/1107 3336/942/940
f 3336/942/940 3312/1109/1107 3335/1110/1108
f 3336/942/940 3335/1110/1108 3359/943/941
f 3359/943/941 3335/1110/1108 3358/1111/1109
f 3359/943/941 3358/1111/1109 3382/944/942
f 3382/944/942 3358/1111/1109 3381/1112/1110
f 3382/944/942 3381/1112/1110 3405/945/943
f 3405/945/943 3381/1112/1110 3404/1113/1111
f 3405/945/943 3404/1113/1111 3428/946/944
f 3428/946/944 3404/1113/1111 3427/1114/1112
f 3428/946/944 3427/1114/1112 3451/947/945
f 3451/947/945 3427/1114/1112 3450/1115/1113
f 3451/947/945 3450/1115/1113 3474/948/946
f 3474/948/946 3450/1115/1113 3473/1116/1114
f 3474/948/946 3473/1116/1114 3497/949/947
f 3497/949/947 3473/1116/1114 3496/1117/1115
f 3497/949/947 3496/1117/1115 3520/950/948
f 3520/950/948 3496/1117/1115 3519/1118/1116
f 3520/950/948 3519/1118/1116 3543/951/949
f 3543/951/949 3519/1118/1116 3542/1119/1117
f 3543/951/949 3542/1119/1117 3566/952/950
f 3566/952/950 3542/1119/1117 3565/1120/1118
f 3566/952/950 3565/1120/1118 3589/953/951
f 3589/953/951 3565/1120/1118 3588/1121/1119
f 3589/953/951 3588/1121/1119 3612/954/952
f 3612/954/952 3588/1121/1119 3611/1122/1120
f 3612/954/952 3611/1122/1120 3635/955/953
f 3635/955/953 3611/1122/1120 3634/1123/1121
f 3635/955/953 3634/1123/1121 3658/956/954
f 3658/956/954 3634/1123/1121 3657/1124/1122
f 3658/956/954 3657/1124/1122 3681/957/955
f 3681/957/955 3657/1124/1122 3680/1125/1123
f 3681/957/955 3680/1125/1123 3704/958/956
f 3704/958/956 3680/1125/1123 3703/1126/1124
f 3704/958/956 3703/1126/1124 3727/959/957
f 3727/959/957 3703/1126/1124 3726/1127/1125
f 3727/959/957 3726/1127/1125 3750/960/958
f 3750/960/958 3726/1127/1125 3749/1128/1126
f 3750/960/958 3749/1128/1126 3773/961/959
f 3773/961/959 3749/1128/1126 3772/1129/1127
f 3773/961/959 3772/1129/1127 3796/962/960
f 3796/962/960 3772/1129/1127 3795/1130/1128
f 3796/962/960 3795/1130/1128 3819/963/961
f 3819/963/961 3795/1130/1128 3818/1131/1129
f 3819/963/961 3818/1131/1129 3842/964/962
f 3842/964/962 3818/1131/1129 3841/1132/1130
f 3842/964/962 3841/1132/1130 3865/965/963
f 3865/965/963 3841/1132/1130 3864/1133/1131
f 3865/965/963 3864/1133/1131 3888/966/964
f 3888/966/964 3864/1133/1131 3887/1134/1132
f 3888/966/964 3887/1134/1132 3911/967/965
f 3911/967/965 3887/1134/1132 3910/1135/1133
f 3911/967/965 3910/1135/1133 3934/968/966
f 3934/968/966 3910/1135/1133 3933/1136/1134
f 3934/968/966 3933/1136/1134 3957/969/967
f 3957/969/967 3933/1136/1134 3956/1137/1135
f 3957/969/967 3956/1137/1135 3980/970/968
f 3980/970/968 3956/1137/1135 3979/1138/1136
f 3980/970/968 3979/1138/1136 4003/971/969
f 4003/971/969 3979/1138/1136 4002/1139/1137
f 4003/971/969 4002/1139/1137 4026/972/970
f 4026/972/970 4002/1139/1137 4025/1140/1138
f 4026/972/970 4025/1140/1138 4049/973/971
f 4049/973/971 4025/1140/1138 4048/1141/1139
f 4049/973/971 4048/1141/1139 4072/974/972
f 4072/974/972 4048/1141/1139 4071/1142/1140
f 4072/974/972 4071/1142/1140 4095/975/973
f 4095/975/973 4071/1142/1140 4094/1143/1141
f 4095/975/973 4094/1143/1141 4118/976/974
f 4118/976/974 4094/1143/1141 4117/1144/1142
f 4118/976/974 4117/1144/1142 4141/977/975
f 4141/977/975 4117/1144/1142 4140/1145/1143
f 4141/977/975 4140/1145/1143 4164/600/600
f 4164/600/600 4140/1145/1143 4163/602/602
f 6/978/976 7/1146/1144 322/979/977
f 322/979/977 7/1146/1144 321/1147/1145
f 322/979/977 321/1147/1145 345/980/978
f 345/980/978 321/1147/1145 344/1148/1146
f 345/980/978 344/1148/1146 368/981/979
f 368/981/979 344/1148/1146 367/1149/1147
f 368/981/979 367/1149/1147 391/982/980
f 391/982/980 367/1149/1147 390/1150/1148
f 391/982/980 390/1150/1148 414/983/981
f 414/983/981 390/1150/1148 413/1151/1149
f 414/983/981 413/1151/1149 437/984/982
f 437/984/982 413/1151/1149 436/1152/1150
f 437/984/982 436/1152/1150 460/985/983
f 460/985/983 436/1152/1150 459/1153/1151
f 460/985/983 459/1153/1151 483/986/984
f 483/986/984 459/1153/1151 482/1154/1152
f 483/986/984 482/1154/1152 506/987/985
f 506/987/985 482/1154/1152 505/1155/1153
f 506/987/985 505/1155/1153 529/988/986
f 529/988/986 505/1155/1153 528/1156/1154
f 529/988/986 528/1156/1154 552/989/987
f 552/989/987 528/1156/1154 551/1157/1155
f 552/989/987 551/1157/1155 575/990/988
f 575/990/988 551/1157/1155 574/1158/1156
f 575/990/988 574/1158/1156 598/991/989
f 598/991/989 574/1158/1156 597/1159/1157
f 598/991/989 597/1159/1157 621/992/990
f 621/992/990 597/1159/1157 620/1160/1158
f 621/992/990 620/1160/1158 644/993/991
f 644/993/991 620/1160/1158 643/1161/1159
f 644/993/991 643/1161/1159 667/994/992
f 667/994/992 643/1161/1159 666/1162/1160
f 667/994/992 666/1162/1160 690/995/993
f 690/995/993 666/1162/1160 689/1163/1161
f 690/995/993 689/1163/1161 713/996/994
f 713/996/994 689/1163/1161 712/1164/1162
f 713/996/994 712/1164/1162 736/997/995
f 736/997/995 712/1164/1162 735/1165/1163
f 736/997/995 735/1165/1163 759/998/996
f 759/998/996 735/1165/1163 758/1166/1164
f 759/998/996 758/1166/1164 782/999/997
f 782/999/997 758/1166/1164 781/1167/1165
f 782/999/997 781/1167/1165 805/1000/998
f 805/1000/998 781/1167/1165 804/1168/1166
f 805/1000/998 804/1168/1166 828/1001/999
f 828/1001/999 804/1168/1166 827/1169/1167
f 828/1001/999 827/1169/1167 851/1002/1000
f 851/1002/1000 827/1169/1167 850/1170/1168
f 851/1002/1000 850/1170/1168 874/1003/1001
f 874/1003/1001 850/1170/1168 873/1171/1169
f 874/1003/1001 873/1171/1169 897/1004/1002
f 897/1004/1002 873/1171/1169 896/1172/1170
f 897/1004/1002 896/1172/1170 920/1005/1003
f 920/1005/1003 896/1172/1170 919/1173/1171
f 920/1005/1003 919/1173/1171 943/1006/1004
f 943/1006/1004 919/1173/1171 942/1174/1172
f 943/1006/1004 942/1174/1172 966/1007/1005
f 966/1007/1005 942/1174/1172 965/1175/1173
f 966/1007/1005 965/1175/1173 989/1008/1006
f 989/1008/1006 965/1175/1173 988/1176/1174
f 989/1008/1006 988/1176/1174 1012/1009/1007
f 1012/1009/1007 988/1176/1174 1011/1177/1175
f 1012/1009/1007 1011/1177/1175 1035/1010/1008
f 1035/1010/1008 1011/1177/1175 1034/1178/1176
f 1035/1010/1008 1034/1178/1176 1058/1011/1009
f 1058/1011/1009 1034/1178/1176 1057/1179/1177
f 1058/1011/1009 1057/1179/1177 1081/1012/1010
f 1081/1012/1010 1057/1179/1177 1080/1180/1178
f 1081/1012/1010 1080/1180/1178 1104/1013/1011
f 1104/1013/1011 1080/1180/1178 1103/1181/1179
f 1104/1013/1011 1103/1181/1179 1127/1014/1012
f 1127/1014/1012 1103/1181/1179 1126/1182/1180
f 1127/1014/1012 1126/1182/1180 1150/1015/1013
f 1150/1015/1013 1126/1182/1180 1149/1183/1181
f 1150/1015/1013 1149/1183/1181 1173/1016/1014
f 1173/1016/1014 1149/1183/1181 1172/1184/1182
f 1173/1016/1014 1172/1184/1182 1196/1017/1015
f 1196/1017/1015 1172/1184/1182 1195/1185/1183
f 1196/1017/1015 1195/1185/1183 1219/1018/1016
f 1219/1018/1016 1195/1185/1183 1218/1186/1184
f 1219/1018/1016 1218/1186/1184 1242/1019/1017
f 1242/1019/1017 1218/1186/1184 1241/1187/1185
f 1242/1019/1017 1241/1187/1185 1265/1020/1018
f 1265/1020/1018 1241/1187/1185 1264/1188/1186
f 1265/1020/1018 1264/1188/1186 1288/1021/1019
f 1288/1021/1019 1264/1188/1186 1287/1189/1187
f 1288/1021/1019 1287/1189/1187 1311/1022/1020
f 1311/1022/1020 1287/1189/1187 1310/1190/1188
f 1311/1022/1020 1310/1190/1188 1334/1023/1021
f 1334/1023/1021 1310/1190/1188 1333/1191/1189
f 1334/1023/1021 1333/1191/1189 1357/1024/1022
f 1357/1024/1022 1333/1191/1189 1356/1192/1190
f 1357/1024/1022 1356/1192/1190 1380/1025/1023
f 1380/1025/1023 1356/1192/1190 1379/1193/1191
f 1380/1025/1023 1379/1193/1191 1403/1026/1024
f 1403/1026/1024 1379/1193/1191 1402/1194/1192
f 1403/1026/1024 1402/1194/1192 1426/1027/1025
f 1426/1027/1025 1402/1194/1192 1425/1195/1193
f 1426/1027/1025 1425/1195/1193 1449/1028/1026
f 1449/1028/1026 1425/1195/1193 1448/1196/1194
f 1449/1028/1026 1448/1196/1194 1472/1029/1027
f 1472/1029/1027 1448/1196/1194 1471/1197/1195
f 1472/1029/1027 1471/1197/1195 1495/1030/1028
f 1495/1030/1028 1471/1197/1195 1494/1198/1196
f 1495/1030/1028 1494/1198/1196 1518/1031/1029
f 1518/1031/1029 1494/1198/1196 1517/1199/1197
f 1518/1031/1029 1517/1199/1197 1541/1032/1030
f 1541/1032/1030 1517/1199/1197 1540/1200/1198
f 1541/1032/1030 1540/1200/1198 1564/1033/1031
f 1564/1033/1031 1540/1200/1198 1563/1201/1199
f 1564/1033/1031 1563/1201/1199 1587/1034/1032
f 1587/1034/1032 1563/1201/1199 1586/1202/1200
f 1587/1034/1032 1586/1202/1200 1610/1035/1033
f 1610/1035/1033 1586/1202/1200 1609/1203/1201
f 1610/1035/1033 1609/1203/1201 1633/1036/1034
f 1633/1036/1034 1609/1203/1201 1632/1204/1202
f 1633/1036/1034 1632/1204/1202 1656/1037/1035
f 1656/1037/1035 1632/1204/1202 1655/1205/1203
f 1656/1037/1035 1655/1205/1203 1679/1038/1036
f 1679/1038/1036 1655/1205/1203 1678/1206/1204
f 1679/1038/1036 1678/1206/1204 1702/1039/1037
f 1702/1039/1037 1678/1206/1204 1701/1207/1205
f 1702/1039/1037 1701/1207/1205 1725/1040/1038
f 1725/1040/1038 1701/1207/1205 1724/1208/1206
f 1725/1040/1038 1724/1208/1206 1748/1041/1039
f 1748/1041/1039 1724/1208/1206 1747/1209/1207
f 1748/1041/1039 1747/1209/1207 1771/1042/1040
f 1771/1042/1040 1747/1209/1207 1770/1210/1208
f 1771/1042/1040 1770/1210/1208 1794/1043/1041
f 1794/1043/1041 1770/1210/1208 1793/1211/1209
f 1794/1043/1041 1793/1211/1209 1817/1044/1042
f 1817/1044/1042 1793/1211/1209 1816/1212/1210
f 1817/1044/1042 1816/1212/1210 1840/1045/1043
f 1840/1045/1043 1816/1212/1210 1839/1213/1211
f 1840/1045/1043 1839/1213/1211 1863/1046/1044
f 1863/1046/1044 1839/1213/1211 1862/1214/1212
f 1863/1046/1044 1862/1214/1212 1886/1047/1045
f 1886/1047/1045 1862/1214/1212 1885/1215/1213
f 1886/1047/1045 1885/1215/1213 1909/1048/1046
f 1909/1048/1046 1885/1215/1213 1908/1216/1214
f 1909/1048/1046 1908/1216/1214 1932/1049/1047
f 1932/1049/1047 1908/1216/1214 1931/1217/1215
f 1932/1049/1047 1931/1217/1215 1955/1050/1048
f 1955/1050/1048 1931/1217/1215 1954/1218/1216
f 1955/1050/1048 1954/1218/1216 1978/1051/1049
f 1978/1051/1049 1954/1218/1216 1977/1219/1217
f 1978/1051/1049 1977/1219/1217 2001/1052/1050
f 2001/1052/1050 1977/1219/1217 2000/1220/1218
f 2001/1052/1050 2000/1220/1218 2024/1053/1051
f 2024/1053/1051 2000/1220/1218 2023/1221/1219
f 2024/1053/1051 2023/1221/1219 2047/1054/1052
f 2047/1054/1052 2023/1221/1219 2046/1222/1220
f 2047/1054/1052 2046/1222/1220 2070/1055/1053
f 2070/1055/1053 2046/1222/1220 2069/1223/1221
f 2070/1055/1053 2069/1223/1221 2093/1056/1054
f 2093/1056/1054 2069/1223/1221 2092/1224/1222
f 2093/1056/1054 2092/1224/1222 2116/1057/1055
f 2116/1057/1055 2092/1224/1222 2115/1225/1223
f 2116/1057/1055 2115/1225/1223 2139/1058/1056
f 2139/1058/1056 2115/1225/1223 2138/1226/1224
f 2139/1058/1056 2138/1226/1224 2162/1059/1057
f 2162/1059/1057 2138/1226/1224 2161/1227/1225
f 2162/1059/1057 2161/1227/1225 2185/1060/1058
f 2185/1060/1058 2161/1227/1225 2184/1228/1226
f 2185/1060/1058 2184/1228/1226 2208/1061/1059
f 2208/1061/1059 2184/1228/1226 2207/1229/1227
f 2208/1061/1059 2207/1229/1227 2231/1062/1060
f 2231/1062/1060 2207/1229/1227 2230/1230/1228
f 2231/1062/1060 2230/1230/1228 2254/1063/1061
f 2254/1063/1061 2230/1230/1228 2253/1231/1229
f 2254/1063/1061 2253/1231/1229 2277/1064/1062
f 2277/1064/1062 2253/1231/1229 2276/1232/1230
f 2277/1064/1062 2276/1232/1230 2300/1065/1063
f 2300/1065/1063 2276/1232/1230 2299/1233/1231
f 2300/1065/1063 2299/1233/1231 2323/1066/1064
f 2323/1066/1064 2299/1233/1231 2322/1234/1232
f 2323/1066/1064 2322/1234/1232 2346/1067/1065
f 2346/1067/1065 2322/1234/1232 2345/1235/1233
f 2346/1067/1065 2345/1235/1233 2369/1068/1066
f 2369/1068/1066 2345/1235/1233 2368/1236/1234
f 2369/1068/1066 2368/1236/1234 2392/1069/1067
f 2392/1069/1067 2368/1236/1234 2391/1237/1235
f 2392/1069/1067 2391/1237/1235 2415/1070/1068
f 2415/1070/1068 2391/1237/1235 2414/1238/1236
f 2415/1070/1068 2414/1238/1236 2438/1071/1069
f 2438/1071/1069 2414/1238/1236 2437/1239/1237
f 2438/1071/1069 2437/1239/1237 2461/1072/1070
f 2461/1072/1070 2437/1239/1237 2460/1240/1238
f 2461/1072/1070 2460/1240/1238 2484/1073/1071
f 2484/1073/1071 2460/1240/1238 2483/1241/1239
f 2484/1073/1071 2483/1241/1239 2507/1074/1072
f 2507/1074/1072 2483/1241/1239 2506/1242/1240
f 2507/1074/1072 2506/1242/1240 2530/1075/1073
f 2530/1075/1073 2506/1242/1240 2529/1243/1241
f 2530/1075/1073 2529/1243/1241 2553/1076/1074
f 2553/1076/1074 2529/1243/1241 2552/1244/1242
f 2553/1076/1074 2552/1244/1242 2576/1077/1075
f 2576/1077/1075 2552/1244/1242 2575/1245/1243
f 2576/1077/1075 2575/1245/1243 2599/1078/1076
f 2599/1078/1076 2575/1245/1243 2598/1246/1244
f 2599/1078/1076 2598/1246/1244 2622/1079/1077
f 2622/1079/1077 2598/1246/1244 2621/1247/1245
f 2622/1079/1077 2621/1247/1245 2645/1080/1078
f 2645/1080/1078 2621/1247/1245 2644/1248/1246
f 2645/1080/1078 2644/1248/1246 2668/1081/1079
f 2668/1081/1079 2644/1248/1246 2667/1249/1247
f 2668/1081/1079 2667/1249/1247 2691/1082/1080
f 2691/1082/1080 2667/1249/1247 2690/1250/1248
f 2691/1082/1080 2690/1250/1248 2714/1083/1081
f 2714/1083/1081 2690/1250/1248 2713/1251/1249
f 2714/1083/1081 2713/1251/1249 2737/1084/1082
f 2737/1084/1082 2713/1251/1249 2736/1252/1250
f 2737/1084/1082 2736/1252/1250 2760/1085/1083
f 2760/1085/1083 2736/1252/1250 2759/1253/1251
f 2760/1085/1083 2759/1253/1251 2783/1086/1084
f 2783/1086/1084 2759/1253/1251 2782/1254/1252
f 2783/1086/1084 2782/1254/1252 2806/1087/1085
f 2806/1087/1085 2782/1254/1252 2805/1255/1253
f 2806/1087/1085 2805/1255/1253 2829/1088/1086
f 2829/1088/1086 2805/1255/1253 2828/1256/1254
f 2829/1088/1086 2828/1256/1254 2852/1089/1087
f 2852/1089/1087 2828/1256/1254 2851/1257/1255
f 2852/1089/1087 2851/1257/1255 2875/1090/1088
f 2875/1090/1088 2851/1257/1255 2874/1258/1256
f 2875/1090/1088 2874/1258/1256 2898/1091/1089
f 2898/1091/1089 2874/1258/1256 2897/1259/1257
f 2898/1091/1089 2897/1259/1257 2921/1092/1090
f 2921/1092/1090 2897/1259/1257 2920/1260/1258
f 2921/1092/1090 2920/1260/1258 2944/1093/1091
f 2944/1093/1091 2920/1260/1258 2943/1261/1259
f 2944/1093/1091 2943/1261/1259 2967/1094/1092
f 2967/1094/1092 2943/1261/1259 2966/1262/1260
f 2967/1094/1092 2966/1262/1260 2990/1095/1093
f 2990/1095/1093 2966/1262/1260 2989/1263/1261
f 2990/1095/1093 2989/1263/1261 3013/1096/1094
f 3013/1096/1094 2989/1263/1261 3012/1264/1262
f 3013/1096/1094 3012/1264/1262 3036/1097/1095
f 3036/1097/1095 3012/1264/1262 3035/1265/1263
f 3036/1097/1095 3035/1265/1263 3059/1098/1096
f 3059/1098/1096 3035/1265/1263 3058/1266/1264
f 3059/1098/1096 3058/1266/1264 3082/1099/1097
f 3082/1099/1097 3058/1266/1264 3081/1267/1265
f 3082/1099/1097 3081/1267/1265 3105/1100/1098
f 3105/1100/1098 3081/1267/1265 3104/1268/1266
f 3105/1100/1098 3104/1268/1266 3128/1101/1099
f 3128/1101/1099 3104/1268/1266 3127/1269/1267
f 3128/1101/1099 3127/1269/1267 3151/1102/1100
f 3151/1102/1100 3127/1269/1267 3150/1270/1268
f 3151/1102/1100 3150/1270/1268 3174/1103/1101
f 3174/1103/1101 3150/1270/1268 3173/1271/1269
f 3174/1103/1101 3173/1271/1269 3197/1104/1102
f 3197/1104/1102 3173/1271/1269 3196/1272/1270
f 3197/1104/1102 3196/1272/1270 3220/1105/1103
f 3220/1105/1103 3196/1272/1270 3219/1273/1271
f 3220/1105/1103 3219/1273/1271 3243/1106/1104
f 3243/1106/1104 3219/1273/1271 3242/1274/1272
f 3243/1106/1104 3242/1274/1272 3266/1107/1105
f 3266/1107/1105 3242/1274/1272 3265/1275/1273
f 3266/1107/1105 3265/1275/1273 3289/1108/1106
f 3289/1108/1106 3265/1275/1273 3288/1276/1274
f 3289/1108/1106 3288/1276/1274 3312/1109/1107
f 3312/1109/1107 3288/1276/1274 3311/1277/1275
f 3312/1109/1107 3311/1277/1275 3335/1110/1108
f 3335/1110/1108 3311/1277/1275 3334/1278/1276
f 3335/1110/1108 3334/1278/1276 3358/1111/1109
f 3358/1111/1109 3334/1278/1276 3357/1279/1277
f 3358/1111/1109 3357/1279/1277 3381/1112/1110
f 3381/1112/1110 3357/1279/1277 3380/1280/1278
f 3381/1112/1110 3380/1280/1278 3404/1113/1111
f 3404/1113/1111 3380/1280/1278 3403/1281/1279
f 3404/1113/1111 3403/1281/1279 3427/1114/1112
f 3427/1114/1112 3403/1281/1279 3426/1282/1280
f 3427/1114/1112 3426/1282/1280 3450/1115/1113
f 3450/1115/1113 3426/1282/1280 3449/1283/1281
f 3450/1115/1113 3449/1283/1281 3473/1116/1114
f 3473/1116/1114 3449/1283/1281 3472/1284/1282
f 3473/1116/1114 3472/1284/1282 3496/1117/1115
f 3496/1117/1115 3472/1284/1282 3495/1285/1283
f 3496/1117/1115 3495/1285/1283 3519/1118/1116
f 3519/1118/1116 3495/1285/1283 3518/1286/1284
f 3519/1118/1116 3518/1286/1284 3542/1119/1117
f 3542/1119/1117 3518/1286/1284 3541/1287/1285
f 3542/1119/1117 3541/1287/1285 3565/1120/1118
f 3565/1120/1118 3541/1287/1285 3564/1288/1286
f 3565/1120/1118 3564/1288/1286 3588/1121/1119
f 3588/1121/1119 3564/1288/1286 3587/1289/1287
f 3588/1121/1119 3587/1289/1287 3611/1122/1120
f 3611/1122/1120 3587/1289/1287 3610/1290/1288
f 3611/1122/1120 3610/1290/1288 3634/1123/1121
f 3634/1123/1121 3610/1290/1288 3633/1291/1289
f 3634/1123/1121 3633/1291/1289 3657/1124/1122
f 3657/1124/1122 3633/1291/1289 3656/1292/1290
f 3657/1124/1122 3656/1292/1290 3680/1125/1123
f 3680/1125/1123 3656/1292/1290 3679/1293/1291
f 3680/1125/1123 3679/1293/1291 3703/1126/1124
f 3703/1126/1124 3679/1293/1291 3702/1294/1292
f 3703/1126/1124 3702/1294/1292 3726/1127/1125
f 3726/1127/1125 3702/1294/1292 3725/1295/1293
f 3726/1127/1125 3725/1295/1293 3749/1128/1126
f 3749/1128/1126 3725/1295/1293 3748/1296/1294
f 3749/1128/1126 3748/1296/1294 3772/1129/1127
f 3772/1129/1127 3748/1296/1294 3771/1297/1295
f 3772/1129/1127 3771/1297/1295 3795/1130/1128
f 3795/1130/1128 3771/1297/1295 3794/1298/1296
f 3795/1130/1128 3794/1298/1296 3818/1131/1129
f 3818/1131/1129 3794/1298/1296 3817/1299/1297
f 3818/1131/1129 3817/1299/1297 3841/1132/1130
f 3841/1132/1130 3817/1299/1297 3840/1300/1298
f 3841/1132/1130 3840/1300/1298 3864/1133/1131
f 3864/1133/1131 3840/1300/1298 3863/1301/1299
f 3864/1133/1131 3863/1301/1299 3887/1134/1132
f 3887/1134/1132 3863/1301/1299 3886/1302/1300
f 3887/1134/1132 3886/1302/1300 3910/1135/1133
f 3910/1135/1133 3886/1302/1300 3909/1303/1301
f 3910/1135/1133 3909/1303/1301 3933/1136/1134
f 3933/1136/1134 3909/1303/1301 3932/1304/1302
f 3933/1136/1134 3932/1304/1302 3956/1137/1135
f 3956/1137/1135 3932/1304/1302 3955/1305/1303
f 3956/1137/1135 3955/1305/1303 3979/1138/1136
f 3979/1138/1136 3955/1305/1303 3978/1306/1304
f 3979/1138/1136 3978/1306/1304 4002/1139/1137
f 4002/1139/1137 3978/1306/1304 4001/1307/1305
f 4002/1139/1137 4001/1307/1305 4025/1140/1138
f 4025/1140/1138 4001/1307/1305 4024/1308/1306
f 4025/1140/1138 4024/1308/1306 4048/1141/1139
f 4048/1141/1139 4024/1308/1306 4047/1309/1307
f 4048/1141/1139 4047/1309/1307 4071/1142/1140
f 4071/1142/1140 4047/1309/1307 4070/1310/1308
f 4071/1142/1140 4070/1310/1308 4094/1143/1141
f 4094/1143/1141 4070/1310/1308 4093/1311/1309
f 4094/1143/1141 4093/1311/1309 4117/1144/1142
f 4117/1144/1142 4093/1311/1309 4116/1312/1310
f 4117/1144/1142 4116/1312/1310 4140/1145/1143
f 4140/1145/1143 4116/1312/1310 4139/1313/1311
f 4140/1145/1143 4139/1313/1311 4163/602/602
f 4163/602/602 4139/1313/1311 4162/604/604
f 7/1146/1144 8/1314/1312 321/1147/1145
f 321/1147/1145 8/1314/1312 320/1315/1313
f 321/1147/1145 320/1315/1313 344/1148/1146
f 344/1148/1146 320/1315/1313 343/1316/1314
f 344/1148/1146 343/1316/1314 367/1149/1147
f 367/1149/1147 343/1316/1314 366/1317/1315
f 367/1149/1147 366/1317/1315 390/1150/1148
f 390/1150/1148 366/1317/1315 389/1318/1316
f 390/1150/1148 389/1318/1316 413/1151/1149
f 413/1151/1149 389/1318/1316 412/1319/1317
f 413/1151/1149 412/1319/1317 436/1152/1150
f 436/1152/1150 412/1319/1317 435/1320/1318
f 436/1152/1150 435/1320/1318 459/1153/1151
f 459/1153/1151 435/1320/1318 458/1321/1319
f 459/1153/1151 458/1321/1319 482/1154/1152
f 482/1154/1152 458/1321/1319 481/1322/1320
f 482/1154/1152 481/1322/1320 505/1155/1153
f 505/1155/1153 481/1322/1320 504/1323/1321
f 505/1155/1153 504/1323/1321 528/1156/1154
f 528/1156/1154 504/1323/1321 527/1324/1322
f 528/1156/1154 527/1324/1322 551/1157/1155
f 551/1157/1155 527/1324/1322 550/1325/1323
f 551/1157/1155 550/1325/1323 574/1158/1156
f 574/1158/1156 550/1325/1323 573/1326/1324
f 574/1158/1156 573/1326/1324 597/1159/1157
f 597/1159/1157 573/1326/1324 596/1327/1325
f 597/1159/1157 596/1327/1325 620/1160/1158
f 620/1160/1158 596/1327/1325 619/1328/1326
f 620/1160/1158 619/1328/1326 643/1161/1159
f 643/1161/1159 619/1328/1326 642/1329/1327
f 643/1161/1159 642/1329/1327 666/1162/1160
f 666/1162/1160 642/1329/1327 665/1330/1328
f 666/1162/1160 665/1330/1328 689/1163/1161
f 689/1163/1161 665/1330/1328 688/1331/1329
f 689/1163/1161 688/1331/1329 712/1164/1162
f 712/1164/1162 688/1331/1329 711/1332/1330
f 712/1164/1162 711/1332/1330 735/1165/1163
f 735/1165/1163 711/1332/1330 734/1333/1331
f 735/1165/1163 734/1333/1331 758/1166/1164
f 758/1166/1164 734/1333/1331 757/1334/1332
f 758/1166/1164 757/1334/1332 781/1167/1165
f 781/1167/1165 757/1334/1332 780/1335/1333
f 781/1167/1165 780/1335/1333 804/1168/1166
f 804/1168/1166 780/1335/1333 803/1336/1334
f 804/1168/1166 803/1336/1334 827/1169/1167
f 827/1169/1167 803/1336/1334 826/1337/1335
f 827/1169/1167 826/1337/1335 850/1170/1168
f 850/1170/1168 826/1337/1335 849/1338/1336
f 850/1170/1168 849/1338/1336 873/1171/1169
f 873/1171/1169 849/1338/1336 872/1339/1337
f 873/1171/1169 872/1339/1337 896/1172/1170
f 896/1172/1170 872/1339/1337 895/1340/1338
f 896/1172/1170 895/1340/1338 919/1173/1171
f 919/1173/1171 895/1340/1338 918/1341/1339
f 919/1173/1171 918/1341/1339 942/1174/1172
f 942/1174/1172 918/1341/1339 941/1342/1340
f 942/1174/1172 941/1342/1340 965/1175/1173
f 965/1175/1173 941/1342/1340 964/1343/1341
f 965/1175/1173 964/1343/1341 988/1176/1174
f 988/1176/1174 964/1343/1341 987/1344/1342
f 988/1176/1174 987/1344/1342 1011/1177/1175
f 1011/1177/1175 987/1344/1342 1010/1345/1343
f 1011/1177/1175 1010/1345/1343 1034/1178/1176
f 1034/1178/1176 1010/1345/1343 1033/1346/1344
f 1034/1178/1176 1033/1346/1344 1057/1179/1177
f 1057/1179/1177 1033/1346/1344 1056/1347/1345
f 1057/1179/1177 1056/1347/1345 1080/1180/1178
f 1080/1180/1178 1056/1347/1345 1079/1348/1346
f 1080/1180/1178 1079/1348/1346 1103/1181/1179
f 1103/1181/1179 1079/1348/1346 1102/1349/1347
f 1103/1181/1179 1102/1349/1347 1126/1182/1180
f 1126/1182/1180 1102/1349/1347 1125/1350/1348
f 1126/1182/1180 1125/1350/1348 1149/1183/1181
f 1149/1183/1181 1125/1350/1348 1148/1351/1349
f 1149/1183/1181 1148/1351/1349 1172/1184/1182
f 1172/1184/1182 1148/1351/1349 1171/1352/1350
f 1172/1184/1182 1171/1352/1350 1195/1185/1183
f 1195/1185/1183 1171/1352/1350 1194/1353/1351
f 1195/1185/1183 1194/1353/1351 1218/1186/1184
f 1218/1186/1184 1194/1353/1351 1217/1354/1352
f 1218/1186/1184 1217/1354/1352 1241/1187/1185
f 1241/1187/1185 1217/1354/1352 1240/1355/1353
f 1241/1187/1185 1240/1355/1353 1264/1188/1186
f 1264/1188/1186 1240/1355/1353 1263/1356/1354
f 1264/1188/1186 1263/1356/1354 1287/1189/1187
f 1287/1189/1187 1263/1356/1354 1286/1357/1355
f 1287/1189/1187 1286/1357/1355 1310/1190/1188
f 1310/1190/1188 1286/1357/1355 1309/1358/1356
f 1310/1190/1188 1309/1358/1356 1333/1191/1189
f 1333/1191/1189 1309/1358/1356 1332/1359/1357
f 1333/1191/1189 1332/1359/1357 1356/1192/1190
f 1356/1192/1190 1332/1359/1357 1355/1360/1358
f 1356/1192/1190 1355/1360/1358 1379/1193/1191
f 1379/1193/1191 1355/1360/1358 1378/1361/1359
f 1379/1193/1191 1378/1361/1359 1402/1194/1192
f 1402/1194/1192 1378/1361/1359 1401/1362/1360
f 1402/1194/1192 1401/1362/1360 1425/1195/1193
f 1425/1195/1193 1401/1362/1360 1424/1363/1361
f 1425/1195/1193 1424/1363/1361 1448/1196/1194
f 1448/1196/1194 1424/1363/1361 1447/1364/1362
f 1448/1196/1194 1447/1364/1362 1471/1197/1195
f 1471/1197/1195 1447/1364/1362 1470/1365/1363
f 1471/1197/1195 1470/1365/1363 1494/1198/1196
f 1494/1198/1196 1470/1365/1363 1493/1366/1364
f 1494/1198/1196 1493/1366/1364 1517/1199/1197
f 1517/1199/1197 1493/1366/1364 1516/1367/1365
f 1517/1199/1197 1516/1367/1365 1540/1200/1198
f 1540/1200/1198 1516/1367/1365 1539/1368/1366
f 1540/1200/1198 1539/1368/1366 1563/1201/1199
f 1563/1201/1199 1539/1368/1366 1562/1369/1367
f 1563/1201/1199 1562/1369/1367 1586/1202/1200
f 1586/1202/1200 1562/1369/1367 1585/1370/1368
f 1586/1202/1200 1585/1370/1368 1609/1203/1201
f 1609/1203/1201 1585/1370/1368 1608/1371/1369
f 1609/1203/1201 1608/1371/1369 1632/1204/1202
f 1632/1204/1202 1608/1371/1369 1631/1372/1370
f 1632/1204/1202 1631/1372/1370 1655/1205/1203
f 1655/1205/1203 1631/1372/1370 1654/1373/1371
f 1655/1205/1203 1654/1373/1371 1678/1206/1204
f 1678/1206/1204 1654/1373/1371 1677/1374/1372
f 1678/1206/1204 1677/1374/1372 1701/1207/1205
f 1701/1207/1205 1677/1374/1372 1700/1375/1373
f 1701/1207/1205 1700/1375/1373 1724/1208/1206
f 1724/1208/1206 1700/1375/1373 1723/1376/1374
f 1724/1208/1206 1723/1376/1374 1747/1209/1207
f 1747/1209/1207 1723/1376/1374 1746/1377/1375
f 1747/1209/1207 1746/1377/1375 1770/1210/1208
f 1770/1210/1208 1746/1377/1375 1769/1378/1376
f 1770/1210/1208 1769/1378/1376 1793/1211/1209
f 1793/1211/1209 1769/1378/1376 1792/1379/1377
f 1793/1211/1209 1792/1379/1377 1816/1212/1210
f 1816/1212/1210 1792/1379/1377 1815/1380/1378
f 1816/1212/1210 1815/1380/1378 1839/1213/1211
f 1839/1213/1211 1815/1380/1378 1838/1381/1379
f 1839/1213/1211 1838/1381/1379 1862/1214/1212
f 1862/1214/1212 1838/1381/1379 1861/1382/1380
f 1862/1214/1212 1861/1382/1380 1885/1215/1213
f 1885/1215/1213 1861/1382/1380 1884/1383/1381
f 1885/1215/1213 1884/1383/1381 1908/1216/1214
f 1908/1216/1214 1884/1383/1381 1907/1384/1382
f 1908/1216/1214 1907/1384/1382 1931/1217/1215
f 1931/1217/1215 1907/1384/1382 1930/1385/1383
f 1931/1217/1215 1930/1385/1383 1954/1218/1216
f 1954/1218/1216 1930/1385/1383 1953/1386/1384
f 1954/1218/1216 1953/1386/1384 1977/1219/1217
f 1977/1219/1217 1953/1386/1384 1976/1387/1385
f 1977/1219/1217 1976/1387/1385 2000/1220/1218
f 2000/1220/1218 1976/1387/1385 1999/1388/1386
f 2000/1220/1218 1999/1388/1386 2023/1221/1219
f 2023/1221/1219 1999/1388/1386 2022/1389/1387
f 2023/1221/1219 2022/1389/1387 2046/1222/1220
f 2046/1222/1220 2022/1389/1387 2045/1390/1388
f 2046/1222/1220 2045/1390/1388 2069/1223/1221
f 2069/1223/1221 2045/1390/1388 2068/1391/1389
f 2069/1223/1221 2068/1391/1389 2092/1224/1222
f 2092/1224/1222 2068/1391/1389 2091/1392/1390
f 2092/1224/1222 2091/1392/1390 2115/1225/1223
f 2115/1225/1223 2091/1392/1390 2114/1393/1391
f 2115/1225/1223 2114/1393/1391 2138/1226/1224
f 2138/1226/1224 2114/1393/1391 2137/1394/1392
f 2138/1226/1224 2137/1394/1392 2161/1227/1225
f 2161/1227/1225 2137/1394/1392 2160/1395/1393
f 2161/1227/1225 2160/1395/1393 2184/1228/1226
f 2184/1228/1226 2160/1395/1393 2183/1396/1394
f 2184/1228/1226 2183/1396/1394 2207/1229/1227
f 2207/1229/1227 2183/1396/1394 2206/1397/1395
f 2207/1229/1227 2206/1397/1395 2230/1230/1228
f 2230/1230/1228 2206/1397/1395 2229/1398/1396
f 2230/1230/1228 2229/1398/1396 2253/1231/1229
f 2253/1231/1229 2229/1398/1396 2252/1399/1397
f 2253/1231/1229 2252/1399/1397 2276/1232/1230
f 2276/1232/1230 2252/1399/1397 2275/1400/1398
f 2276/1232/1230 2275/1400/1398 2299/1233/1231
f 2299/1233/1231 2275/1400/1398 2298/1401/1399
f 2299/1233/1231 2298/1401/1399 2322/1234/1232
f 2322/1234/1232 2298/1401/1399 2321/1402/1400
f 2322/1234/1232 2321/1402/1400 2345/1235/1233
f 2345/1235/1233 2321/1402/1400 2344/1403/1401
f 2345/1235/1233 2344/1403/1401 2368/1236/1234
f 2368/1236/1234 2344/1403/1401 2367/1404/1402
f 2368/1236/1234 2367/1404/1402 2391/1237/1235
f 2391/1237/1235 2367/1404/1402 2390/1405/1403
f 2391/1237/1235 2390/1405/1403 2414/1238/1236
f 2414/1238/1236 2390/1405/1403 2413/1406/1404
f 2414/1238/1236 2413/1406/1404 2437/1239/1237
f 2437/1239/1237 2413/1406/1404 2436/1407/1405
f 2437/1239/1237 2436/1407/1405 2460/1240/1238
f 2460/1240/1238 2436/1407/1405 2459/1408/1406
f 2460/1240/1238 2459/1408/1406 2483/1241/1239
f 2483/1241/1239 2459/1408/1406 2482/1409/1407
f 2483/1241/1239 2482/1409/1407 2506/1242/1240
f 2506/1242/1240 2482/1409/1407 2505/1410/1408
f 2506/1242/1240 2505/1410/1408 2529/1243/1241
f 2529/1243/1241 2505/1410/1408 2528/1411/1409
f 2529/1243/1241 2528/1411/1409 2552/1244/1242
f 2552/1244/1242 2528/1411/1409 2551/1412/1410
f 2552/1244/1242 2551/1412/1410 2575/1245/1243
f 2575/1245/1243 2551/1412/1410 2574/1413/1411
f 2575/1245/1243 2574/1413/1411 2598/1246/1244
f 2598/1246/1244 2574/1413/1411 2597/1414/1412
f 2598/1246/1244 2597/1414/1412 2621/1247/1245
f 2621/1247/1245 2597/1414/1412 2620/1415/1413
f 2621/1247/1245 2620/1415/1413 2644/1248/1246
f 2644/1248/1246 2620/1415/1413 2643/1416/1414
f 2644/1248/1246 2643/1416/1414 2667/1249/1247
f 2667/1249/1247 2643/1416/1414 2666/1417/1415
f 2667/1249/1247 2666/1417/1415 2690/1250/1248
f 2690/1250/1248 2666/1417/1415 2689/1418/1416
f 2690/1250/1248 2689/1418/1416 2713/1251/1249
f 2713/1251/1249 2689/1418/1416 2712/1419/1417
f 2713/1251/1249 2712/1419/1417 2736/1252/1250
f 2736/1252/1250 2712/1419/1417 2735/1420/1418
f 2736/1252/1250 2735/1420/1418 2759/1253/1251
f 2759/1253/1251 2735/1420/1418 2758/1421/1419
f 2759/1253/1251 2758/1421/1419 2782/1254/1252
f 2782/1254/1252 2758/1421/1419 2781/1422/1420
f 2782/1254/1252 2781/1422/1420 2805/1255/1253
f 2805/1255/1253 2781/1422/1420 2804/1423/1421
f 2805/1255/1253 2804/1423/1421 2828/1256/1254
f 2828/1256/1254 2804/1423/1421 2827/1424/1422
f 2828/1256/1254 2827/1424/1422 2851/1257/1255
f 2851/1257/1255 2827/1424/1422 2850/1425/1423
f 2851/1257/1255 2850/1425/1423 2874/1258/1256
f 2874/1258/1256 2850/1425/1423 2873/1426/1424
f 2874/1258/1256 2873/1426/1424 2897/1259/1257
f 2897/1259/1257 2873/1426/1424 2896/1427/1425
f 2897/1259/1257 2896/1427/1425 2920/1260/1258
f 2920/1260/1258 2896/1427/1425 2919/1428/1426
f 2920/1260/1258 2919/1428/1426 2943/1261/1259
f 2943/1261/1259 2919/1428/1426 2942/1429/1427
f 2943/1261/1259 2942/1429/1427 2966/1262/1260
f 2966/1262/1260 2942/1429/1427 2965/1430/1428
f 2966/1262/1260 2965/1430/1428 2989/1263/1261
f 2989/1263/1261 2965/1430/1428 2988/1431/1429
f 2989/1263/1261 2988/1431/1429 3012/1264/1262
f 3012/1264/1262 2988/1431/1429 3011/1432/1430
f 3012/1264/1262 3011/1432/1430 3035/1265/1263
f 3035/1265/1263 3011/1432/1430 3034/1433/1431
f 3035/1265/1263 3034/1433/1431 3058/1266/1264
f 3058/1266/1264 3034/1433/1431 3057/1434/1432
f 3058/1266/1264 3057/1434/1432 3081/1267/1265
f 3081/1267/1265 3057/1434/1432 3080/1435/1433
f 3081/1267/1265 3080/1435/1433 3104/1268/1266
f 3104/1268/1266 3080/1435/1433 3103/1436/1434
f 3104/1268/1266 3103/1436/1434 3127/1269/1267
f 3127/1269/1267 3103/1436/1434 3126/1437/1435
f 3127/1269/1267 3126/1437/1435 3150/1270/1268
f 3150/1270/1268 3126/1437/1435 3149/1438/1436
f 3150/1270/1268 3149/1438/1436 3173/1271/1269
f 3173/1271/1269 3149/1438/1436 3172/1439/1437
f 3173/1271/1269 3172/1439/1437 3196/1272/1270
f 3196/1272/1270 3172/1439/1437 3195/1440/1438
f 3196/1272/1270 3195/1440/1438 3219/1273/1271
f 3219/1273/1271 3195/1440/1438 3218/1441/1439
f 3219/1273/1271 3218/1441/1439 3242/1274/1272
f 3242/1274/1272 3218/1441/1439 3241/1442/1440
f 3242/1274/1272 3241/1442/1440 3265/1275/1273
f 3265/1275/1273 3241/1442/1440 3264/1443/1441
f 3265/1275/1273 3264/1443/1441 3288/1276/1274
f 3288/1276/1274 3264/1443/1441 3287/1444/1442
f 3288/1276/1274 3287/1444/1442 3311/1277/1275
f 3311/1277/1275 3287/1444/1442 3310/1445/1443
f 3311/1277/1275 3310/1445/1443 3334/1278/1276
f 3334/1278/1276 3310/1445/1443 3333/1446/1444
f 3334/1278/1276 3333/1446/1444 3357/1279/1277
f 3357/1279/1277 3333/1446/1444 3356/1447/1445
f 3357/1279/1277 3356/1447/1445 3380/1280/1278
f 3380/1280/1278 3356/1447/1445 3379/1448/1446
f 3380/1280/1278 3379/1448/1446 3403/1281/1279
f 3403/1281/1279 3379/1448/1446 3402/1449/1447
f 3403/1281/1279 3402/1449/1447 3426/1282/1280
f 3426/1282/1280 3402/1449/1447 3425/1450/1448
f 3426/1282/1280 3425/1450/1448 3449/1283/1281
f 3449/1283/1281 3425/1450/1448 3448/1451/1449
f 3449/1283/1281 3448/1451/1449 3472/1284/1282
f 3472/1284/1282 3448/1451/1449 3471/1452/1450
f 3472/1284/1282 3471/1452/1450 3495/1285/1283
f 3495/1285/1283 3471/1452/1450 3494/1453/1451
f 3495/1285/1283 3494/1453/1451 3518/1286/1284
f 3518/1286/1284 3494/1453/1451 3517/1454/1452
f 3518/1286/1284 3517/1454/1452 3541/1287/1285
f 3541/1287/1285 3517/1454/1452 3540/1455/1453
f 3541/1287/1285 3540/1455/1453 3564/1288/1286
f 3564/1288/1286 3540/1455/1453 3563/1456/1454
f 3564/1288/1286 3563/1456/1454 3587/1289/1287
f 3587/1289/1287 3563/1456/1454 3586/1457/1455
f 3587/1289/1287 3586/1457/1455 3610/1290/1288
f 3610/1290/1288 3586/1457/1455 3609/1458/1456
f 3610/1290/1288 3609/1458/1456 3633/1291/1289
f 3633/1291/1289 3609/1458/1456 3632/1459/1457
f 3633/1291/1289 3632/1459/1457 3656/1292/1290
f 3656/1292/1290 3632/1459/1457 3655/1460/1458
f 3656/1292/1290 3655/1460/1458 3679/1293/1291
f 3679/1293/1291 3655/1460/1458 3678/1461/1459
f 3679/1293/1291 3678/1461/1459 3702/1294/1292
f 3702/1294/1292 3678/1461/1459 3701/1462/1460
f 3702/1294/1292 3701/1462/1460 3725/1295/1293
f 3725/1295/1293 3701/1462/1460 3724/1463/1461
f 3725/1295/1293 3724/1463/1461 3748/1296/1294
f 3748/1296/1294 3724/1463/1461 3747/1464/1462
f 3748/1296/1294 3747/1464/1462 3771/1297/1295
f 3771/1297/1295 3747/1464/1462 3770/1465/1463
f 3771/1297/1295 3770/1465/1463 3794/1298/1296
f 3794/1298/1296 3770/1465/1463 3793/1466/1464
f 3794/1298/1296 3793/1466/1464 3817/1299/1297
f 3817/1299/1297 3793/1466/1464 3816/1467/1465
f 3817/1299/1297 3816/1467/1465 3840/1300/1298
f 3840/1300/1298 3816/1467/1465 3839/1468/1466
f 3840/1300/1298 3839/1468/1466 3863/1301/1299
f 3863/1301/1299 3839/1468/1466 3862/1469/1467
f 3863/1301/1299 3862/1469/1467 3886/1302/1300
f 3886/1302/1300 3862/1469/1467 3885/1470/1468
f 3886/1302/1300 3885/1470/1468 3909/1303/1301
f 3909/1303/1301 3885/1470/1468 3908/1471/1469
f 3909/1303/1301 3908/1471/1469 3932/1304/1302
f 3932/1304/1302 3908/1471/1469 3931/1472/1470
f 3932/1304/1302 3931/1472/1470 3955/1305/1303
f 3955/1305/1303 3931/1472/1470 3954/1473/1471
f 3955/1305/1303 3954/1473/1471 3978/1306/1304
f 3978/1306/1304 3954/1473/1471 3977/1474/1472
f 3978/1306/1304 3977/1474/1472 4001/1307/1305
f 4001/1307/1305 3977/1474/1472 4000/1475/1473
f 4001/1307/1305 4000/1475/1473 4024/1308/1306
f 4024/1308/1306 4000/1475/1473 4023/1476/1474
f 4024/1308/1306 4023/1476/1474 4047/1309/1307
f 4047/1309/1307 4023/1476/1474 4046/1477/1475
f 4047/1309/1307 4046/1477/1475 4070/1310/1308
f 4070/1310/1308 4046/1477/1475 4069/1478/1476
f 4070/1310/1308 4069/1478/1476 4093/1311/1309
f 4093/1311/1309 4069/1478/1476 4092/1479/1477
f 4093/1311/1309 4092/1479/1477 4116/1312/1310
f 4116/1312/1310 4092/1479/1477 4115/1480/1478
f 4116/1312/1310 4115/1480/1478 4139/1313/1311
f 4139/1313/1311 4115/1480/1478 4138/1481/1479
f 4139/1313/1311 4138/1481/1479 4162/604/604
f 4162/604/604 4138/1481/1479 4161/606/606
f 8/1314/1312 9/1482/1480 320/1315/1313
f 320/1315/1313 9/1482/1480 319/1483/1481
f 320/1315/1313 319/1483/1481 343/1316/1314
f 343/1316/1314 319/1483/1481 342/1484/1482
f 343/1316/1314 342/1484/1482 366/1317/1315
f 366/1317/1315 342/1484/1482 365/1485/1483
f 366/1317/1315 365/1485/1483 389/1318/1316
f 389/1318/1316 365/1485/1483 388/1486/1484
f 389/1318/1316 388/1486/1484 412/1319/1317
f 412/1319/1317 388/1486/1484 411/1487/1485
f 412/1319/1317 411/1487/1485 435/1320/1318
f 435/1320/1318 411/1487/1485 434/1488/1486
f 435/1320/1318 434/1488/1486 458/1321/1319
f 458/1321/1319 434/1488/1486 457/1489/1487
f 458/1321/1319 457/1489/1487 481/1322/1320
f 481/1322/1320 457/1489/1487 480/1490/1488
f 481/1322/1320 480/1490/1488 504/1323/1321
f 504/1323/1321 480/1490/1488 503/1491/1489
f 504/1323/1321 503/1491/1489 527/1324/1322
f 527/1324/1322 503/1491/1489 526/1492/1490
f 527/1324/1322 526/1492/1490 550/1325/1323
f 550/1325/1323 526/1492/1490 549/1493/1491
f 550/1325/1323 549/1493/1491 573/1326/1324
f 573/1326/1324 549/1493/1491 572/1494/1492
f 573/1326/1324 572/1494/1492 596/1327/1325
f 596/1327/1325 572/1494/1492 595/1495/1493
f 596/1327/1325 595/1495/1493 619/1328/1326
f 619/1328/1326 595/1495/1493 618/1496/1494
f 619/1328/1326 618/1496/1494 642/1329/1327
f 642/1329/1327 618/1496/1494 641/1497/1495
f 642/1329/1327 641/1497/1495 665/1330/1328
f 665/1330/1328 641/1497/1495 664/1498/1496
f 665/1330/1328 664/1498/1496 688/1331/1329
f 688/1331/1329 664/1498/1496 687/1499/1497
f 688/1331/1329 687/1499/1497 711/1332/1330
f 711/1332/1330 687/1499/1497 710/1500/1498
f 711/1332/1330 710/1500/1498 734/1333/1331
f 734/1333/1331 710/1500/1498 733/1501/1499
f 734/1333/1331 733/1501/1499 757/1334/1332
f 757/1334/1332 733/1501/1499 756/1502/1500
f 757/1334/1332 756/1502/1500 780/1335/1333
f 780/1335/1333 756/1502/1500 779/1503/1501
f 780/1335/1333 779/1503/1501 803/1336/1334
f 803/1336/1334 779/1503/1501 802/1504/1502
f 803/1336/1334 802/1504/1502 826/1337/1335
f 826/1337/1335 802/1504/1502 825/1505/1503
f 826/1337/1335 825/1505/1503 849/1338/1336
f 849/1338/1336 825/1505/1503 848/1506/1504
f 849/1338/1336 848/1506/1504 872/1339/1337
f 872/1339/1337 848/1506/1504 871/1507/1505
f 872/1339/1337 871/1507/1505 895/1340/1338
f 895/1340/1338 871/1507/1505 894/1508/1506
f 895/1340/1338 894/1508/1506 918/1341/1339
f 918/1341/1339 894/1508/1506 917/1509/1507
f 918/1341/1339 917/1509/1507 941/1342/1340
f 941/1342/1340 917/1509/1507 940/1510/1508
f 941/1342/1340 940/1510/1508 964/1343/1341
f 964/1343/1341 940/1510/1508 963/1511/1509
f 964/1343/1341 963/1511/1509 987/1344/1342
f 987/1344/1342 963/1511/1509 986/1512/1510
f 987/1344/1342 986/1512/1510 1010/1345/1343
f 1010/1345/1343 986/1512/1510 1009/1513/1511
f 1010/1345/1343 1009/1513/1511 1033/1346/1344
f 1033/1346/1344 1009/1513/1511 1032/1514/1512
f 1033/1346/1344 1032/1514/1512 1056/1347/1345
f 1056/1347/1345 1032/1514/1512 1055/1515/1513
f 1056/1347/1345 1055/1515/1513 1079/1348/1346
f 1079/1348/1346 1055/1515/1513 1078/1516/1514
f 1079/1348/1346 1078/1516/1514 1102/1349/1347
f 1102/1349/1347 1078/1516/1514 1101/1517/1515
f 1102/1349/1347 1101/1517/1515 1125/1350/1348
f 1125/1350/1348 1101/1517/1515 1124/1518/1516
f 1125/1350/1348 1124/1518/1516 1148/1351/1349
f 1148/1351/1349 1124/1518/1516 1147/1519/1517
f 1148/1351/1349 1147/1519/1517 1171/1352/1350
f 1171/1352/1350 1147/1519/1517 1170/1520/1518
f 1171/1352/1350 1170/1520/1518 1194/1353/1351
f 1194/1353/1351 1170/1520/1518 1193/1521/1519
f 1194/1353/1351 1193/1521/1519 1217/1354/1352
f 1217/1354/1352 1193/1521/1519 1216/1522/1520
f 1217/1354/1352 1216/1522/1520 1240/1355/1353
f 1240/1355/1353 1216/1522/1520 1239/1523/1521
f 1240/1355/1353 1239/1523/1521 1263/1356/1354
f 1263/1356/1354 1239/1523/1521 1262/1524/1522
f 1263/1356/1354 1262/1524/1522 1286/1357/1355
f 1286/1357/1355 1262/1524/1522 1285/1525/1523
f 1286/1357/1355 1285/1525/1523 1309/1358/1356
f 1309/1358/1356 1285/1525/1523 1308/1526/1524
f 1309/1358/1356 1308/1526/1524 1332/1359/1357
f 1332/1359/1357 1308/1526/1524 1331/1527/1525
f 1332/1359/1357 1331/1527/1525 1355/1360/1358
f 1355/1360/1358 1331/1527/1525 1354/1528/1526
f 1355/1360/1358 1354/1528/1526 1378/1361/1359
f 1378/1361/1359 1354/1528/1526 1377/1529/1527
f 1378/1361/1359 1377/1529/1527 1401/1362/1360
f 1401/1362/1360 1377/1529/1527 1400/1530/1528
f 1401/1362/1360 1400/1530/1528 1424/1363/1361
f 1424/1363/1361 1400/1530/1528 1423/1531/1529
f 1424/1363/1361 1423/1531/1529 1447/1364/1362
f 1447/1364/1362 1423/1531/1529 1446/1532/1530
f 1447/1364/1362 1446/1532/1530 1470/1365/1363
f 1470/1365/1363 1446/1532/1530 1469/1533/1531
f 1470/1365/1363 1469/1533/1531 1493/1366/1364
f 1493/1366/1364 1469/1533/1531 1492/1534/1532
f 1493/1366/1364 1492/1534/1532 1516/1367/1365
f 1516/1367/1365 1492/1534/1532 1515/1535/1533
f 1516/1367/1365 1515/1535/1533 1539/1368/1366
f 1539/1368/1366 1515/1535/1533 1538/1536/1534
f 1539/1368/1366 1538/1536/1534 1562/1369/1367
f 1562/1369/1367 1538/1536/1534 1561/1537/1535
f 1562/1369/1367 1561/1537/1535 1585/1370/1368
f 1585/1370/1368 1561/1537/1535 1584/1538/1536
f 1585/1370/1368 1584/1538/1536 1608/1371/1369
f 1608/1371/1369 1584/1538/1536 1607/1539/1537
f 1608/1371/1369 1607/1539/1537 1631/1372/1370
f 1631/1372/1370 1607/1539/1537 1630/1540/1538
f 1631/1372/1370 1630/1540/1538 1654/1373/1371
f 1654/1373/1371 1630/1540/1538 1653/1541/1539
f 1654/1373/1371 1653/1541/1539 1677/1374/1372
f 1677/1374/1372 1653/1541/1539 1676/1542/1540
f 1677/1374/1372 1676/1542/1540 1700/1375/1373
f 1700/1375/1373 1676/1542/1540 1699/1543/1541
f 1700/1375/1373 1699/1543/1541 1723/1376/1374
f 1723/1376/1374 1699/1543/1541 1722/1544/1542
f 1723/1376/1374 1722/1544/1542 1746/1377/1375
f 1746/1377/1375 1722/1544/1542 1745/1545/1543
f 1746/1377/1375 1745/1545/1543 1769/1378/1376
f 1769/1378/1376 1745/1545/1543 1768/1546/1544
f 1769/1378/1376 1768/1546/1544 1792/1379/1377
f 1792/1379/1377 1768/1546/1544 1791/1547/1545
f 1792/1379/1377 1791/1547/1545 1815/1380/1378
f 1815/1380/1378 1791/1547/1545 1814/1548/1546
f 1815/1380/1378 1814/1548/1546 1838/1381/1379
f 1838/1381/1379 1814/1548/1546 1837/1549/1547
f 1838/1381/1379 1837/1549/1547 1861/1382/1380
f 1861/1382/1380 1837/1549/1547 1860/1550/1548
f 1861/1382/1380 1860/1550/1548 1884/1383/1381
f 1884/1383/1381 1860/1550/1548 1883/1551/1549
f 1884/1383/1381 1883/1551/1549 1907/1384/1382
f 1907/1384/1382 1883/1551/1549 1906/1552/1550
f 1907/1384/1382 1906/1552/1550 1930/1385/1383
f 1930/1385/1383 1906/1552/1550 1929/1553/1551
f 1930/1385/1383 1929/1553/1551 1953/1386/1384
f 1953/1386/1384 1929/1553/1551 1952/1554/1552
f 1953/1386/1384 1952/1554/1552 1976/1387/1385
f 1976/1387/1385 1952/1554/1552 1975/1555/1553
f 1976/1387/1385 1975/1555/1553 1999/1388/1386
f 1999/1388/1386 1975/1555/1553 1998/1556/1554
f 1999/1388/1386 1998/1556/1554 2022/1389/1387
f 2022/1389/1387 1998/1556/1554 2021/1557/1555
f 2022/1389/1387 2021/1557/1555 2045/1390/1388
f 2045/1390/1388 2021/1557/1555 2044/1558/1556
f 2045/1390/1388 2044/1558/1556 2068/1391/1389
f 2068/1391/1389 2044/1558/1556 2067/1559/1557
f 2068/1391/1389 2067/1559/1557 2091/1392/1390
f 2091/1392/1390 2067/1559/1557 2090/1560/1558
f 2091/1392/1390 2090/1560/1558 2114/1393/1391
f 2114/1393/1391 2090/1560/1558 2113/1561/1559
f 2114/1393/1391 2113/1561/1559 2137/1394/1392
f 2137/1394/1392 2113/1561/1559 2136/1562/1560
f 2137/1394/1392 2136/1562/1560 2160/1395/1393
f 2160/1395/1393 2136/1562/1560 2159/1563/1561
f 2160/1395/1393 2159/1563/1561 2183/1396/1394
f 2183/1396/1394 2159/1563/1561 2182/1564/1562
f 2183/1396/1394 2182/1564/1562 2206/1397/1395
f 2206/1397/1395 2182/1564/1562 2205/1565/1563
f 2206/1397/1395 2205/1565/1563 2229/1398/1396
f 2229/1398/1396 2205/1565/1563 2228/1566/1564
f 2229/1398/1396 2228/1566/1564 2252/1399/1397
f 2252/1399/1397 2228/1566/1564 2251/1567/1565
f 2252/1399/1397 2251/1567/1565 2275/1400/1398
f 2275/1400/1398 2251/1567/1565 2274/1568/1566
f 2275/1400/1398 2274/1568/1566 2298/1401/1399
f 2298/1401/1399 2274/1568/1566 2297/1569/1567
f 2298/1401/1399 2297/1569/1567 2321/1402/1400
f 2321/1402/1400 2297/1569/1567 2320/1570/1568
f 2321/1402/1400 2320/1570/1568 2344/1403/1401
f 2344/1403/1401 2320/1570/1568 2343/1571/1569
f 2344/1403/1401 2343/1571/1569 2367/1404/1402
f 2367/1404/1402 2343/1571/1569 2366/1572/1570
f 2367/1404/1402 2366/1572/1570 2390/1405/1403
f 2390/1405/1403 2366/1572/1570 2389/1573/1571
f 2390/1405/1403 2389/1573/1571 2413/1406/1404
f 2413/1406/1404 2389/1573/1571 2412/1574/1572
f 2413/1406/1404 2412/1574/1572 2436/1407/1405
f 2436/1407/1405 2412/1574/1572 2435/1575/1573
f 2436/1407/1405 2435/1575/1573 2459/1408/1406
f 2459/1408/1406 2435/1575/1573 2458/1576/1574
f 2459/1408/1406 2458/1576/1574 2482/1409/1407
f 2482/1409/1407 2458/1576/1574 2481/1577/1575
f 2482/1409/1407 2481/1577/1575 2505/1410/1408
f 2505/1410/1408 2481/1577/1575 2504/1578/1576
f 2505/1410/1408 2504/1578/1576 2528/1411/1409
f 2528/1411/1409 2504/1578/1576 2527/1579/1577
f 2528/1411/1409 2527/1579/1577 2551/1412/1410
f 2551/1412/1410 2527/1579/1577 2550/1580/1578
f 2551/1412/1410 2550/1580/1578 2574/1413/1411
f 2574/1413/1411 2550/1580/1578 2573/1581/1579
f 2574/1413/1411 2573/1581/1579 2597/1414/1412
f 2597/1414/1412 2573/1581/1579 2596/1582/1580
f 2597/1414/1412 2596/1582/1580 2620/1415/1413
f 2620/1415/1413 2596/1582/1580 2619/1583/1581
f 2620/1415/1413 2619/1583/1581 2643/1416/1414
f 2643/1416/1414 2619/1583/1581 2642/1584/1582
f 2643/1416/1414 2642/1584/1582 2666/1417/1415
f 2666/1417/1415 2642/1584/1582 2665/1585/1583
f 2666/1417/1415 2665/1585/1583 2689/1418/1416
f 2689/1418/1416 2665/1585/1583 2688/1586/1584
f 2689/1418/1416 2688/1586/1584 2712/1419/1417
f 2712/1419/1417 2688/1586/1584 2711/1587/1585
f 2712/1419/1417 2711/1587/1585 2735/1420/1418
f 2735/1420/1418 2711/1587/1585 2734/1588/1586
f 2735/1420/1418 2734/1588/1586 2758/1421/1419
f 2758/1421/1419 2734/1588/1586 2757/1589/1587
f 2758/1421/1419 2757/1589/1587 2781/1422/1420
f 2781/1422/1420 2757/1589/1587 2780/1590/1588
f 2781/1422/1420 2780/1590/1588 2804/1423/1421
f 2804/1423/1421 2780/1590/1588 2803/1591/1589
f 2804/1423/1421 2803/1591/1589 2827/1424/1422
f 2827/1424/1422 2803/1591/1589 2826/1592/1590
f 2827/1424/1422 2826/1592/1590 2850/1425/1423
f 2850/1425/1423 2826/1592/1590 2849/1593/1591
f 2850/1425/1423 2849/1593/1591 2873/1426/1424
f 2873/1426/1424 2849/1593/1591 2872/1594/1592
f 2873/1426/1424 2872/1594/1592 2896/1427/1425
f 2896/1427/1425 2872/1594/1592 2895/1595/1593
f 2896/1427/1425 2895/1595/1593 2919/1428/1426
f 2919/1428/1426 2895/1595/1593 2918/1596/1594
f 2919/1428/1426 2918/1596/1594 2942/1429/1427
f 2942/1429/1427 2918/1596/1594 2941/1597/1595
f 2942/1429/1427 2941/1597/1595 2965/1430/1428
f 2965/1430/1428 2941/1597/1595 2964/1598/1596
f 2965/1430/1428 2964/1598/1596 2988/1431/1429
f 2988/1431/1429 2964/1598/1596 2987/1599/1597
f 2988/1431/1429 2987/1599/1597 3011/1432/1430
f 3011/1432/1430 2987/1599/1597 3010/1600/1598
f 3011/1432/1430 3010/1600/1598 3034/1433/1431
f 3034/1433/1431 3010/1600/1598 3033/1601/1599
f 3034/1433/1431 3033/1601/1599 3057/1434/1432
f 3057/1434/1432 3033/1601/1599 3056/1602/1600
f 3057/1434/1432 3056/1602/1600 3080/1435/1433
f 3080/1435/1433 3056/1602/1600 3079/1603/1601
f 3080/1435/1433 3079/1603/1601 3103/1436/1434
f 3103/1436/1434 3079/1603/1601 3102/1604/1602
f 3103/1436/1434 3102/1604/1602 3126/1437/1435
f 3126/1437/1435 3102/1604/1602 3125/1605/1603
f 3126/1437/1435 3125/1605/1603 3149/1438/1436
f 3149/1438/1436 3125/1605/1603 3148/1606/1604
f 3149/1438/1436 3148/1606/1604 3172/1439/1437
f 3172/1439/1437 3148/1606/1604 3171/1607/1605
f 3172/1439/1437 3171/1607/1605 3195/1440/1438
f 3195/1440/1438 3171/1607/1605 3194/1608/1606
f 3195/1440/1438 3194/1608/1606 3218/1441/1439
f 3218/1441/1439 3194/1608/1606 3217/1609/1607
f 3218/1441/1439 3217/1609/1607 3241/1442/1440
f 3241/1442/1440 3217/1609/1607 3240/1610/1608
f 3241/1442/1440 3240/1610/1608 3264/1443/1441
f 3264/1443/1441 3240/1610/1608 3263/1611/1609
f 3264/1443/1441 3263/1611/1609 3287/1444/1442
f 3287/1444/1442 3263/1611/1609 3286/1612/1610
f 3287/1444/1442 3286/1612/1610 3310/1445/1443
f 3310/1445/1443 3286/1612/1610 3309/1613/1611
f 3310/1445/1443 3309/1613/1611 3333/1446/1444
f 3333/1446/1444 3309/1613/1611 3332/1614/1612
f 3333/1446/1444 3332/1614/1612 3356/1447/1445
f 3356/1447/1445 3332/1614/1612 3355/1615/1613
f 3356/1447/1445 3355/1615/1613 3379/1448/1446
f 3379/1448/1446 3355/1615/1613 3378/1616/1614
f 3379/1448/1446 3378/1616/1614 3402/1449/1447
f 3402/1449/1447 3378/1616/1614 3401/1617/1615
f 3402/1449/1447 3401/1617/1615 3425/1450/1448
f 3425/1450/1448 3401/1617/1615 3424/1618/1616
f 3425/1450/1448 3424/1618/1616 3448/1451/1449
f 3448/1451/1449 3424/1618/1616 3447/1619/1617
f 3448/1451/1449 3447/1619/1617 3471/1452/1450
f 3471/1452/1450 3447/1619/1617 3470/1620/1618
f 3471/1452/1450 3470/1620/1618 3494/1453/1451
f 3494/1453/1451 3470/1620/1618 3493/1621/1619
f 3494/1453/1451 3493/1621/1619 3517/1454/1452
f 3517/1454/1452 3493/1621/1619 3516/1622/1620
f 3517/1454/1452 3516/1622/1620 3540/1455/1453
f 3540/1455/1453 3516/1622/1620 3539/1623/1621
f 3540/1455/1453 3539/1623/1621 3563/1456/1454
f 3563/1456/1454 3539/1623/1621 3562/1624/1622
f 3563/1456/1454 3562/1624/1622 3586/1457/1455
f 3586/1457/1455 3562/1624/1622 3585/1625/1623
f 3586/1457/1455 3585/1625/1623 3609/1458/1456
f 3609/1458/1456 3585/1625/1623 3608/1626/1624
f 3609/1458/1456 3608/1626/1624 3632/1459/1457
f 3632/1459/1457 3608/1626/1624 3631/1627/1625
f 3632/1459/1457 3631/1627/1625 3655/1460/1458
f 3655/1460/1458 3631/1627/1625 3654/1628/1626
f 3655/1460/1458 3654/1628/1626 3678/1461/1459
f 3678/1461/1459 3654/1628/1626 3677/1629/1627
f 3678/1461/1459 3677/1629/1627 3701/1462/1460
f 3701/1462/1460 3677/1629/1627 3700/1630/1628
f 3701/1462/1460 3700/1630/1628 3724/1463/1461
f 3724/1463/1461 3700/1630/1628 3723/1631/1629
f 3724/1463/1461 3723/1631/1629 3747/1464/1462
f 3747/1464/1462 3723/1631/1629 3746/1632/1630
f 3747/1464/1462 3746/1632/1630 3770/1465/1463
f 3770/1465/1463 3746/1632/1630 3769/1633/1631
f 3770/1465/1463 3769/1633/1631 3793/1466/1464
f 3793/1466/1464 3769/1633/1631 3792/1634/1632
f 3793/1466/1464 3792/1634/1632 3816/1467/1465
f 3816/1467/1465 3792/1634/1632 3815/1635/1633
f 3816/1467/1465 3815/1635/1633 3839/1468/1466
f 3839/1468/1466 3815/1635/1633 3838/1636/1634
f 3839/1468/1466 3838/1636/1634 3862/1469/1467
f 3862/1469/1467 3838/1636/1634 3861/1637/1635
f 3862/1469/1467 3861/1637/1635 3885/1470/1468
f 3885/1470/1468 3861/1637/1635 3884/1638/1636
f 3885/1470/1468 3884/1638/1636 3908/1471/1469
f 3908/1471/1469 3884/1638/1636 3907/1639/1637
f 3908/1471/1469 3907/1639/1637 3931/1472/1470
f 3931/1472/1470 3907/1639/1637 3930/1640/1638
f 3931/1472/1470 3930/1640/1638 3954/1473/1471
f 3954/1473/1471 3930/1640/1638 3953/1641/1639
f 3954/1473/1471 3953/1641/1639 3977/1474/1472
f 3977/1474/1472 3953/1641/1639 3976/1642/1640
f 3977/1474/1472 3976/1642/1640 4000/1475/1473
f 4000/1475/1473 3976/1642/1640 3999/1643/1641
f 4000/1475/1473 3999/1643/1641 4023/1476/1474
f 4023/1476/1474 3999/1643/1641 4022/1644/1642
f 4023/1476/1474 4022/1644/1642 4046/1477/1475
f 4046/1477/1475 4022/1644/1642 4045/1645/1643
f 4046/1477/1475 4045/1645/1643 4069/1478/1476
f 4069/1478/1476 4045/1645/1643 4068/1646/1644
f 4069/1478/1476 4068/1646/1644 4092/1479/1477
f 4092/1479/1477 4068/1646/1644 4091/1647/1645
f 4092/1479/1477 4091/1647/1645 4115/1480/1478
f 4115/1480/1478 4091/1647/1645 4114/1648/1646
f 4115/1480/1478 4114/1648/1646 4138/1481/1479
f 4138/1481/1479 4114/1648/1646 4137/1649/1647
f 4138/1481/1479 4137/1649/1647 4161/606/606
f 4161/606/606 4137/1649/1647 4160/608/608
f 9/1482/1480 10/1650/1648 319/1483/1481
f 319/1483/1481 10/1650/1648 318/1651/1649
f 319/1483/1481 318/1651/1649 342/1484/1482
f 342/1484/1482 318/1651/1649 341/1652/1650
f 342/1484/1482 341/1652/1650 365/1485/1483
f 365/1485/1483 341/1652/1650 364/1653/1651
f 365/1485/1483 364/1653/1651 388/1486/1484
f 388/1486/1484 364/1653/1651 387/1654/1652
f 388/1486/1484 387/1654/1652 411/1487/1485
f 411/1487/1485 387/1654/1652 410/1655/1653
f 411/1487/1485 410/1655/1653 434/1488/1486
f 434/1488/1486 410/1655/1653 433/1656/1654
f 434/1488/1486 433/1656/1654 457/1489/1487
f 457/1489/1487 433/1656/1654 456/1657/1655
f 457/1489/1487 456/1657/1655 480/1490/1488
f 480/1490/1488 456/1657/1655 479/1658/1656
f 480/1490/1488 479/1658/1656 503/1491/1489
f 503/1491/1489 479/1658/1656 502/1659/1657
f 503/1491/1489 502/1659/1657 526/1492/1490
f 526/1492/1490 502/1659/1657 525/1660/1658
f 526/1492/1490 525/1660/1658 549/1493/1491
f 549/1493/1491 525/1660/1658 548/1661/1659
f 549/1493/1491 548/1661/1659 572/1494/1492
f 572/1494/1492 548/1661/1659 571/1662/1660
f 572/1494/1492 571/1662/1660 595/1495/1493
f 595/1495/1493 571/1662/1660 594/1663/1661
f 595/1495/1493 594/1663/1661 618/1496/1494
f 618/1496/1494 594/1663/1661 617/1664/1662
f 618/1496/1494 617/1664/1662 641/1497/1495
f 641/1497/1495 617/1664/1662 640/1665/1663
f 641/1497/1495 640/1665/1663 664/1498/1496
f 664/1498/1496 640/1665/1663 663/1666/1664
f 664/1498/1496 663/1666/1664 687/1499/1497
f 687/1499/1497 663/1666/1664 686/1667/1665
f 687/1499/1497 686/1667/1665 710/1500/1498
f 710/1500/1498 686/1667/1665 709/1668/1666
f 710/1500/1498 709/1668/1666 733/1501/1499
f 733/1501/1499 709/1668/1666 732/1669/1667
f 733/1501/1499 732/1669/1667 756/1502/1500
f 756/1502/1500 732/1669/1667 755/1670/1668
f 756/1502/1500 755/1670/1668 779/1503/1501
f 779/1503/1501 755/1670/1668 778/1671/1669
f 779/1503/1501 778/1671/1669 802/1504/1502
f 802/1504/1502 778/1671/1669 801/1672/1670
f 802/1504/1502 801/1672/1670 825/1505/1503
f 825/1505/1503 801/1672/1670 824/1673/1671
f 825/1505/1503 824/1673/1671 848/1506/1504
f 848/1506/1504 824/1673/1671 847/1674/1672
f 848/1506/1504 847/1674/1672 871/1507/1505
f 871/1507/1505 847/1674/1672 870/1675/1673
f 871/1507/1505 870/1675/1673 894/1508/1506
f 894/1508/1506 870/1675/1673 893/1676/1674
f 894/1508/1506 893/1676/1674 917/1509/1507
f 917/1509/1507 893/1676/1674 916/1677/1675
f 917/1509/1507 916/1677/1675 940/1510/1508
f 940/1510/1508 916/1677/1675 939/1678/1676
f 940/1510/1508 939/1678/1676 963/1511/1509
f 963/1511/1509 939/1678/1676 962/1679/1677
f 963/1511/1509 962/1679/1677 986/1512/1510
f 986/1512/1510 962/1679/1677 985/1680/1678
f 986/1512/1510 985/1680/1678 1009/1513/1511
f 1009/1513/1511 985/1680/1678 1008/1681/1679
f 1009/1513/1511 1008/1681/1679 1032/1514/1512
f 1032/1514/1512 1008/1681/1679 1031/1682/1680
f 1032/1514/1512 1031/1682/1680 1055/1515/1513
f 1055/1515/1513 1031/1682/1680 1054/1683/1681
f 1055/1515/1513 1054/1683/1681 1078/1516/1514
f 1078/1516/1514 1054/1683/1681 1077/1684/1682
f 1078/1516/1514 1077/1684/1682 1101/1517/1515
f 1101/1517/1515 1077/1684/1682 1100/1685/1683
f 1101/1517/1515 1100/1685/1683 1124/1518/1516
f 1124/1518/1516 1100/1685/1683 1123/1686/1684
f 1124/1518/1516 1123/1686/1684 1147/1519/1517
f 1147/1519/1517 1123/1686/1684 1146/1687/1685
f 1147/1519/1517 1146/1687/1685 1170/1520/1518
f 1170/1520/1518 1146/1687/1685 1169/1688/1686
f 1170/1520/1518 1169/1688/1686 1193/1521/1519
f 1193/1521/1519 1169/1688/1686 1192/1689/1687
f 1193/1521/1519 1192/1689/1687 1216/1522/1520
f 1216/1522/1520 1192/1689/1687 1215/1690/1688
f 1216/1522/1520 1215/1690/1688 1239/1523/1521
f 1239/1523/1521 1215/1690/1688 1238/1691/1689
f 1239/1523/1521 1238/1691/1689 1262/1524/1522
f 1262/1524/1522 1238/1691/1689 1261/1692/1690
f 1262/1524/1522 1261/1692/1690 1285/1525/1523
f 1285/1525/1523 1261/1692/1690 1284/1693/1691
f 1285/1525/1523 1284/1693/1691 1308/1526/1524
f 1308/1526/1524 1284/1693/1691 1307/1694/1692
f 1308/1526/1524 1307/1694/1692 1331/1527/1525
f 1331/1527/1525 1307/1694/1692 1330/1695/1693
f 1331/1527/1525 1330/1695/1693 1354/1528/1526
f 1354/1528/1526 1330/1695/1693 1353/1696/1694
f 1354/1528/1526 1353/1696/1694 1377/1529/1527
f 1377/1529/1527 1353/1696/1694 1376/1697/1695
f 1377/1529/1527 1376/1697/1695 1400/1530/1528
f 1400/1530/1528 1376/1697/1695 1399/1698/1696
f 1400/1530/1528 1399/1698/1696 1423/1531/1529
f 1423/1531/1529 1399/1698/1696 1422/1699/1697
f 1423/1531/1529 1422/1699/1697 1446/1532/1530
f 1446/1532/1530 1422/1699/1697 1445/1700/1698
f 1446/1532/1530 1445/1700/1698 1469/1533/1531
f 1469/1533/1531 1445/1700/1698 1468/1701/1699
f 1469/1533/1531 1468/1701/1699 1492/1534/1532
f 1492/1534/1532 1468/1701/1699 1491/1702/1700
f 1492/1534/1532 1491/1702/1700 1515/1535/1533
f 1515/1535/1533 1491/1702/1700 1514/1703/1701
f 1515/1535/1533 1514/1703/1701 1538/1536/1534
f 1538/1536/1534 1514/1703/1701 1537/1704/1702
f 1538/1536/1534 1537/1704/1702 1561/1537/1535
f 1561/1537/1535 1537/1704/1702 1560/1705/1703
f 1561/1537/1535 1560/1705/1703 1584/1538/1536
f 1584/1538/1536 1560/1705/1703 1583/1706/1704
f 1584/1538/1536 1583/1706/1704 1607/1539/1537
f 1607/1539/1537 1583/1706/1704 1606/1707/1705
f 1607/1539/1537 1606/1707/1705 1630/1540/1538
f 1630/1540/1538 1606/1707/1705 1629/1708/1706
f 1630/1540/1538 1629/1708/1706 1653/1541/1539
f 1653/1541/1539 1629/1708/1706 1652/1709/1707
f 1653/1541/1539 1652/1709/1707 1676/1542/1540
f 1676/1542/1540 1652/1709/1707 1675/1710/1708
f 1676/1542/1540 1675/1710/1708 1699/1543/1541
f 1699/1543/1541 1675/1710/1708 1698/1711/1709
f 1699/1543/1541 1698/1711/1709 1722/1544/1542
f 1722/1544/1542 1698/1711/1709 1721/1712/1710
f 1722/1544/1542 1721/1712/1710 1745/1545/1543
f 1745/1545/1543 1721/1712/1710 1744/1713/1711
f 1745/1545/1543 1744/1713/1711 1768/1546/1544
f 1768/1546/1544 1744/1713/1711 1767/1714/1712
f 1768/1546/1544 1767/1714/1712 1791/1547/1545
f 1791/1547/1545 1767/1714/1712 1790/1715/1713
f 1791/1547/1545 1790/1715/1713 1814/1548/1546
f 1814/1548/1546 1790/1715/1713 1813/1716/1714
f 1814/1548/1546 1813/1716/1714 1837/1549/1547
f 1837/1549/1547 1813/1716/1714 1836/1717/1715
f 1837/1549/1547 1836/1717/1715 1860/1550/1548
f 1860/1550/1548 1836/1717/1715 1859/1718/1716
f 1860/1550/1548 1859/1718/1716 1883/1551/1549
f 1883/1551/1549 1859/1718/1716 1882/1719/1717
f 1883/1551/1549 1882/1719/1717 1906/1552/1550
f 1906/1552/1550 1882/1719/1717 1905/1720/1718
f 1906/1552/1550 1905/1720/1718 1929/1553/1551
f 1929/1553/1551 1905/1720/1718 1928/1721/1719
f 1929/1553/1551 1928/1721/1719 1952/1554/1552
f 1952/1554/1552 1928/1721/1719 1951/1722/1720
f 1952/1554/1552 1951/1722/1720 1975/1555/1553
f 1975/1555/1553 1951/1722/1720 1974/1723/1721
f 1975/1555/1553 1974/1723/1721 1998/1556/1554
f 1998/1556/1554 1974/1723/1721 1997/1724/1722
f 1998/1556/1554 1997/1724/1722 2021/1557/1555
f 2021/1557/1555 1997/1724/1722 2020/1725/1723
f 2021/1557/1555 2020/1725/1723 2044/1558/1556
f 2044/1558/1556 2020/1725/1723 2043/1726/1724
f 2044/1558/1556 2043/1726/1724 2067/1559/1557
f 2067/1559/1557 2043/1726/1724 2066/1727/1725
f 2067/1559/1557 2066/1727/1725 2090/1560/1558
f 2090/1560/1558 2066/1727/1725 2089/1728/1726
f 2090/1560/1558 2089/1728/1726 2113/1561/1559
f 2113/1561/1559 2089/1728/1726 2112/1729/1727
f 2113/1561/1559 2112/1729/1727 2136/1562/1560
f 2136/1562/1560 2112/1729/1727 2135/1730/1728
f 2136/1562/1560 2135/1730/1728 2159/1563/1561
f 2159/1563/1561 2135/1730/1728 2158/1731/1729
f 2159/1563/1561 2158/1731/1729 2182/1564/1562
f 2182/1564/1562 2158/1731/1729 2181/1732/1730
f 2182/1564/1562 2181/1732/1730 2205/1565/1563
f 2205/1565/1563 2181/1732/1730 2204/1733/1731
f 2205/1565/1563 2204/1733/1731 2228/1566/1564
f 2228/1566/1564 2204/1733/1731 2227/1734/1732
f 2228/1566/1564 2227/1734/1732 2251/1567/1565
f 2251/1567/1565 2227/1734/1732 2250/1735/1733
f 2251/1567/1565 2250/1735/1733 2274/1568/1566
f 2274/1568/1566 2250/1735/1733 2273/1736/1734
f 2274/1568/1566 2273/1736/1734 2297/1569/1567
f 2297/1569/1567 2273/1736/1734 2296/1737/1735
f 2297/1569/1567 2296/1737/1735 2320/1570/1568
f 2320/1570/1568 2296/1737/1735 2319/1738/1736
f 2320/1570/1568 2319/1738/1736 2343/1571/1569
f 2343/1571/1569 2319/1738/1736 2342/1739/1737
f 2343/1571/1569 2342/1739/1737 2366/1572/1570
f 2366/1572/1570 2342/1739/1737 2365/1740/1738
f 2366/1572/1570 2365/1740/1738 2389/1573/1571
f 2389/1573/1571 2365/1740/1738 2388/1741/1739
f 2389/1573/1571 2388/1741/1739 2412/1574/1572
f 2412/1574/1572 2388/1741/1739 2411/1742/1740
f 2412/1574/1572 2411/1742/1740 2435/1575/1573
f 2435/1575/1573 2411/1742/1740 2434/1743/1741
f 2435/1575/1573 2434/1743/1741 2458/1576/1574
f 2458/1576/1574 2434/1743/1741 2457/1744/1742
f 2458/1576/1574 2457/1744/1742 2481/1577/1575
f 2481/1577/1575 2457/1744/1742 2480/1745/1743
f 2481/1577/1575 2480/1745/1743 2504/1578/1576
f 2504/1578/1576 2480/1745/1743 2503/1746/1744
f 2504/1578/1576 2503/1746/1744 2527/1579/1577
f 2527/1579/1577 2503/1746/1744 2526/1747/1745
f 2527/1579/1577 2526/1747/1745 2550/1580/1578
f 2550/1580/1578 2526/1747/1745 2549/1748/1746
f 2550/1580/1578 2549/1748/1746 2573/1581/1579
f 2573/1581/1579 2549/1748/1746 2572/1749/1747
f 2573/1581/1579 2572/1749/1747 2596/1582/1580
f 2596/1582/1580 2572/1749/1747 2595/1750/1748
f 2596/1582/1580 2595/1750/1748 2619/1583/1581
f 2619/1583/1581 2595/1750/1748 2618/1751/1749
f 2619/1583/1581 2618/1751/1749 2642/1584/1582
f 2642/1584/1582 2618/1751/1749 2641/1752/1750
f 2642/1584/1582 2641/1752/1750 2665/1585/1583
f 2665/1585/1583 2641/1752/1750 2664/1753/1751
f 2665/1585/1583 2664/1753/1751 2688/1586/1584
f 2688/1586/1584 2664/1753/1751 2687/1754/1752
f 2688/1586/1584 2687/1754/1752 2711/1587/1585
f 2711/1587/1585 2687/1754/1752 2710/1755/1753
f 2711/1587/1585 2710/1755/1753 2734/1588/1586
f 2734/1588/1586 2710/1755/1753 2733/1756/1754
f 2734/1588/1586 2733/1756/1754 2757/1589/1587
f 2757/1589/1587 2733/1756/1754 2756/1757/1755
f 2757/1589/1587 2756/1757/1755 2780/1590/1588
f 2780/1590/1588 2756/1757/1755 2779/1758/1756
f 2780/1590/1588 2779/1758/1756 2803/1591/1589
f 2803/1591/1589 2779/1758/1756 2802/1759/1757
f 2803/1591/1589 2802/1759/1757 2826/1592/1590
f 2826/1592/1590 2802/1759/1757 2825/1760/1758
f 2826/1592/1590 2825/1760/1758 2849/1593/1591
f 2849/1593/1591 2825/1760/1758 2848/1761/1759
f 2849/1593/1591 2848/1761/1759 2872/1594/1592
f 2872/1594/1592 2848/1761/1759 2871/1762/1760
f 2872/1594/1592 2871/1762/1760 2895/1595/1593
f 2895/1595/1593 2871/1762/1760 2894/1763/1761
f 2895/1595/1593 2894/1763/1761 2918/1596/1594
f 2918/1596/1594 2894/1763/1761 2917/1764/1762
f 2918/1596/1594 2917/1764/1762 2941/1597/1595
f 2941/1597/1595 2917/1764/1762 2940/1765/1763
f 2941/1597/1595 2940/1765/1763 2964/1598/1596
f 2964/1598/1596 2940/1765/1763 2963/1766/1764
f 2964/1598/1596 2963/1766/1764 2987/1599/1597
f 2987/1599/1597 2963/1766/1764 2986/1767/1765
f 2987/1599/1597 2986/1767/1765 3010/1600/1598
f 3010/1600/1598 2986/1767/1765 3009/1768/1766
f 3010/1600/1598 3009/1768/1766 3033/1601/1599
f 3033/1601/1599 3009/1768/1766 3032/1769/1767
f 3033/1601/1599 3032/1769/1767 3056/1602/1600
f 3056/1602/1600 3032/1769/1767 3055/1770/1768
f 3056/1602/1600 3055/1770/1768 3079/1603/1601
f 3079/1603/1601 3055/1770/1768 3078/1771/1769
f 3079/1603/1601 3078/1771/1769 3102/1604/1602
f 3102/1604/1602 3078/1771/1769 3101/1772/1770
f 3102/1604/1602 3101/1772/1770 3125/1605/1603
f 3125/1605/1603 3101/1772/1770 3124/1773/1771
f 3125/1605/1603 3124/1773/1771 3148/1606/1604
f 3148/1606/1604 3124/1773/1771 3147/1774/1772
f 3148/1606/1604 3147/1774/1772 3171/1607/1605
f 3171/1607/1605 3147/1774/1772 3170/1775/1773
f 3171/1607/1605 3170/1775/1773 3194/1608/1606
f 3194/1608/1606 3170/1775/1773 3193/1776/1774
f 3194/1608/1606 3193/1776/1774 3217/1609/1607
f 3217/1609/1607 3193/1776/1774 3216/1777/1775
f 3217/1609/1607 3216/1777/1775 3240/1610/1608
f 3240/1610/1608 3216/1777/1775 3239/1778/1776
f 3240/1610/1608 3239/1778/1776 3263/1611/1609
f 3263/1611/1609 3239/1778/1776 3262/1779/1777
f 3263/1611/1609 3262/1779/1777 3286/1612/1610
f 3286/1612/1610 3262/1779/1777 3285/1780/1778
f 3286/1612/1610 3285/1780/1778 3309/1613/1611
f 3309/1613/1611 3285/1780/1778 3308/1781/1779
f 3309/1613/1611 3308/1781/1779 3332/1614/1612
f 3332/1614/1612 3308/1781/1779 3331/1782/1780
f 3332/1614/1612 3331/1782/1780 3355/1615/1613
f 3355/1615/1613 3331/1782/1780 3354/1783/1781
f 3355/1615/1613 3354/1783/1781 3378/1616/1614
f 3378/1616/1614 3354/1783/1781 3377/1784/1782
f 3378/1616/1614 3377/1784/1782 3401/1617/1615
f 3401/1617/1615 3377/1784/1782 3400/1785/1783
f 3401/1617/1615 3400/1785/1783 3424/1618/1616
f 3424/1618/1616 3400/1785/1783 3423/1786/1784
f 3424/1618/1616 3423/1786/1784 3447/1619/1617
f 3447/1619/1617 3423/1786/1784 3446/1787/1785
f 3447/1619/1617 3446/1787/1785 3470/1620/1618
f 3470/1620/1618 3446/1787/1785 3469/1788/1786
f 3470/1620/1618 3469/1788/1786 3493/1621/1619
f 3493/1621/1619 3469/1788/1786 3492/1789/1787
f 3493/1621/1619 3492/1789/1787 3516/1622/1620
f 3516/1622/1620 3492/1789/1787 3515/1790/1788
f 3516/1622/1620 3515/1790/1788 3539/1623/1621
f 3539/1623/1621 3515/1790/1788 3538/1791/1789
f 3539/1623/1621 3538/1791/1789 3562/1624/1622
f 3562/1624/1622 3538/1791/1789 3561/1792/1790
f 3562/1624/1622 3561/1792/1790 3585/1625/1623
f 3585/1625/1623 3561/1792/1790 3584/1793/1791
f 3585/1625/1623 3584/1793/1791 3608/1626/1624
f 3608/1626/1624 3584/1793/1791 3607/1794/1792
f 3608/1626/1624 3607/1794/1792 3631/1627/1625
f 3631/1627/1625 3607/1794/1792 3630/1795/1793
f 3631/1627/1625 3630/1795/1793 3654/1628/1626
f 3654/1628/1626 3630/1795/1793 3653/1796/1794
f 3654/1628/1626 3653/1796/1794 3677/1629/1627
f 3677/1629/1627 3653/1796/1794 3676/1797/1795
f 3677/1629/1627 3676/1797/1795 3700/1630/1628
f 3700/1630/1628 3676/1797/1795 3699/1798/1796
f 3700/1630/1628 3699/1798/1796 3723/1631/1629
f 3723/1631/1629 3699/1798/1796 3722/1799/1797
f 3723/1631/1629 3722/1799/1797 3746/1632/1630
f 3746/1632/1630 3722/1799/1797 3745/1800/1798
f 3746/1632/1630 3745/1800/1798 3769/1633/1631
f 3769/1633/1631 3745/1800/1798 3768/1801/1799
f 3769/1633/1631 3768/1801/1799 3792/1634/1632
f 3792/1634/1632 3768/1801/1799 3791/1802/1800
f 3792/1634/1632 3791/1802/1800 3815/1635/1633
f 3815/1635/1633 3791/1802/1800 3814/1803/1801
f 3815/1635/1633 3814/1803/1801 3838/1636/1634
f 3838/1636/1634 3814/1803/1801 3837/1804/1802
f 3838/1636/1634 3837/1804/1802 3861/1637/1635
f 3861/1637/1635 3837/1804/1802 3860/1805/1803
f 3861/1637/1635 3860/1805/1803 3884/1638/1636
f 3884/1638/1636 3860/1805/1803 3883/1806/1804
f 3884/1638/1636 3883/1806/1804 3907/1639/1637
f 3907/1639/1637 3883/1806/1804 3906/1807/1805
f 3907/1639/1637 3906/1807/1805 3930/1640/1638
f 3930/1640/1638 3906/1807/1805 3929/1808/1806
f 3930/1640/1638 3929/1808/1806 3953/1641/1639
f 3953/1641/1639 3929/1808/1806 3952/1809/1807
f 3953/1641/1639 3952/1809/1807 3976/1642/1640
f 3976/1642/1640 3952/1809/1807 3975/1810/1808
f 3976/1642/1640 3975/1810/1808 3999/1643/1641
f 3999/1643/1641 3975/1810/1808 3998/1811/1809
f 3999/1643/1641 3998/1811/1809 4022/1644/1642
f 4022/1644/1642 3998/1811/1809 4021/1812/1810
f 4022/1644/1642 4021/1812/1810 4045/1645/1643
f 4045/1645/1643 4021/1812/1810 4044/1813/1811
f 4045/1645/1643 4044/1813/1811 4068/1646/1644
f 4068/1646/1644 4044/1813/1811 4067/1814/1812
f 4068/1646/1644 4067/1814/1812 4091/1647/1645
f 4091/1647/1645 4067/1814/1812 4090/1815/1813
f 4091/1647/1645 4090/1815/1813 4114/1648/1646
f 4114/1648/1646 4090/1815/1813 4113/1816/1814
f 4114/1648/1646 4113/1816/1814 4137/1649/1647
f 4137/1649/1647 4113/1816/1814 4136/1817/1815
f 4137/1649/1647 4136/1817/1815 4160/608/608
f 4160/608/608 4136/1817/1815 4159/610/610
f 10/1650/1648 11/1818/1816 318/1651/1649
f 318/1651/1649 11/1818/1816 317/1819/1817
f 318/1651/1649 317/1819/1817 341/1652/1650
f 341/1652/1650 317/1819/1817 340/1820/1818
f 341/1652/1650 340/1820/1818 364/1653/1651
f 364/1653/1651 340/1820/1818 363/1821/1819
f 364/1653/1651 363/1821/1819 387/1654/1652
f 387/1654/1652 363/1821/1819 386/1822/1820
f 387/1654/1652 386/1822/1820 410/1655/1653
f 410/1655/1653 386/1822/1820 409/1823/1821
f 410/1655/1653 409/1823/1821 433/1656/1654
f 433/1656/1654 409/1823/1821 432/1824/1822
f 433/1656/1654 432/1824/1822 456/1657/1655
f 456/1657/1655 432/1824/1822 455/1825/1823
f 456/1657/1655 455/1825/1823 479/1658/1656
f 479/1658/1656 455/1825/1823 478/1826/1824
f 479/1658/1656 478/1826/1824 502/1659/1657
f 502/1659/1657 478/1826/1824 501/1827/1825
f 502/1659/1657 501/1827/1825 525/1660/1658
f 525/1660/1658 501/1827/1825 524/1828/1826
f 525/1660/1658 524/1828/1826 548/1661/1659
f 548/1661/1659 524/1828/1826 547/1829/1827
f 548/1661/1659 547/1829/1827 571/1662/1660
f 571/1662/1660 547/1829/1827 570/1830/1828
f 571/1662/1660 570/1830/1828 594/1663/1661
f 594/1663/1661 570/1830/1828 593/1831/1829
f 594/1663/1661 593/1831/1829 617/1664/1662
f 617/1664/1662 593/1831/1829 616/1832/1830
f 617/1664/1662 616/1832/1830 640/1665/1663
f 640/1665/1663 616/1832/1830 639/1833/1831
f 640/1665/1663 639/1833/1831 663/1666/1664
f 663/1666/1664 639/1833/1831 662/1834/1832
f 663/1666/1664 662/1834/1832 686/1667/1665
f 686/1667/1665 662/1834/1832 685/1835/1833
f 686/1667/1665 685/1835/1833 709/1668/1666
f 709/1668/1666 685/1835/1833 708/1836/1834
f 709/1668/1666 708/1836/1834 732/1669/1667
f 732/1669/1667 708/1836/1834 731/1837/1835
f 732/1669/1667 731/1837/1835 755/1670/1668
f 755/1670/1668 731/1837/1835 754/1838/1836
f 755/1670/1668 754/1838/1836 778/1671/1669
f 778/1671/1669 754/1838/1836 777/1839/1837
f 778/1671/1669 777/1839/1837 801/1672/1670
f 801/1672/1670 777/1839/1837 800/1840/1838
f 801/1672/1670 800/1840/1838 824/1673/1671
f 824/1673/1671 800/1840/1838 823/1841/1839
f 824/1673/1671 823/1841/1839 847/1674/1672
f 847/1674/1672 823/1841/1839 846/1842/1840
f 847/1674/1672 846/1842/1840 870/1675/1673
f 870/1675/1673 846/1842/1840 869/1843/1841
f 870/1675/1673 869/1843/1841 893/1676/1674
f 893/1676/1674 869/1843/1841 892/1844/1842
f 893/1676/1674 892/1844/1842 916/1677/1675
f 916/1677/1675 892/1844/1842 915/1845/1843
f 916/1677/1675 915/1845/1843 939/1678/1676
f 939/1678/1676 915/1845/1843 938/1846/1844
f 939/1678/1676 938/1846/1844 962/1679/1677
f 962/1679/1677 938/1846/1844 961/1847/1845
f 962/1679/1677 961/1847/1845 985/1680/1678
f 985/1680/1678 961/1847/1845 984/1848/1846
f 985/1680/1678 984/1848/1846 1008/1681/1679
f 1008/1681/1679 984/1848/1846 1007/1849/1847
f 1008/1681/1679 1007/1849/1847 1031/1682/1680
f 1031/1682/1680 1007/1849/1847 1030/1850/1848
f 1031/1682/1680 1030/1850/1848 1054/1683/1681
f 1054/1683/1681 1030/1850/1848 1053/1851/1849
f 1054/1683/1681 1053/1851/1849 1077/1684/1682
f 1077/1684/1682 1053/1851/1849 1076/1852/1850
f 1077/1684/1682 1076/1852/1850 1100/1685/1683
f 1100/1685/1683 1076/1852/1850 1099/1853/1851
f 1100/1685/1683 1099/1853/1851 1123/1686/1684
f 1123/1686/1684 1099/1853/1851 1122/1854/1852
f 1123/1686/1684 1122/1854/1852 1146/1687/1685
f 1146/1687/1685 1122/1854/1852 1145/1855/1853
f 1146/1687/1685 1145/1855/1853 1169/1688/1686
f 1169/1688/1686 1145/1855/1853 1168/1856/1854
f 1169/1688/1686 1168/1856/1854 1192/1689/1687
f 1192/1689/1687 1168/1856/1854 1191/1857/1855
f 1192/1689/1687 1191/1857/1855 1215/1690/1688
f 1215/1690/1688 1191/1857/1855 1214/1858/1856
f 1215/1690/1688 1214/1858/1856 1238/1691/1689
f 1238/1691/1689 1214/1858/1856 1237/1859/1857
f 1238/1691/1689 1237/1859/1857 1261/1692/1690
f 1261/1692/1690 1237/1859/1857 1260/1860/1858
f 1261/1692/1690 1260/1860/1858 1284/1693/1691
f 1284/1693/1691 1260/1860/1858 1283/1861/1859
f 1284/1693/1691 1283/1861/1859 1307/1694/1692
f 1307/1694/1692 1283/1861/1859 1306/1862/1860
f 1307/1694/1692 1306/1862/1860 1330/1695/1693
f 1330/1695/1693 1306/1862/1860 1329/1863/1861
f 1330/1695/1693 1329/1863/1861 1353/1696/1694
f 1353/1696/1694 1329/1863/1861 1352/1864/1862
f 1353/1696/1694 1352/1864/1862 1376/1697/1695
f 1376/1697/1695 1352/1864/1862 1375/1865/1863
f 1376/1697/1695 1375/1865/1863 1399/1698/1696
f 1399/1698/1696 1375/1865/1863 1398/1866/1864
f 1399/1698/1696 1398/1866/1864 1422/1699/1697
f 1422/1699/1697 1398/1866/1864 1421/1867/1865
f 1422/1699/1697 1421/1867/1865 1445/1700/1698
f 1445/1700/1698 1421/1867/1865 1444/1868/1866
f 1445/1700/1698 1444/1868/1866 1468/1701/1699
f 1468/1701/1699 1444/1868/1866 1467/1869/1867
f 1468/1701/1699 1467/1869/1867 1491/1702/1700
f 1491/1702/1700 1467/1869/1867 1490/1870/1868
f 1491/1702/1700 1490/1870/1868 1514/1703/1701
f 1514/1703/1701 1490/1870/1868 1513/1871/1869
f 1514/1703/1701 1513/1871/1869 1537/1704/1702
f 1537/1704/1702 1513/1871/1869 1536/1872/1870
f 1537/1704/1702 1536/1872/1870 1560/1705/1703
f 1560/1705/1703 1536/1872/1870 1559/1873/1871
f 1560/1705/1703 1559/1873/1871 1583/1706/1704
f 1583/1706/1704 1559/1873/1871 1582/1874/1872
f 1583/1706/1704 1582/1874/1872 1606/1707/1705
f 1606/1707/1705 1582/1874/1872 1605/1875/1873
f 1606/1707/1705 1605/1875/1873 1629/1708/1706
f 1629/1708/1706 1605/1875/1873 1628/1876/1874
f 1629/1708/1706 1628/1876/1874 1652/1709/1707
f 1652/1709/1707 1628/1876/1874 1651/1877/1875
f 1652/1709/1707 1651/1877/1875 1675/1710/1708
f 1675/1710/1708 1651/1877/1875 1674/1878/1876
f 1675/1710/1708 1674/1878/1876 1698/1711/1709
f 1698/1711/1709 1674/1878/1876 1697/1879/1877
f 1698/1711/1709 1697/1879/1877 1721/1712/1710
f 1721/1712/1710 1697/1879/1877 1720/1880/1878
f 1721/1712/1710 1720/1880/1878 1744/1713/1711
f 1744/1713/1711 1720/1880/1878 1743/1881/1879
f 1744/1713/1711 1743/1881/1879 1767/1714/1712
f 1767/1714/1712 1743/1881/1879 1766/1882/1880
f 1767/1714/1712 1766/1882/1880 1790/1715/1713
f 1790/1715/1713 1766/1882/1880 1789/1883/1881
f 1790/1715/1713 1789/1883/1881 1813/1716/1714
f 1813/1716/1714 1789/1883/1881 1812/1884/1882
f 1813/1716/1714 1812/1884/1882 1836/1717/1715
f 1836/1717/1715 1812/1884/1882 1835/1885/1883
f 1836/1717/1715 1835/1885/1883 1859/1718/1716
f 1859/1718/1716 1835/1885/1883 1858/1886/1884
f 1859/1718/1716 1858/1886/1884 1882/1719/1717
f 1882/1719/1717 1858/1886/1884 1881/1887/1885
f 1882/1719/1717 1881/1887/1885 1905/1720/1718
f 1905/1720/1718 1881/1887/1885 1904/1888/1886
f 1905/1720/1718 1904/1888/1886 1928/1721/1719
f 1928/1721/1719 1904/1888/1886 1927/1889/1887
f 1928/1721/1719 1927/1889/1887 1951/1722/1720
f 1951/1722/1720 1927/1889/1887 1950/1890/1888
f 1951/1722/1720 1950/1890/1888 1974/1723/1721
f 1974/1723/1721 1950/1890/1888 1973/1891/1889
f 1974/1723/1721 1973/1891/1889 1997/1724/1722
f 1997/1724/1722 1973/1891/1889 1996/1892/1890
f 1997/1724/1722 1996/1892/1890 2020/1725/1723
f 2020/1725/1723 1996/1892/1890 2019/1893/1891
f 2020/1725/1723 2019/1893/1891 2043/1726/1724
f 2043/1726/1724 2019/1893/1891 2042/1894/1892
f 2043/1726/1724 2042/1894/1892 2066/1727/1725
f 2066/1727/1725 2042/1894/1892 2065/1895/1893
f 2066/1727/1725 2065/1895/1893 2089/1728/1726
f 2089/1728/1726 2065/1895/1893 2088/1896/1894
f 2089/1728/1726 2088/1896/1894 2112/1729/1727
f 2112/1729/1727 2088/1896/1894 2111/1897/1895
f 2112/1729/1727 2111/1897/1895 2135/1730/1728
f 2135/1730/1728 2111/1897/1895 2134/1898/1896
f 2135/1730/1728 2134/1898/1896 2158/1731/1729
f 2158/1731/1729 2134/1898/1896 2157/1899/1897
f 2158/1731/1729 2157/1899/1897 2181/1732/1730
f 2181/1732/1730 2157/1899/1897 2180/1900/1898
f 2181/1732/1730 2180/1900/1898 2204/1733/1731
f 2204/1733/1731 2180/1900/1898 2203/1901/1899
f 2204/1733/1731 2203/1901/1899 2227/1734/1732
f 2227/1734/1732 2203/1901/1899 2226/1902/1900
f 2227/1734/1732 2226/1902/1900 2250/1735/1733
f 2250/1735/1733 2226/1902/1900 2249/1903/1901
f 2250/1735/1733 2249/1903/1901 2273/1736/1734
f 2273/1736/1734 2249/1903/1901 2272/1904/1902
f 2273/1736/1734 2272/1904/1902 2296/1737/1735
f 2296/1737/1735 2272/1904/1902 2295/1905/1903
f 2296/1737/1735 2295/1905/1903 2319/1738/1736
f 2319/1738/1736 2295/1905/1903 2318/1906/1904
f 2319/1738/1736 2318/1906/1904 2342/1739/1737
f 2342/1739/1737 2318/1906/1904 2341/1907/1905
f 2342/1739/1737 2341/1907/1905 2365/1740/1738
f 2365/1740/1738 2341/1907/1905 2364/1908/1906
f 2365/1740/1738 2364/1908/1906 2388/1741/1739
f 2388/1741/1739 2364/1908/1906 2387/1909/1907
f 2388/1741/1739 2387/1909/1907 2411/1742/1740
f 2411/1742/1740 2387/1909/1907 2410/1910/1908
f 2411/1742/1740 2410/1910/1908 2434/1743/1741
f 2434/1743/1741 2410/1910/1908 2433/1911/1909
f 2434/1743/1741 2433/1911/1909 2457/1744/1742
f 2457/1744/1742 2433/1911/1909 2456/1912/1910
f 2457/1744/1742 2456/1912/1910 2480/1745/1743
f 2480/1745/1743 2456/1912/1910 2479/1913/1911
f 2480/1745/1743 2479/1913/1911 2503/1746/1744
f 2503/1746/1744 2479/1913/1911 2502/1914/1912
f 2503/1746/1744 2502/1914/1912 2526/1747/1745
f 2526/1747/1745 2502/1914/1912 2525/1915/1913
f 2526/1747/1745 2525/1915/1913 2549/1748/1746
f 2549/1748/1746 2525/1915/1913 2548/1916/1914
f 2549/1748/1746 2548/1916/1914 2572/1749/1747
f 2572/1749/1747 2548/1916/1914 2571/1917/1915
f 2572/1749/1747 2571/1917/1915 2595/1750/1748
f 2595/1750/1748 2571/1917/1915 2594/1918/1916
f 2595/1750/1748 2594/1918/1916 2618/1751/1749
f 2618/1751/1749 2594/1918/1916 2617/1919/1917
f 2618/1751/1749 2617/1919/1917 2641/1752/1750
f 2641/1752/1750 2617/1919/1917 2640/1920/1918
f 2641/1752/1750 2640/1920/1918 2664/1753/1751
f 2664/1753/1751 2640/1920/1918 2663/1921/1919
f 2664/1753/1751 2663/1921/1919 2687/1754/1752
f 2687/1754/1752 2663/1921/1919 2686/1922/1920
f 2687/1754/1752 2686/1922/1920 2710/1755/1753
f 2710/1755/1753 2686/1922/1920 2709/1923/1921
f 2710/1755/1753 2709/1923/1921 2733/1756/1754
f 2733/1756/1754 2709/1923/1921 2732/1924/1922
f 2733/1756/1754 2732/1924/1922 2756/1757/1755
f 2756/1757/1755 2732/1924/1922 2755/1925/1923
f 2756/1757/1755 2755/1925/1923 2779/1758/1756
f 2779/1758/1756 2755/1925/1923 2778/1926/1924
f 2779/1758/1756 2778/1926/1924 2802/1759/1757
f 2802/1759/1757 2778/1926/1924 2801/1927/1925
f 2802/1759/1757 2801/1927/1925 2825/1760/1758
f 2825/1760/1758 2801/1927/1925 2824/1928/1926
f 2825/1760/1758 2824/1928/1926 2848/1761/1759
f 2848/1761/1759 2824/1928/1926 2847/1929/1927
f 2848/1761/1759 2847/1929/1927 2871/1762/1760
f 2871/1762/1760 2847/1929/1927 2870/1930/1928
f 2871/1762/1760 2870/1930/1928 2894/1763/1761
f 2894/1763/1761 2870/1930/1928 2893/1931/1929
f 2894/1763/1761 2893/1931/1929 2917/1764/1762
f 2917/1764/1762 2893/1931/1929 2916/1932/1930
f 2917/1764/1762 2916/1932/1930 2940/1765/1763
f 2940/1765/1763 2916/1932/1930 2939/1933/1931
f 2940/1765/1763 2939/1933/1931 2963/1766/1764
f 2963/1766/1764 2939/1933/1931 2962/1934/1932
f 2963/1766/1764 2962/1934/1932 2986/1767/1765
f 2986/1767/1765 2962/1934/1932 2985/1935/1933
f 2986/1767/1765 2985/1935/1933 3009/1768/1766
f 3009/1768/1766 2985/1935/1933 3008/1936/1934
f 3009/1768/1766 3008/1936/1934 3032/1769/1767
f 3032/1769/1767 3008/1936/1934 3031/1937/1935
f 3032/1769/1767 3031/1937/1935 3055/1770/1768
f 3055/1770/1768 3031/1937/1935 3054/1938/1936
f 3055/1770/1768 3054/1938/1936 3078/1771/1769
f 3078/1771/1769 3054/1938/1936 3077/1939/1937
f 3078/1771/1769 3077/1939/1937 3101/1772/1770
f 3101/1772/1770 3077/1939/1937 3100/1940/1938
f 3101/1772/1770 3100/1940/1938 3124/1773/1771
f 3124/1773/1771 3100/1940/1938 3123/1941/1939
f 3124/1773/1771 3123/1941/1939 3147/1774/1772
f 3147/1774/1772 3123/1941/1939 3146/1942/1940
f 3147/1774/1772 3146/1942/1940 3170/1775/1773
f 3170/1775/1773 3146/1942/1940 3169/1943/1941
f 3170/1775/1773 3169/1943/1941 3193/1776/1774
f 3193/1776/1774 3169/1943/1941 3192/1944/1942
f 3193/1776/1774 3192/1944/1942 3216/1777/1775
f 3216/1777/1775 3192/1944/1942 3215/1945/1943
f 3216/1777/1775 3215/1945/1943 3239/1778/1776
f 3239/1778/1776 3215/1945/1943 3238/1946/1944
f 3239/1778/1776 3238/1946/1944 3262/1779/1777
f 3262/1779/1777 3238/1946/1944 3261/1947/1945
f 3262/1779/1777 3261/1947/1945 3285/1780/1778
f 3285/1780/1778 3261/1947/1945 3284/1948/1946
f 3285/1780/1778 3284/1948/1946 3308/1781/1779
f 3308/1781/1779 3284/1948/1946 3307/1949/1947
f 3308/1781/1779 3307/1949/1947 3331/1782/1780
f 3331/1782/1780 3307/1949/1947 3330/1950/1948
f 3331/1782/1780 3330/1950/1948 3354/1783/1781
f 3354/1783/1781 3330/1950/1948 3353/1951/1949
f 3354/1783/1781 3353/1951/1949 3377/1784/1782
f 3377/1784/1782 3353/1951/1949 3376/1952/1950
f 3377/1784/1782 3376/1952/1950 3400/1785/1783
f 3400/1785/1783 3376/1952/1950 3399/1953/1951
f 3400/1785/1783 3399/1953/1951 3423/1786/1784
f 3423/1786/1784 3399/1953/1951 3422/1954/1952
f 3423/1786/1784 3422/1954/1952 3446/1787/1785
f 3446/1787/1785 3422/1954/1952 3445/1955/1953
f 3446/1787/1785 3445/1955/1953 3469/1788/1786
f 3469/1788/1786 3445/1955/1953 3468/1956/1954
f 3469/1788/1786 3468/1956/1954 3492/1789/1787
f 3492/1789/1787 3468/1956/1954 3491/1957/1955
f 3492/1789/1787 3491/1957/1955 3515/1790/1788
f 3515/1790/1788 3491/1957/1955 3514/1958/1956
f 3515/1790/1788 3514/1958/1956 3538/1791/1789
f 3538/1791/1789 3514/1958/1956 3537/1959/1957
f 3538/1791/1789 3537/1959/1957 3561/1792/1790
f 3561/1792/1790 3537/1959/1957 3560/1960/1958
f 3561/1792/1790 3560/1960/1958 3584/1793/1791
f 3584/1793/1791 3560/1960/1958 3583/1961/1959
f 3584/1793/1791 3583/1961/1959 3607/1794/1792
f 3607/1794/1792 3583/1961/1959 3606/1962/1960
f 3607/1794/1792 3606/1962/1960 3630/1795/1793
f 3630/1795/1793 3606/1962/1960 3629/1963/1961
f 3630/1795/1793 3629/1963/1961 3653/1796/1794
f 3653/1796/1794 3629/1963/1961 3652/1964/1962
f 3653/1796/1794 3652/1964/1962 3676/1797/1795
f 3676/1797/1795 3652/1964/1962 3675/1965/1963
f 3676/1797/1795 3675/1965/1963 3699/1798/1796
f 3699/1798/1796 3675/1965/1963 3698/1966/1964
f 3699/1798/1796 3698/1966/1964 3722/1799/1797
f 3722/1799/1797 3698/1966/1964 3721/1967/1965
f 3722/1799/1797 3721/1967/1965 3745/1800/1798
f 3745/1800/1798 3721/1967/1965 3744/1968/1966
f 3745/1800/1798 3744/1968/1966 3768/1801/1799
f 3768/1801/1799 3744/1968/1966 3767/1969/1967
f 3768/1801/1799 3767/1969/1967 3791/1802/1800
f 3791/1802/1800 3767/1969/1967 3790/1970/1968
f 3791/1802/1800 3790/1970/1968 3814/1803/1801
f 3814/1803/1801 3790/1970/1968 3813/1971/1969
f 3814/1803/1801 3813/1971/1969 3837/1804/1802
f 3837/1804/1802 3813/1971/1969 3836/1972/1970
f 3837/1804/1802 3836/1972/1970 3860/1805/1803
f 3860/1805/1803 3836/1972/1970 3859/1973/1971
f 3860/1805/1803 3859/1973/1971 3883/1806/1804
f 3883/1806/1804 3859/1973/1971 3882/1974/1972
f 3883/1806/1804 3882/1974/1972 3906/1807/1805
f 3906/1807/1805 3882/1974/1972 3905/1975/1973
f 3906/1807/1805 3905/1975/1973 3929/1808/1806
f 3929/1808/1806 3905/1975/1973 3928/1976/1974
f 3929/1808/1806 3928/1976/1974 3952/1809/1807
f 3952/1809/1807 3928/1976/1974 3951/1977/1975
f 3952/1809/1807 3951/1977/1975 3975/1810/1808
f 3975/1810/1808 3951/1977/1975 3974/1978/1976
f 3975/1810/1808 3974/1978/1976 3998/1811/1809
f 3998/1811/1809 3974/1978/1976 3997/1979/1977
f 3998/1811/1809 3997/1979/1977 4021/1812/1810
f 4021/1812/1810 3997/1979/1977 4020/1980/1978
f 4021/1812/1810 4020/1980/1978 4044/1813/1811
f 4044/1813/1811 4020/1980/1978 4043/1981/1979
f 4044/1813/1811 4043/1981/1979 4067/1814/1812
f 4067/1814/1812 4043/1981/1979 4066/1982/1980
f 4067/1814/1812 4066/1982/1980 4090/1815/1813
f 4090/1815/1813 4066/1982/1980 4089/1983/1981
f 4090/1815/1813 4089/1983/1981 4113/1816/1814
f 4113/1816/1814 4089/1983/1981 4112/1984/1982
f 4113/1816/1814 4112/1984/1982 4136/1817/1815
f 4136/1817/1815 4112/1984/1982 4135/1985/1983
f 4136/1817/1815 4135/1985/1983 4159/610/610
f 4159/610/610 4135/1985/1983 4158/612/612
f 11/1818/1816 12/1986/1984 317/1819/1817
f 317/1819/1817 12/1986/1984 316/1987/1985
f 317/1819/1817 316/1987/1985 340/1820/1818
f 340/1820/1818 316/1987/1985 339/1988/1986
f 340/1820/1818 339/1988/1986 363/1821/1819
f 363/1821/1819 339/1988/1986 362/1989/1987
f 363/1821/1819 362/1989/1987 386/1822/1820
f 386/1822/1820 362/1989/1987 385/1990/1988
f 386/1822/1820 385/1990/1988 409/1823/1821
f 409/1823/1821 385/1990/1988 408/1991/1989
f 409/1823/1821 408/1991/1989 432/1824/1822
f 432/1824/1822 408/1991/1989 431/1992/1990
f 432/1824/1822 431/1992/1990 455/1825/1823
f 455/1825/1823 431/1992/1990 454/1993/1991
f 455/1825/1823 454/1993/1991 478/1826/1824
f 478/1826/1824 454/1993/1991 477/1994/1992
f 478/1826/1824 477/1994/1992 501/1827/1825
f 501/1827/1825 477/1994/1992 500/1995/1993
f 501/1827/1825 500/1995/1993 524/1828/1826
f 524/1828/1826 500/1995/1993 523/1996/1994
f 524/1828/1826 523/1996/1994 547/1829/1827
f 547/1829/1827 523/1996/1994 546/1997/1995
f 547/1829/1827 546/1997/1995 570/1830/1828
f 570/1830/1828 546/1997/1995 569/1998/1996
f 570/1830/1828 569/1998/1996 593/1831/1829
f 593/1831/1829 569/1998/1996 592/1999/1997
f 593/1831/1829 592/1999/1997 616/1832/1830
f 616/1832/1830 592/1999/1997 615/2000/1998
f 616/1832/1830 615/2000/1998 639/1833/1831
f 639/1833/1831 615/2000/1998 638/2001/1999
f 639/1833/1831 638/2001/1999 662/1834/1832
f 662/1834/1832 638/2001/1999 661/2002/2000
f 662/1834/1832 661/2002/2000 685/1835/1833
f 685/1835/1833 661/2002/2000 684/2003/2001
f 685/1835/1833 684/2003/2001 708/1836/1834
f 708/1836/1834 684/2003/2001 707/2004/2002
f 708/1836/1834 707/2004/2002 731/1837/1835
f 731/1837/1835 707/2004/2002 730/2005/2003
f 731/1837/1835 730/2005/2003 754/1838/1836
f 754/1838/1836 730/2005/2003 753/2006/2004
f 754/1838/1836 753/2006/2004 777/1839/1837
f 777/1839/1837 753/2006/2004 776/2007/2005
f 777/1839/1837 776/2007/2005 800/1840/1838
f 800/1840/1838 776/2007/2005 799/2008/2006
f 800/1840/1838 799/2008/2006 823/1841/1839
f 823/1841/1839 799/2008/2006 822/2009/2007
f 823/1841/1839 822/2009/2007 846/1842/1840
f 846/1842/1840 822/2009/2007 845/2010/2008
f 846/1842/1840 845/2010/2008 869/1843/1841
f 869/1843/1841 845/2010/2008 868/2011/2009
f 869/1843/1841 868/2011/2009 892/1844/1842
f 892/1844/1842 868/2011/2009 891/2012/2010
f 892/1844/1842 891/2012/2010 915/1845/1843
f 915/1845/1843 891/2012/2010 914/2013/2011
f 915/1845/1843 914/2013/2011 938/1846/1844
f 938/1846/1844 914/2013/2011 937/2014/2012
f 938/1846/1844 937/2014/2012 961/1847/1845
f 961/1847/1845 937/2014/2012 960/2015/2013
f 961/1847/1845 960/2015/2013 984/1848/1846
f 984/1848/1846 960/2015/2013 983/2016/2014
f 984/1848/1846 983/2016/2014 1007/1849/1847
f 1007/1849/1847 983/2016/2014 1006/2017/2015
f 1007/1849/1847 1006/2017/2015 1030/1850/1848
f 1030/1850/1848 1006/2017/2015 1029/2018/2016
f 1030/1850/1848 1029/2018/2016 1053/1851/1849
f 1053/1851/1849 1029/2018/2016 1052/2019/2017
f 1053/1851/1849 1052/2019/2017 1076/1852/1850
f 1076/1852/1850 1052/2019/2017 1075/2020/2018
f 1076/1852/1850 1075/2020/2018 1099/1853/1851
f 1099/1853/1851 1075/2020/2018 1098/2021/2019
f 1099/1853/1851 1098/2021/2019 1122/1854/1852
f 1122/1854/1852 1098/2021/2019 1121/2022/2020
f 1122/1854/1852 1121/2022/2020 1145/1855/1853
f 1145/1855/1853 1121/2022/2020 1144/2023/2021
f 1145/1855/1853 1144/2023/2021 1168/1856/1854
f 1168/1856/1854 1144/2023/2021 1167/2024/2022
f 1168/1856/1854 1167/2024/2022 1191/1857/1855
f 1191/1857/1855 1167/2024/2022 1190/2025/2023
f 1191/1857/1855 1190/2025/2023 1214/1858/1856
f 1214/1858/1856 1190/2025/2023 1213/2026/2024
f 1214/1858/1856 1213/2026/2024 1237/1859/1857
f 1237/1859/1857 1213/2026/2024 1236/2027/2025
f 1237/1859/1857 1236/2027/2025 1260/1860/1858
f 1260/1860/1858 1236/2027/2025 1259/2028/2026
f 1260/1860/1858 1259/2028/2026 1283/1861/1859
f 1283/1861/1859 1259/2028/2026 1282/2029/2027
f 1283/1861/1859 1282/2029/2027 1306/1862/1860
f 1306/1862/1860 1282/2029/2027 1305/2030/2028
f 1306/1862/1860 1305/2030/2028 1329/1863/1861
f 1329/1863/1861 1305/2030/2028 1328/2031/2029
f 1329/1863/1861 1328/2031/2029 1352/1864/1862
f 1352/1864/1862 1328/2031/2029 1351/2032/2030
f 1352/1864/1862 1351/2032/2030 1375/1865/1863
f 1375/1865/1863 1351/2032/2030 1374/2033/2031
f 1375/1865/1863 1374/2033/2031 1398/1866/1864
f 1398/1866/1864 1374/2033/2031 1397/2034/2032
f 1398/1866/1864 1397/2034/2032 1421/1867/1865
f 1421/1867/1865 1397/2034/2032 1420/2035/2033
f 1421/1867/1865 1420/2035/2033 1444/1868/1866
f 1444/1868/1866 1420/2035/2033 1443/2036/2034
f 1444/1868/1866 1443/2036/2034 1467/1869/1867
f 1467/1869/1867 1443/2036/2034 1466/2037/2035
f 1467/1869/1867 1466/2037/2035 1490/1870/1868
f 1490/1870/1868 1466/2037/2035 1489/2038/2036
f 1490/1870/1868 1489/2038/2036 1513/1871/1869
f 1513/1871/1869 1489/2038/2036 1512/2039/2037
f 1513/1871/1869 1512/2039/2037 1536/1872/1870
f 1536/1872/1870 1512/2039/2037 1535/2040/2038
f 1536/1872/1870 1535/2040/2038 1559/1873/1871
f 1559/1873/1871 1535/2040/2038 1558/2041/2039
f 1559/1873/1871 1558/2041/2039 1582/1874/1872
f 1582/1874/1872 1558/2041/2039 1581/2042/2040
f 1582/1874/1872 1581/2042/2040 1605/1875/1873
f 1605/1875/1873 1581/2042/2040 1604/2043/2041
f 1605/1875/1873 1604/2043/2041 1628/1876/1874
f 1628/1876/1874 1604/2043/2041 1627/2044/2042
f 1628/1876/1874 1627/2044/2042 1651/1877/1875
f 1651/1877/1875 1627/2044/2042 1650/2045/2043
f 1651/1877/1875 1650/2045/2043 1674/1878/1876
f 1674/1878/1876 1650/2045/2043 1673/2046/2044
f 1674/1878/1876 1673/2046/2044 1697/1879/1877
f 1697/1879/1877 1673/2046/2044 1696/2047/2045
f 1697/1879/1877 1696/2047/2045 1720/1880/1878
f 1720/1880/1878 1696/2047/2045 1719/2048/2046
f 1720/1880/1878 1719/2048/2046 1743/1881/1879
f 1743/1881/1879 1719/2048/2046 1742/2049/2047
f 1743/1881/1879 1742/2049/2047 1766/1882/1880
f 1766/1882/1880 1742/2049/2047 1765/2050/2048
f 1766/1882/1880 1765/2050/2048 1789/1883/1881
f 1789/1883/1881 1765/2050/2048 1788/2051/2049
f 1789/1883/1881 1788/2051/2049 1812/1884/1882
f 1812/1884/1882 1788/2051/2049 1811/2052/2050
f 1812/1884/1882 1811/2052/2050 1835/1885/1883
f 1835/1885/1883 1811/2052/2050 1834/2053/2051
f 1835/1885/1883 1834/2053/2051 1858/1886/1884
f 1858/1886/1884 1834/2053/2051 1857/2054/2052
f 1858/1886/1884 1857/2054/2052 1881/1887/1885
f 1881/1887/1885 1857/2054/2052 1880/2055/2053
f 1881/1887/1885 1880/2055/2053 1904/1888/1886
f 1904/1888/1886 1880/2055/2053 1903/2056/2054
f 1904/1888/1886 1903/2056/2054 1927/1889/1887
f 1927/1889/1887 1903/2056/2054 1926/2057/2055
f 1927/1889/1887 1926/2057/2055 1950/1890/1888
f 1950/1890/1888 1926/2057/2055 1949/2058/2056
f 1950/1890/1888 1949/2058/2056 1973/1891/1889
f 1973/1891/1889 1949/2058/2056 1972/2059/2057
f 1973/1891/1889 1972/2059/2057 1996/1892/1890
f 1996/1892/1890 1972/2059/2057 1995/2060/2058
f 1996/1892/1890 1995/2060/2058 2019/1893/1891
f 2019/1893/1891 1995/2060/2058 2018/2061/2059
f 2019/1893/1891 2018/2061/2059 2042/1894/1892
f 2042/1894/1892 2018/2061/2059 2041/2062/2060
f 2042/1894/1892 2041/2062/2060 2065/1895/1893
f 2065/1895/1893 2041/2062/2060 2064/2063/2061
f 2065/1895/1893 2064/2063/2061 2088/1896/1894
f 2088/1896/1894 2064/2063/2061 2087/2064/2062
f 2088/1896/1894 2087/2064/2062 2111/1897/1895
f 2111/1897/1895 2087/2064/2062 2110/2065/2063
f 2111/1897/1895 2110/2065/2063 2134/1898/1896
f 2134/1898/1896 2110/2065/2063 2133/2066/2064
f 2134/1898/1896 2133/2066/2064 2157/1899/1897
f 2157/1899/1897 2133/2066/2064 2156/2067/2065
f 2157/1899/1897 2156/2067/2065 2180/1900/1898
f 2180/1900/1898 2156/2067/2065 2179/2068/2066
f 2180/1900/1898 2179/2068/2066 2203/1901/1899
f 2203/1901/1899 2179/2068/2066 2202/2069/2067
f 2203/1901/1899 2202/2069/2067 2226/1902/1900
f 2226/1902/1900 2202/2069/2067 2225/2070/2068
f 2226/1902/1900 2225/2070/2068 2249/1903/1901
f 2249/1903/1901 2225/2070/2068 2248/2071/2069
f 2249/1903/1901 2248/2071/2069 2272/1904/1902
f 2272/1904/1902 2248/2071/2069 2271/2072/2070
f 2272/1904/1902 2271/2072/2070 2295/1905/1903
f 2295/1905/1903 2271/2072/2070 2294/2073/2071
f 2295/1905/1903 2294/2073/2071 2318/1906/1904
f 2318/1906/1904 2294/2073/2071 2317/2074/2072
f 2318/1906/1904 2317/2074/2072 2341/1907/1905
f 2341/1907/1905 2317/2074/2072 2340/2075/2073
f 2341/1907/1905 2340/2075/2073 2364/1908/1906
f 2364/1908/1906 2340/2075/2073 2363/2076/2074
f 2364/1908/1906 2363/2076/2074 2387/1909/1907
f 2387/1909/1907 2363/2076/2074 2386/2077/2075
f 2387/1909/1907 2386/2077/2075 2410/1910/1908
f 2410/1910/1908 2386/2077/2075 2409/2078/2076
f 2410/1910/1908 2409/2078/2076 2433/1911/1909
f 2433/1911/1909 2409/2078/2076 2432/2079/2077
f 2433/1911/1909 2432/2079/2077 2456/1912/1910
f 2456/1912/1910 2432/2079/2077 2455/2080/2078
f 2456/1912/1910 2455/2080/2078 2479/1913/1911
f 2479/1913/1911 2455/2080/2078 2478/2081/2079
f 2479/1913/1911 2478/2081/2079 2502/1914/1912
f 2502/1914/1912 2478/2081/2079 2501/2082/2080
f 2502/1914/1912 2501/2082/2080 2525/1915/1913
f 2525/1915/1913 2501/2082/2080 2524/2083/2081
f 2525/1915/1913 2524/2083/2081 2548/1916/1914
f 2548/1916/1914 2524/2083/2081 2547/2084/2082
f 2548/1916/1914 2547/2084/2082 2571/1917/1915
f 2571/1917/1915 2547/2084/2082 2570/2085/2083
f 2571/1917/1915 2570/2085/2083 2594/1918/1916
f 2594/1918/1916 2570/2085/2083 2593/2086/2084
f 2594/1918/1916 2593/2086/2084 2617/1919/1917
f 2617/1919/1917 2593/2086/2084 2616/2087/2085
f 2617/1919/1917 2616/2087/2085 2640/1920/1918
f 2640/1920/1918 2616/2087/2085 2639/2088/2086
f 2640/1920/1918 2639/2088/2086 2663/1921/1919
f 2663/1921/1919 2639/2088/2086 2662/2089/2087
f 2663/1921/1919 2662/2089/2087 2686/1922/1920
f 2686/1922/1920 2662/2089/2087 2685/2090/2088
f 2686/1922/1920 2685/2090/2088 2709/1923/1921
f 2709/1923/1921 2685/2090/2088 2708/2091/2089
f 2709/1923/1921 2708/2091/2089 2732/1924/1922
f 2732/1924/1922 2708/2091/2089 2731/2092/2090
f 2732/1924/1922 2731/2092/2090 2755/1925/1923
f 2755/1925/1923 2731/2092/2090 2754/2093/2091
f 2755/1925/1923 2754/2093/2091 2778/1926/1924
f 2778/1926/1924 2754/2093/2091 2777/2094/2092
f 2778/1926/1924 2777/2094/2092 2801/1927/1925
f 2801/1927/1925 2777/2094/2092 2800/2095/2093
f 2801/1927/1925 2800/2095/2093 2824/1928/1926
f 2824/1928/1926 2800/2095/2093 2823/2096/2094
f 2824/1928/1926 2823/2096/2094 2847/1929/1927
f 2847/1929/1927 2823/2096/2094 2846/2097/2095
f 2847/1929/1927 2846/2097/2095 2870/1930/1928
f 2870/1930/1928 2846/2097/2095 2869/2098/2096
f 2870/1930/1928 2869/2098/2096 2893/1931/1929
f 2893/1931/1929 2869/2098/2096 2892/2099/2097
f 2893/1931/1929 2892/2099/2097 2916/1932/1930
f 2916/1932/1930 2892/2099/2097 2915/2100/2098
f 2916/1932/1930 2915/2100/2098 2939/1933/1931
f 2939/1933/1931 2915/2100/2098 2938/2101/2099
f 2939/1933/1931 2938/2101/2099 2962/1934/1932
f 2962/1934/1932 2938/2101/2099 2961/2102/2100
f 2962/1934/1932 2961/2102/2100 2985/1935/1933
f 2985/1935/1933 2961/2102/2100 2984/2103/2101
f 2985/1935/1933 2984/2103/2101 3008/1936/1934
f 3008/1936/1934 2984/2103/2101 3007/2104/2102
f 3008/1936/1934 3007/2104/2102 3031/1937/1935
f 3031/1937/1935 3007/2104/2102 3030/2105/2103
f 3031/1937/1935 3030/2105/2103 3054/1938/1936
f 3054/1938/1936 3030/2105/2103 3053/2106/2104
f 3054/1938/1936 3053/2106/2104 3077/1939/1937
f 3077/1939/1937 3053/2106/2104 3076/2107/2105
f 3077/1939/1937 3076/2107/2105 3100/1940/1938
f 3100/1940/1938 3076/2107/2105 3099/2108/2106
f 3100/1940/1938 3099/2108/2106 3123/1941/1939
f 3123/1941/1939 3099/2108/2106 3122/2109/2107
f 3123/1941/1939 3122/2109/2107 3146/1942/1940
f 3146/1942/1940 3122/2109/2107 3145/2110/2108
f 3146/1942/1940 3145/2110/2108 3169/1943/1941
f 3169/1943/1941 3145/2110/2108 3168/2111/2109
f 3169/1943/1941 3168/2111/2109 3192/1944/1942
f 3192/1944/1942 3168/2111/2109 3191/2112/2110
f 3192/1944/1942 3191/2112/2110 3215/1945/1943
f 3215/1945/1943 3191/2112/2110 3214/2113/2111
f 3215/1945/1943 3214/2113/2111 3238/1946/1944
f 3238/1946/1944 3214/2113/2111 3237/2114/2112
f 3238/1946/1944 3237/2114/2112 3261/1947/1945
f 3261/1947/1945 3237/2114/2112 3260/2115/2113
f 3261/1947/1945 3260/2115/2113 3284/1948/1946
f 3284/1948/1946 3260/2115/2113 3283/2116/2114
f 3284/1948/1946 3283/2116/2114 3307/1949/1947
f 3307/1949/1947 3283/2116/2114 3306/2117/2115
f 3307/1949/1947 3306/2117/2115 3330/1950/1948
f 3330/1950/1948 3306/2117/2115 3329/2118/2116
f 3330/1950/1948 3329/2118/2116 3353/1951/1949
f 3353/1951/1949 3329/2118/2116 3352/2119/2117
f 3353/1951/1949 3352/2119/2117 3376/1952/1950
f 3376/1952/1950 3352/2119/2117 3375/2120/2118
f 3376/1952/1950 3375/2120/2118 3399/1953/1951
f 3399/1953/1951 3375/2120/2118 3398/2121/2119
f 3399/1953/1951 3398/2121/2119 3422/1954/1952
f 3422/1954/1952 3398/2121/2119 3421/2122/2120
f 3422/1954/1952 3421/2122/2120 3445/1955/1953
f 3445/1955/1953 3421/2122/2120 3444/2123/2121
f 3445/1955/1953 3444/2123/2121 3468/1956/1954
f 3468/1956/1954 3444/2123/2121 3467/2124/2122
f 3468/1956/1954 3467/2124/2122 3491/1957/1955
f 3491/1957/1955 3467/2124/2122 3490/2125/2123
f 3491/1957/1955 3490/2125/2123 3514/1958/1956
f 3514/1958/1956 3490/2125/2123 3513/2126/2124
f 3514/1958/1956 3513/2126/2124 3537/1959/1957
f 3537/1959/1957 3513/2126/2124 3536/2127/2125
f 3537/1959/1957 3536/2127/2125 3560/1960/1958
f 3560/1960/1958 3536/2127/2125 3559/2128/2126
f 3560/1960/1958 3559/2128/2126 3583/1961/1959
f 3583/1961/1959 3559/2128/2126 3582/2129/2127
f 3583/1961/1959 3582/2129/2127 3606/1962/1960
f 3606/1962/1960 3582/2129/2127 3605/2130/2128
f 3606/1962/1960 3605/2130/2128 3629/1963/1961
f 3629/1963/1961 3605/2130/2128 3628/2131/2129
f 3629/1963/1961 3628/2131/2129 3652/1964/1962
f 3652/1964/1962 3628/2131/2129 3651/2132/2130
f 3652/1964/1962 3651/2132/2130 3675/1965/1963
f 3675/1965/1963 3651/2132/2130 3674/2133/2131
f 3675/1965/1963 3674/2133/2131 3698/1966/1964
f 3698/1966/1964 3674/2133/2131 3697/2134/2132
f 3698/1966/1964 3697/2134/2132 3721/1967/1965
f 3721/1967/1965 3697/2134/2132 3720/2135/2133
f 3721/1967/1965 3720/2135/2133 3744/1968/1966
f 3744/1968/1966 3720/2135/2133 3743/2136/2134
f 3744/1968/1966 3743/2136/2134 3767/1969/1967
f 3767/1969/1967 3743/2136/2134 3766/2137/2135
f 3767/1969/1967 3766/2137/2135 3790/1970/1968
f 3790/1970/1968 3766/2137/2135 3789/2138/2136
f 3790/1970/1968 3789/2138/2136 3813/1971/1969
f 3813/1971/1969 3789/2138/2136 3812/2139/2137
f 3813/1971/1969 3812/2139/2137 3836/1972/1970
f 3836/1972/1970 3812/2139/2137 3835/2140/2138
f 3836/1972/1970 3835/2140/2138 3859/1973/1971
f 3859/1973/1971 3835/2140/2138 3858/2141/2139
f 3859/1973/1971 3858/2141/2139 3882/1974/1972
f 3882/1974/1972 3858/2141/2139 3881/2142/2140
f 3882/1974/1972 3881/2142/2140 3905/1975/1973
f 3905/1975/1973 3881/2142/2140 3904/2143/2141
f 3905/1975/1973 3904/2143/2141 3928/1976/1974
f 3928/1976/1974 3904/2143/2141 3927/2144/2142
f 3928/1976/1974 3927/2144/2142 3951/1977/1975
f 3951/1977/1975 3927/2144/2142 3950/2145/2143
f 3951/1977/1975 3950/2145/2143 3974/1978/1976
f 3974/1978/1976 3950/2145/2143 3973/2146/2144
f 3974/1978/1976 3973/2146/2144 3997/1979/1977
f 3997/1979/1977 3973/2146/2144 3996/2147/2145
f 3997/1979/1977 3996/2147/2145 4020/1980/1978
f 4020/1980/1978 3996/2147/2145 4019/2148/2146
f 4020/1980/1978 4019/2148/2146 4043/1981/1979
f 4043/1981/1979 4019/2148/2146 4042/2149/2147
f 4043/1981/1979 4042/2149/2147 4066/1982/1980
f 4066/1982/1980 4042/2149/2147 4065/2150/2148
f 4066/1982/1980 4065/2150/2148 4089/1983/1981
f 4089/1983/1981 4065/2150/2148 4088/2151/2149
f 4089/1983/1981 4088/2151/2149 4112/1984/1982
f 4112/1984/1982 4088/2151/2149 4111/2152/2150
f 4112/1984/1982 4111/2152/2150 4135/1985/1983
f 4135/1985/1983 4111/2152/2150 4134/2153/2151
f 4135/1985/1983 4134/2153/2151 4158/612/612
f 4158/612/612 4134/2153/2151 4157/614/614
f 12/1986/1984 13/2154/2152 316/1987/1985
f 316/1987/1985 13/2154/2152 315/2155/2153
f 316/1987/1985 315/2155/2153 339/1988/1986
f 339/1988/1986 315/2155/2153 338/2156/2154
f 339/1988/1986 338/2156/2154 362/1989/1987
f 362/1989/1987 338/2156/2154 361/2157/2155
f 362/1989/1987 361/2157/2155 385/1990/1988
f 385/1990/1988 361/2157/2155 384/2158/2156
f 385/1990/1988 384/2158/2156 408/1991/1989
f 408/1991/1989 384/2158/2156 407/2159/2157
f 408/1991/1989 407/2159/2157 431/1992/1990
f 431/1992/1990 407/2159/2157 430/2160/2158
f 431/1992/1990 430/2160/2158 454/1993/1991
f 454/1993/1991 430/2160/2158 453/2161/2159
f 454/1993/1991 453/2161/2159 477/1994/1992
f 477/1994/1992 453/2161/2159 476/2162/2160
f 477/1994/1992 476/2162/2160 500/1995/1993
f 500/1995/1993 476/2162/2160 499/2163/2161
f 500/1995/1993 499/2163/2161 523/1996/1994
f 523/1996/1994 499/2163/2161 522/2164/2162
f 523/1996/1994 522/2164/2162 546/1997/1995
f 546/1997/1995 522/2164/2162 545/2165/2163
f 546/1997/1995 545/2165/2163 569/1998/1996
f 569/1998/1996 545/2165/2163 568/2166/2164
f 569/1998/1996 568/2166/2164 592/1999/1997
f 592/1999/1997 568/2166/2164 591/2167/2165
f 592/1999/1997 591/2167/2165 615/2000/1998
f 615/2000/1998 591/2167/2165 614/2168/2166
f 615/2000/1998 614/2168/2166 638/2001/1999
f 638/2001/1999 614/2168/2166 637/2169/2167
f 638/2001/1999 637/2169/2167 661/2002/2000
f 661/2002/2000 637/2169/2167 660/2170/2168
f 661/2002/2000 660/2170/2168 684/2003/2001
f 684/2003/2001 660/2170/2168 683/2171/2169
f 684/2003/2001 683/2171/2169 707/2004/2002
f 707/2004/2002 683/2171/2169 706/2172/2170
f 707/2004/2002 706/2172/2170 730/2005/2003
f 730/2005/2003 706/2172/2170 729/2173/2171
f 730/2005/2003 729/2173/2171 753/2006/2004
f 753/2006/2004 729/2173/2171 752/2174/2172
f 753/2006/2004 752/2174/2172 776/2007/2005
f 776/2007/2005 752/2174/2172 775/2175/2173
f 776/2007/2005 775/2175/2173 799/2008/2006
f 799/2008/2006 775/2175/2173 798/2176/2174
f 799/2008/2006 798/2176/2174 822/2009/2007
f 822/2009/2007 798/2176/2174 821/2177/2175
f 822/2009/2007 821/2177/2175 845/2010/2008
f 845/2010/2008 821/2177/2175 844/2178/2176
f 845/2010/2008 844/2178/2176 868/2011/2009
f 868/2011/2009 844/2178/2176 867/2179/2177
f 868/2011/2009 867/2179/2177 891/2012/2010
f 891/2012/2010 867/2179/2177 890/2180/2178
f 891/2012/2010 890/2180/2178 914/2013/2011
f 914/2013/2011 890/2180/2178 913/2181/2179
f 914/2013/2011 913/2181/2179 937/2014/2012
f 937/2014/2012 913/2181/2179 936/2182/2180
f 937/2014/2012 936/2182/2180 960/2015/2013
f 960/2015/2013 936/2182/2180 959/2183/2181
f 960/2015/2013 959/2183/2181 983/2016/2014
f 983/2016/2014 959/2183/2181 982/2184/2182
f 983/2016/2014 982/2184/2182 1006/2017/2015
f 1006/2017/2015 982/2184/2182 1005/2185/2183
f 1006/2017/2015 1005/2185/2183 1029/2018/2016
f 1029/2018/2016 1005/2185/2183 1028/2186/2184
f 1029/2018/2016 1028/2186/2184 1052/2019/2017
f 1052/2019/2017 1028/2186/2184 1051/2187/2185
f 1052/2019/2017 1051/2187/2185 1075/2020/2018
f 1075/2020/2018 1051/2187/2185 1074/2188/2186
f 1075/2020/2018 1074/2188/2186 1098/2021/2019
f 1098/2021/2019 1074/2188/2186 1097/2189/2187
f 1098/2021/2019 1097/2189/2187 1121/2022/2020
f 1121/2022/2020 1097/2189/2187 1120/2190/2188
f 1121/2022/2020 1120/2190/2188 1144/2023/2021
f 1144/2023/2021 1120/2190/2188 1143/2191/2189
f 1144/2023/2021 1143/2191/2189 1167/2024/2022
f 1167/2024/2022 1143/2191/2189 1166/2192/2190
f 1167/2024/2022 1166/2192/2190 1190/2025/2023
f 1190/2025/2023 1166/2192/2190 1189/2193/2191
f 1190/2025/2023 1189/2193/2191 1213/2026/2024
f 1213/2026/2024 1189/2193/2191 1212/2194/2192
f 1213/2026/2024 1212/2194/2192 1236/2027/2025
f 1236/2027/2025 1212/2194/2192 1235/2195/2193
f 1236/2027/2025 1235/2195/2193 1259/2028/2026
f 1259/2028/2026 1235/2195/2193 1258/2196/2194
f 1259/2028/2026 1258/2196/2194 1282/2029/2027
f 1282/2029/2027 1258/2196/2194 1281/2197/2195
f 1282/2029/2027 1281/2197/2195 1305/2030/2028
f 1305/2030/2028 1281/2197/2195 1304/2198/2196
f 1305/2030/2028 1304/2198/2196 1328/2031/2029
f 1328/2031/2029 1304/2198/2196 1327/2199/2197
f 1328/2031/2029 1327/2199/2197 1351/2032/2030
f 1351/2032/2030 1327/2199/2197 1350/2200/2198
f 1351/2032/2030 1350/2200/2198 1374/2033/2031
f 1374/2033/2031 1350/2200/2198 1373/2201/2199
f 1374/2033/2031 1373/2201/2199 1397/2034/2032
f 1397/2034/2032 1373/2201/2199 1396/2202/2200
f 1397/2034/2032 1396/2202/2200 1420/2035/2033
f 1420/2035/2033 1396/2202/2200 1419/2203/2201
f 1420/2035/2033 1419/2203/2201 1443/2036/2034
f 1443/2036/2034 1419/2203/2201 1442/2204/2202
f 1443/2036/2034 1442/2204/2202 1466/2037/2035
f 1466/2037/2035 1442/2204/2202 1465/2205/2203
f 1466/2037/2035 1465/2205/2203 1489/2038/2036
f 1489/2038/2036 1465/2205/2203 1488/2206/2204
f 1489/2038/2036 1488/2206/2204 1512/2039/2037
f 1512/2039/2037 1488/2206/2204 1511/2207/2205
f 1512/2039/2037 1511/2207/2205 1535/2040/2038
f 1535/2040/2038 1511/2207/2205 1534/2208/2206
f 1535/2040/2038 1534/2208/2206 1558/2041/2039
f 1558/2041/2039 1534/2208/2206 1557/2209/2207
f 1558/2041/2039 1557/2209/2207 1581/2042/2040
f 1581/2042/2040 1557/2209/2207 1580/2210/2208
f 1581/2042/2040 1580/2210/2208 1604/2043/2041
f 1604/2043/2041 1580/2210/2208 1603/2211/2209
f 1604/2043/2041 1603/2211/2209 1627/2044/2042
f 1627/2044/2042 1603/2211/2209 1626/2212/2210
f 1627/2044/2042 1626/2212/2210 1650/2045/2043
f 1650/2045/2043 1626/2212/2210 1649/2213/2211
f 1650/2045/2043 1649/2213/2211 1673/2046/2044
f 1673/2046/2044 1649/2213/2211 1672/2214/2212
f 1673/2046/2044 1672/2214/2212 1696/2047/2045
f 1696/2047/2045 1672/2214/2212 1695/2215/2213
f 1696/2047/2045 1695/2215/2213 1719/2048/2046
f 1719/2048/2046 1695/2215/2213 1718/2216/2214
f 1719/2048/2046 1718/2216/2214 1742/2049/2047
f 1742/2049/2047 1718/2216/2214 1741/2217/2215
f 1742/2049/2047 1741/2217/2215 1765/2050/2048
f 1765/2050/2048 1741/2217/2215 1764/2218/2216
f 1765/2050/2048 1764/2218/2216 1788/2051/2049
f 1788/2051/2049 1764/2218/2216 1787/2219/2217
f 1788/2051/2049 1787/2219/2217 1811/2052/2050
f 1811/2052/2050 1787/2219/2217 1810/2220/2218
f 1811/2052/2050 1810/2220/2218 1834/2053/2051
f 1834/2053/2051 1810/2220/2218 1833/2221/2219
f 1834/2053/2051 1833/2221/2219 1857/2054/2052
f 1857/2054/2052 1833/2221/2219 1856/2222/2220
f 1857/2054/2052 1856/2222/2220 1880/2055/2053
f 1880/2055/2053 1856/2222/2220 1879/2223/2221
f 1880/2055/2053 1879/2223/2221 1903/2056/2054
f 1903/2056/2054 1879/2223/2221 1902/2224/2222
f 1903/2056/2054 1902/2224/2222 1926/2057/2055
f 1926/2057/2055 1902/2224/2222 1925/2225/2223
f 1926/2057/2055 1925/2225/2223 1949/2058/2056
f 1949/2058/2056 1925/2225/2223 1948/2226/2224
f 1949/2058/2056 1948/2226/2224 1972/2059/2057
f 1972/2059/2057 1948/2226/2224 1971/2227/2225
f 1972/2059/2057 1971/2227/2225 1995/2060/2058
f 1995/2060/2058 1971/2227/2225 1994/2228/2226
f 1995/2060/2058 1994/2228/2226 2018/2061/2059
f 2018/2061/2059 1994/2228/2226 2017/2229/2227
f 2018/2061/2059 2017/2229/2227 2041/2062/2060
f 2041/2062/2060 2017/2229/2227 2040/2230/2228
f 2041/2062/2060 2040/2230/2228 2064/2063/2061
f 2064/2063/2061 2040/2230/2228 2063/2231/2229
f 2064/2063/2061 2063/2231/2229 2087/2064/2062
f 2087/2064/2062 2063/2231/2229 2086/2232/2230
f 2087/2064/2062 2086/2232/2230 2110/2065/2063
f 2110/2065/2063 2086/2232/2230 2109/2233/2231
f 2110/2065/2063 2109/2233/2231 2133/2066/2064
f 2133/2066/2064 2109/2233/2231 2132/2234/2232
f 2133/2066/2064 2132/2234/2232 2156/2067/2065
f 2156/2067/2065 2132/2234/2232 2155/2235/2233
f 2156/2067/2065 2155/2235/2233 2179/2068/2066
f 2179/2068/2066 2155/2235/2233 2178/2236/2234
f 2179/2068/2066 2178/2236/2234 2202/2069/2067
f 2202/2069/2067 2178/2236/2234 2201/2237/2235
f 2202/2069/2067 2201/2237/2235 2225/2070/2068
f 2225/2070/2068 2201/2237/2235 2224/2238/2236
f 2225/2070/2068 2224/2238/2236 2248/2071/2069
f 2248/2071/2069 2224/2238/2236 2247/2239/2237
f 2248/2071/2069 2247/2239/2237 2271/2072/2070
f 2271/2072/2070 2247/2239/2237 2270/2240/2238
f 2271/2072/2070 2270/2240/2238 2294/2073/2071
f 2294/2073/2071 2270/2240/2238 2293/2241/2239
f 2294/2073/2071 2293/2241/2239 2317/2074/2072
f 2317/2074/2072 2293/2241/2239 2316/2242/2240
f 2317/2074/2072 2316/2242/2240 2340/2075/2073
f 2340/2075/2073 2316/2242/2240 2339/2243/2241
f 2340/2075/2073 2339/2243/2241 2363/2076/2074
f 2363/2076/2074 2339/2243/2241 2362/2244/2242
f 2363/2076/2074 2362/2244/2242 2386/2077/2075
f 2386/2077/2075 2362/2244/2242 2385/2245/2243
f 2386/2077/2075 2385/2245/2243 2409/2078/2076
f 2409/2078/2076 2385/2245/2243 2408/2246/2244
f 2409/2078/2076 2408/2246/2244 2432/2079/2077
f 2432/2079/2077 2408/2246/2244 2431/2247/2245
f 2432/2079/2077 2431/2247/2245 2455/2080/2078
f 2455/2080/2078 2431/2247/2245 2454/2248/2246
f 2455/2080/2078 2454/2248/2246 2478/2081/2079
f 2478/2081/2079 2454/2248/2246 2477/2249/2247
f 2478/2081/2079 2477/2249/2247 2501/2082/2080
f 2501/2082/2080 2477/2249/2247 2500/2250/2248
f 2501/2082/2080 2500/2250/2248 2524/2083/2081
f 2524/2083/2081 2500/2250/2248 2523/2251/2249
f 2524/2083/2081 2523/2251/2249 2547/2084/2082
f 2547/2084/2082 2523/2251/2249 2546/2252/2250
f 2547/2084/2082 2546/2252/2250 2570/2085/2083
f 2570/2085/2083 2546/2252/2250 2569/2253/2251
f 2570/2085/2083 2569/2253/2251 2593/2086/2084
f 2593/2086/2084 2569/2253/2251 2592/2254/2252
f 2593/2086/2084 2592/2254/2252 2616/2087/2085
f 2616/2087/2085 2592/2254/2252 2615/2255/2253
f 2616/2087/2085 2615/2255/2253 2639/2088/2086
f 2639/2088/2086 2615/2255/2253 2638/2256/2254
f 2639/2088/2086 2638/2256/2254 2662/2089/2087
f 2662/2089/2087 2638/2256/2254 2661/2257/2255
f 2662/2089/2087 2661/2257/2255 2685/2090/2088
f 2685/2090/2088 2661/2257/2255 2684/2258/2256
f 2685/2090/2088 2684/2258/2256 2708/2091/2089
f 2708/2091/2089 2684/2258/2256 2707/2259/2257
f 2708/2091/2089 2707/2259/2257 2731/2092/2090
f 2731/2092/2090 2707/2259/2257 2730/2260/2258
f 2731/2092/2090 2730/2260/2258 2754/2093/2091
f 2754/2093/2091 2730/2260/2258 2753/2261/2259
f 2754/2093/2091 2753/2261/2259 2777/2094/2092
f 2777/2094/2092 2753/2261/2259 2776/2262/2260
f 2777/2094/2092 2776/2262/2260 2800/2095/2093
f 2800/2095/2093 2776/2262/2260 2799/2263/2261
f 2800/2095/2093 2799/2263/2261 2823/2096/2094
f 2823/2096/2094 2799/2263/2261 2822/2264/2262
f 2823/2096/2094 2822/2264/2262 2846/2097/2095
f 2846/2097/2095 2822/2264/2262 2845/2265/2263
f 2846/2097/2095 2845/2265/2263 2869/2098/2096
f 2869/2098/2096 2845/2265/2263 2868/2266/2264
f 2869/2098/2096 2868/2266/2264 2892/2099/2097
f 2892/2099/2097 2868/2266/2264 2891/2267/2265
f 2892/2099/2097 2891/2267/2265 2915/2100/2098
f 2915/2100/2098 2891/2267/2265 2914/2268/2266
f 2915/2100/2098 2914/2268/2266 2938/2101/2099
f 2938/2101/2099 2914/2268/2266 2937/2269/2267
f 2938/2101/2099 2937/2269/2267 2961/2102/2100
f 2961/2102/2100 2937/2269/2267 2960/2270/2268
f 2961/2102/2100 2960/2270/2268 2984/2103/2101
f 2984/2103/2101 2960/2270/2268 2983/2271/2269
f 2984/2103/2101 2983/2271/2269 3007/2104/2102
f 3007/2104/2102 2983/2271/2269 3006/2272/2270
f 3007/2104/2102 3006/2272/2270 3030/2105/2103
f 3030/2105/2103 3006/2272/2270 3029/2273/2271
f 3030/2105/2103 3029/2273/2271 3053/2106/2104
f 3053/2106/2104 3029/2273/2271 3052/2274/2272
f 3053/2106/2104 3052/2274/2272 3076/2107/2105
f 3076/2107/2105 3052/2274/2272 3075/2275/2273
f 3076/2107/2105 3075/2275/2273 3099/2108/2106
f 3099/2108/2106 3075/2275/2273 3098/2276/2274
f 3099/2108/2106 3098/2276/2274 3122/2109/2107
f 3122/2109/2107 3098/2276/2274 3121/2277/2275
f 3122/2109/2107 3121/2277/2275 3145/2110/2108
f 3145/2110/2108 3121/2277/2275 3144/2278/2276
f 3145/2110/2108 3144/2278/2276 3168/2111/2109
f 3168/2111/2109 3144/2278/2276 3167/2279/2277
f 3168/2111/2109 3167/2279/2277 3191/2112/2110
f 3191/2112/2110 3167/2279/2277 3190/2280/2278
f 3191/2112/2110 3190/2280/2278 3214/2113/2111
f 3214/2113/2111 3190/2280/2278 3213/2281/2279
f 3214/2113/2111 3213/2281/2279 3237/2114/2112
f 3237/2114/2112 3213/2281/2279 3236/2282/2280
f 3237/2114/2112 3236/2282/2280 3260/2115/2113
f 3260/2115/2113 3236/2282/2280 3259/2283/2281
f 3260/2115/2113 3259/2283/2281 3283/2116/2114
f 3283/2116/2114 3259/2283/2281 3282/2284/2282
f 3283/2116/2114 3282/2284/2282 3306/2117/2115
f 3306/2117/2115 3282/2284/2282 3305/2285/2283
f 3306/2117/2115 3305/2285/2283 3329/2118/2116
f 3329/2118/2116 3305/2285/2283 3328/2286/2284
f 3329/2118/2116 3328/2286/2284 3352/2119/2117
f 3352/2119/2117 3328/2286/2284 3351/2287/2285
f 3352/2119/2117 3351/2287/2285 3375/2120/2118
f 3375/2120/2118 3351/2287/2285 3374/2288/2286
f 3375/2120/2118 3374/2288/2286 3398/2121/2119
f 3398/2121/2119 3374/2288/2286 3397/2289/2287
f 3398/2121/2119 3397/2289/2287 3421/2122/2120
f 3421/2122/2120 3397/2289/2287 3420/2290/2288
f 3421/2122/2120 3420/2290/2288 3444/2123/2121
f 3444/2123/2121 3420/2290/2288 3443/2291/2289
f 3444/2123/2121 3443/2291/2289 3467/2124/2122
f 3467/2124/2122 3443/2291/2289 3466/2292/2290
f 3467/2124/2122 3466/2292/2290 3490/2125/2123
f 3490/2125/2123 3466/2292/2290 3489/2293/2291
f 3490/2125/2123 3489/2293/2291 3513/2126/2124
f 3513/2126/2124 3489/2293/2291 3512/2294/2292
f 3513/2126/2124 3512/2294/2292 3536/2127/2125
f 3536/2127/2125 3512/2294/2292 3535/2295/2293
f 3536/2127/2125 3535/2295/2293 3559/2128/2126
f 3559/2128/2126 3535/2295/2293 3558/2296/2294
f 3559/2128/2126 3558/2296/2294 3582/2129/2127
f 3582/2129/2127 3558/2296/2294 3581/2297/2295
f 3582/2129/2127 3581/2297/2295 3605/2130/2128
f 3605/2130/2128 3581/2297/2295 3604/2298/2296
f 3605/2130/2128 3604/2298/2296 3628/2131/2129
f 3628/2131/2129 3604/2298/2296 3627/2299/2297
f 3628/2131/2129 3627/2299/2297 3651/2132/2130
f 3651/2132/2130 3627/2299/2297 3650/2300/2298
f 3651/2132/2130 3650/2300/2298 3674/2133/2131
f 3674/2133/2131 3650/2300/2298 3673/2301/2299
f 3674/2133/2131 3673/2301/2299 3697/2134/2132
f 3697/2134/2132 3673/2301/2299 3696/2302/2300
f 3697/2134/2132 3696/2302/2300 3720/2135/2133
f 3720/2135/2133 3696/2302/2300 3719/2303/2301
f 3720/2135/2133 3719/2303/2301 3743/2136/2134
f 3743/2136/2134 3719/2303/2301 3742/2304/2302
f 3743/2136/2134 3742/2304/2302 3766/2137/2135
f 3766/2137/2135 3742/2304/2302 3765/2305/2303
f 3766/2137/2135 3765/2305/2303 3789/2138/2136
f 3789/2138/2136 3765/2305/2303 3788/2306/2304
f 3789/2138/2136 3788/2306/2304 3812/2139/2137
f 3812/2139/2137 3788/2306/2304 3811/2307/2305
f 3812/2139/2137 3811/2307/2305 3835/2140/2138
f 3835/2140/2138 3811/2307/2305 3834/2308/2306
f 3835/2140/2138 3834/2308/2306 3858/2141/2139
f 3858/2141/2139 3834/2308/2306 3857/2309/2307
f 3858/2141/2139 3857/2309/2307 3881/2142/2140
f 3881/2142/2140 3857/2309/2307 3880/2310/2308
f 3881/2142/2140 3880/2310/2308 3904/2143/2141
f 3904/2143/2141 3880/2310/2308 3903/2311/2309
f 3904/2143/2141 3903/2311/2309 3927/2144/2142
f 3927/2144/2142 3903/2311/2309 3926/2312/2310
f 3927/2144/2142 3926/2312/2310 3950/2145/2143
f 3950/2145/2143 3926/2312/2310 3949/2313/2311
f 3950/2145/2143 3949/2313/2311 3973/2146/2144
f 3973/2146/2144 3949/2313/2311 3972/2314/2312
f 3973/2146/2144 3972/2314/2312 3996/2147/2145
f 3996/2147/2145 3972/2314/2312 3995/2315/2313
f 3996/2147/2145 3995/2315/2313 4019/2148/2146
f 4019/2148/2146 3995/2315/2313 4018/2316/2314
f 4019/2148/2146 4018/2316/2314 4042/2149/2147
f 4042/2149/2147 4018/2316/2314 4041/2317/2315
f 4042/2149/2147 4041/2317/2315 4065/2150/2148
f 4065/2150/2148 4041/2317/2315 4064/2318/2316
f 4065/2150/2148 4064/2318/2316 4088/2151/2149
f 4088/2151/2149 4064/2318/2316 4087/2319/2317
f 4088/2151/2149 4087/2319/2317 4111/2152/2150
f 4111/2152/2150 4087/2319/2317 4110/2320/2318
f 4111/2152/2150 4110/2320/2318 4134/2153/2151
f 4134/2153/2151 4110/2320/2318 4133/2321/2319
f 4134/2153/2151 4133/2321/2319 4157/614/614
f 4157/614/614 4133/2321/2319 4156/616/616
f 13/2154/2152 14/2322/2320 315/2155/2153
f 315/2155/2153 14/2322/2320 314/2323/2321
f 315/2155/2153 314/2323/2321 338/2156/2154
f 338/2156/2154 314/2323/2321 337/2324/2322
f 338/2156/2154 337/2324/2322 361/2157/2155
f 361/2157/2155 337/2324/2322 360/2325/2323
f 361/2157/2155 360/2325/2323 384/2158/2156
f 384/2158/2156 360/2325/2323 383/2326/2324
f 384/2158/2156 383/2326/2324 407/2159/2157
f 407/2159/2157 383/2326/2324 406/2327/2325
f 407/2159/2157 406/2327/2325 430/2160/2158
f 430/2160/2158 406/2327/2325 429/2328/2326
f 430/2160/2158 429/2328/2326 453/2161/2159
f 453/2161/2159 429/2328/2326 452/2329/2327
f 453/2161/2159 452/2329/2327 476/2162/2160
f 476/2162/2160 452/2329/2327 475/2330/2328
f 476/2162/2160 475/2330/2328 499/2163/2161
f 499/2163/2161 475/2330/2328 498/2331/2329
f 499/2163/2161 498/2331/2329 522/2164/2162
f 522/2164/2162 498/2331/2329 521/2332/2330
f 522/2164/2162 521/2332/2330 545/2165/2163
f 545/2165/2163 521/2332/2330 544/2333/2331
f 545/2165/2163 544/2333/2331 568/2166/2164
f 568/2166/2164 544/2333/2331 567/2334/2332
f 568/2166/2164 567/2334/2332 591/2167/2165
f 591/2167/2165 567/2334/2332 590/2335/2333
f 591/2167/2165 590/2335/2333 614/2168/2166
f 614/2168/2166 590/2335/2333 613/2336/2334
f 614/2168/2166 613/2336/2334 637/2169/2167
f 637/2169/2167 613/2336/2334 636/2337/2335
f 637/2169/2167 636/2337/2335 660/2170/2168
f 660/2170/2168 636/2337/2335 659/2338/2336
f 660/2170/2168 659/2338/2336 683/2171/2169
f 683/2171/2169 659/2338/2336 682/2339/2337
f 683/2171/2169 682/2339/2337 706/2172/2170
f 706/2172/2170 682/2339/2337 705/2340/2338
f 706/2172/2170 705/2340/2338 729/2173/2171
f 729/2173/2171 705/2340/2338 728/2341/2339
f 729/2173/2171 728/2341/2339 752/2174/2172
f 752/2174/2172 728/2341/2339 751/2342/2340
f 752/2174/2172 751/2342/2340 775/2175/2173
f 775/2175/2173 751/2342/2340 774/2343/2341
f 775/2175/2173 774/2343/2341 798/2176/2174
f 798/2176/2174 774/2343/2341 797/2344/2342
f 798/2176/2174 797/2344/2342 821/2177/2175
f 821/2177/2175 797/2344/2342 820/2345/2343
f 821/2177/2175 820/2345/2343 844/2178/2176
f 844/2178/2176 820/2345/2343 843/2346/2344
f 844/2178/2176 843/2346/2344 867/2179/2177
f 867/2179/2177 843/2346/2344 866/2347/2345
f 867/2179/2177 866/2347/2345 890/2180/2178
f 890/2180/2178 866/2347/2345 889/2348/2346
f 890/2180/2178 889/2348/2346 913/2181/2179
f 913/2181/2179 889/2348/2346 912/2349/2347
f 913/2181/2179 912/2349/2347 936/2182/2180
f 936/2182/2180 912/2349/2347 935/2350/2348
f 936/2182/2180 935/2350/2348 959/2183/2181
f 959/2183/2181 935/2350/2348 958/2351/2349
f 959/2183/2181 958/2351/2349 982/2184/2182
f 982/2184/2182 958/2351/2349 981/2352/2350
f 982/2184/2182 981/2352/2350 1005/2185/2183
f 1005/2185/2183 981/2352/2350 1004/2353/2351
f 1005/2185/2183 1004/2353/2351 1028/2186/2184
f 1028/2186/2184 1004/2353/2351 1027/2354/2352
f 1028/2186/2184 1027/2354/2352 1051/2187/2185
f 1051/2187/2185 1027/2354/2352 1050/2355/2353
f 1051/2187/2185 1050/2355/2353 1074/2188/2186
f 1074/2188/2186 1050/2355/2353 1073/2356/2354
f 1074/2188/2186 1073/2356/2354 1097/2189/2187
f 1097/2189/2187 1073/2356/2354 1096/2357/2355
f 1097/2189/2187 1096/2357/2355 1120/2190/2188
f 1120/2190/2188 1096/2357/2355 1119/2358/2356
f 1120/2190/2188 1119/2358/2356 1143/2191/2189
f 1143/2191/2189 1119/2358/2356 1142/2359/2357
f 1143/2191/2189 1142/2359/2357 1166/2192/2190
f 1166/2192/2190 1142/2359/2357 1165/2360/2358
f 1166/2192/2190 1165/2360/2358 1189/2193/2191
f 1189/2193/2191 1165/2360/2358 1188/2361/2359
f 1189/2193/2191 1188/2361/2359 1212/2194/2192
f 1212/2194/2192 1188/2361/2359 1211/2362/2360
f 1212/2194/2192 1211/2362/2360 1235/2195/2193
f 1235/2195/2193 1211/2362/2360 1234/2363/2361
f 1235/2195/2193 1234/2363/2361 1258/2196/2194
f 1258/2196/2194 1234/2363/2361 1257/2364/2362
f 1258/2196/2194 1257/2364/2362 1281/2197/2195
f 1281/2197/2195 1257/2364/2362 1280/2365/2363
f 1281/2197/2195 1280/2365/2363 1304/2198/2196
f 1304/2198/2196 1280/2365/2363 1303/2366/2364
f 1304/2198/2196 1303/2366/2364 1327/2199/2197
f 1327/2199/2197 1303/2366/2364 1326/2367/2365
f 1327/2199/2197 1326/2367/2365 1350/2200/2198
f 1350/2200/2198 1326/2367/2365 1349/2368/2366
f 1350/2200/2198 1349/2368/2366 1373/2201/2199
f 1373/2201/2199 1349/2368/2366 1372/2369/2367
f 1373/2201/2199 1372/2369/2367 1396/2202/2200
f 1396/2202/2200 1372/2369/2367 1395/2370/2368
f 1396/2202/2200 1395/2370/2368 1419/2203/2201
f 1419/2203/2201 1395/2370/2368 1418/2371/2369
f 1419/2203/2201 1418/2371/2369 1442/2204/2202
f 1442/2204/2202 1418/2371/2369 1441/2372/2370
f 1442/2204/2202 1441/2372/2370 1465/2205/2203
f 1465/2205/2203 1441/2372/2370 1464/2373/2371
f 1465/2205/2203 1464/2373/2371 1488/2206/2204
f 1488/2206/2204 1464/2373/2371 1487/2374/2372
f 1488/2206/2204 1487/2374/2372 1511/2207/2205
f 1511/2207/2205 1487/2374/2372 1510/2375/2373
f 1511/2207/2205 1510/2375/2373 1534/2208/2206
f 1534/2208/2206 1510/2375/2373 1533/2376/2374
f 1534/2208/2206 1533/2376/2374 1557/2209/2207
f 1557/2209/2207 1533/2376/2374 1556/2377/2375
f 1557/2209/2207 1556/2377/2375 1580/2210/2208
f 1580/2210/2208 1556/2377/2375 1579/2378/2376
f 1580/2210/2208 1579/2378/2376 1603/2211/2209
f 1603/2211/2209 1579/2378/2376 1602/2379/2377
f 1603/2211/2209 1602/2379/2377 1626/2212/2210
f 1626/2212/2210 1602/2379/2377 1625/2380/2378
f 1626/2212/2210 1625/2380/2378 1649/2213/2211
f 1649/2213/2211 1625/2380/2378 1648/2381/2379
f 1649/2213/2211 1648/2381/2379 1672/2214/2212
f 1672/2214/2212 1648/2381/2379 1671/2382/2380
f 1672/2214/2212 1671/2382/2380 1695/2215/2213
f 1695/2215/2213 1671/2382/2380 1694/2383/2381
f 1695/2215/2213 1694/2383/2381 1718/2216/2214
f 1718/2216/2214 1694/2383/2381 1717/2384/2382
f 1718/2216/2214 1717/2384/2382 1741/2217/2215
f 1741/2217/2215 1717/2384/2382 1740/2385/2383
f 1741/2217/2215 1740/2385/2383 1764/2218/2216
f 1764/2218/2216 1740/2385/2383 1763/2386/2384
f 1764/2218/2216 1763/2386/2384 1787/2219/2217
f 1787/2219/2217 1763/2386/2384 1786/2387/2385
f 1787/2219/2217 1786/2387/2385 1810/2220/2218
f 1810/2220/2218 1786/2387/2385 1809/2388/2386
f 1810/2220/2218 1809/2388/2386 1833/2221/2219
f 1833/2221/2219 1809/2388/2386 1832/2389/2387
f 1833/2221/2219 1832/2389/2387 1856/2222/2220
f 1856/2222/2220 1832/2389/2387 1855/2390/2388
f 1856/2222/2220 1855/2390/2388 1879/2223/2221
f 1879/2223/2221 1855/2390/2388 1878/2391/2389
f 1879/2223/2221 1878/2391/2389 1902/2224/2222
f 1902/2224/2222 1878/2391/2389 1901/2392/2390
f 1902/2224/2222 1901/2392/2390 1925/2225/2223
f 1925/2225/2223 1901/2392/2390 1924/2393/2391
f 1925/2225/2223 1924/2393/2391 1948/2226/2224
f 1948/2226/2224 1924/2393/2391 1947/2394/2392
f 1948/2226/2224 1947/2394/2392 1971/2227/2225
f 1971/2227/2225 1947/2394/2392 1970/2395/2393
f 1971/2227/2225 1970/2395/2393 1994/2228/2226
f 1994/2228/2226 1970/2395/2393 1993/2396/2394
f 1994/2228/2226 1993/2396/2394 2017/2229/2227
f 2017/2229/2227 1993/2396/2394 2016/2397/2395
f 2017/2229/2227 2016/2397/2395 2040/2230/2228
f 2040/2230/2228 2016/2397/2395 2039/2398/2396
f 2040/2230/2228 2039/2398/2396 2063/2231/2229
f 2063/2231/2229 2039/2398/2396 2062/2399/2397
f 2063/2231/2229 2062/2399/2397 2086/2232/2230
f 2086/2232/2230 2062/2399/2397 2085/2400/2398
f 2086/2232/2230 2085/2400/2398 2109/2233/2231
f 2109/2233/2231 2085/2400/2398 2108/2401/2399
f 2109/2233/2231 2108/2401/2399 2132/2234/2232
f 2132/2234/2232 2108/2401/2399 2131/2402/2400
f 2132/2234/2232 2131/2402/2400 2155/2235/2233
f 2155/2235/2233 2131/2402/2400 2154/2403/2401
f 2155/2235/2233 2154/2403/2401 2178/2236/2234
f 2178/2236/2234 2154/2403/2401 2177/2404/2402
f 2178/2236/2234 2177/2404/2402 2201/2237/2235
f 2201/2237/2235 2177/2404/2402 2200/2405/2403
f 2201/2237/2235 2200/2405/2403 2224/2238/2236
f 2224/2238/2236 2200/2405/2403 2223/2406/2404
f 2224/2238/2236 2223/2406/2404 2247/2239/2237
f 2247/2239/2237 2223/2406/2404 2246/2407/2405
f 2247/2239/2237 2246/2407/2405 2270/2240/2238
f 2270/2240/2238 2246/2407/2405 2269/2408/2406
f 2270/2240/2238 2269/2408/2406 2293/2241/2239
f 2293/2241/2239 2269/2408/2406 2292/2409/2407
f 2293/2241/2239 2292/2409/2407 2316/2242/2240
f 2316/2242/2240 2292/2409/2407 2315/2410/2408
f 2316/2242/2240 2315/2410/2408 2339/2243/2241
f 2339/2243/2241 2315/2410/2408 2338/2411/2409
f 2339/2243/2241 2338/2411/2409 2362/2244/2242
f 2362/2244/2242 2338/2411/2409 2361/2412/2410
f 2362/2244/2242 2361/2412/2410 2385/2245/2243
f 2385/2245/2243 2361/2412/2410 2384/2413/2411
f 2385/2245/2243 2384/2413/2411 2408/2246/2244
f 2408/2246/2244 2384/2413/2411 2407/2414/2412
f 2408/2246/2244 2407/2414/2412 2431/2247/2245
f 2431/2247/2245 2407/2414/2412 2430/2415/2413
f 2431/2247/2245 2430/2415/2413 2454/2248/2246
f 2454/2248/2246 2430/2415/2413 2453/2416/2414
f 2454/2248/2246 2453/2416/2414 2477/2249/2247
f 2477/2249/2247 2453/2416/2414 2476/2417/2415
f 2477/2249/2247 2476/2417/2415 2500/2250/2248
f 2500/2250/2248 2476/2417/2415 2499/2418/2416
f 2500/2250/2248 2499/2418/2416 2523/2251/2249
f 2523/2251/2249 2499/2418/2416 2522/2419/2417
f 2523/2251/2249 2522/2419/2417 2546/2252/2250
f 2546/2252/2250 2522/2419/2417 2545/2420/2418
f 2546/2252/2250 2545/2420/2418 2569/2253/2251
f 2569/2253/2251 2545/2420/2418 2568/2421/2419
f 2569/2253/2251 2568/2421/2419 2592/2254/2252
f 2592/2254/2252 2568/2421/2419 2591/2422/2420
f 2592/2254/2252 2591/2422/2420 2615/2255/2253
f 2615/2255/2253 2591/2422/2420 2614/2423/2421
f 2615/2255/2253 2614/2423/2421 2638/2256/2254
f 2638/2256/2254 2614/2423/2421 2637/2424/2422
f 2638/2256/2254 2637/2424/2422 2661/2257/2255
f 2661/2257/2255 2637/2424/2422 2660/2425/2423
f 2661/2257/2255 2660/2425/2423 2684/2258/2256
f 2684/2258/2256 2660/2425/2423 2683/2426/2424
f 2684/2258/2256 2683/2426/2424 2707/2259/2257
f 2707/2259/2257 2683/2426/2424 2706/2427/2425
f 2707/2259/2257 2706/2427/2425 2730/2260/2258
f 2730/2260/2258 2706/2427/2425 2729/2428/2426
f 2730/2260/2258 2729/2428/2426 2753/2261/2259
f 2753/2261/2259 2729/2428/2426 2752/2429/2427
f 2753/2261/2259 2752/2429/2427 2776/2262/2260
f 2776/2262/2260 2752/2429/2427 2775/2430/2428
f 2776/2262/2260 2775/2430/2428 2799/2263/2261
f 2799/2263/2261 2775/2430/2428 2798/2431/2429
f 2799/2263/2261 2798/2431/2429 2822/2264/2262
f 2822/2264/2262 2798/2431/2429 2821/2432/2430
f 2822/2264/2262 2821/2432/2430 2845/2265/2263
f 2845/2265/2263 2821/2432/2430 2844/2433/2431
f 2845/2265/2263 2844/2433/2431 2868/2266/2264
f 2868/2266/2264 2844/2433/2431 2867/2434/2432
f 2868/2266/2264 2867/2434/2432 2891/2267/2265
f 2891/2267/2265 2867/2434/2432 2890/2435/2433
f 2891/2267/2265 2890/2435/2433 2914/2268/2266
f 2914/2268/2266 2890/2435/2433 2913/2436/2434
f 2914/2268/2266 2913/2436/2434 2937/2269/2267
f 2937/2269/2267 2913/2436/2434 2936/2437/2435
f 2937/2269/2267 2936/2437/2435 2960/2270/2268
f 2960/2270/2268 2936/2437/2435 2959/2438/2436
f 2960/2270/2268 2959/2438/2436 2983/2271/2269
f 2983/2271/2269 2959/2438/2436 2982/2439/2437
f 2983/2271/2269 2982/2439/2437 3006/2272/2270
f 3006/2272/2270 2982/2439/2437 3005/2440/2438
f 3006/2272/2270 3005/2440/2438 3029/2273/2271
f 3029/2273/2271 3005/2440/2438 3028/2441/2439
f 3029/2273/2271 3028/2441/2439 3052/2274/2272
f 3052/2274/2272 3028/2441/2439 3051/2442/2440
f 3052/2274/2272 3051/2442/2440 3075/2275/2273
f 3075/2275/2273 3051/2442/2440 3074/2443/2441
f 3075/2275/2273 3074/2443/2441 3098/2276/2274
f 3098/2276/2274 3074/2443/2441 3097/2444/2442
f 3098/2276/2274 3097/2444/2442 3121/2277/2275
f 3121/2277/2275 3097/2444/2442 3120/2445/2443
f 3121/2277/2275 3120/2445/2443 3144/2278/2276
f 3144/2278/2276 3120/2445/2443 3143/2446/2444
f 3144/2278/2276 3143/2446/2444 3167/2279/2277
f 3167/2279/2277 3143/2446/2444 3166/2447/2445
f 3167/2279/2277 3166/2447/2445 3190/2280/2278
f 3190/2280/2278 3166/2447/2445 3189/2448/2446
f 3190/2280/2278 3189/2448/2446 3213/2281/2279
f 3213/2281/2279 3189/2448/2446 3212/2449/2447
f 3213/2281/2279 3212/2449/2447 3236/2282/2280
f 3236/2282/2280 3212/2449/2447 3235/2450/2448
f 3236/2282/2280 3235/2450/2448 3259/2283/2281
f 3259/2283/2281 3235/2450/2448 3258/2451/2449
f 3259/2283/2281 3258/2451/2449 3282/2284/2282
f 3282/2284/2282 3258/2451/2449 3281/2452/2450
f 3282/2284/2282 3281/2452/2450 3305/2285/2283
f 3305/2285/2283 3281/2452/2450 3304/2453/2451
f 3305/2285/2283 3304/2453/2451 3328/2286/2284
f 3328/2286/2284 3304/2453/2451 3327/2454/2452
f 3328/2286/2284 3327/2454/2452 3351/2287/2285
f 3351/2287/2285 3327/2454/2452 3350/2455/2453
f 3351/2287/2285 3350/2455/2453 3374/2288/2286
f 3374/2288/2286 3350/2455/2453 3373/2456/2454
f 3374/2288/2286 3373/2456/2454 3397/2289/2287
f 3397/2289/2287 3373/2456/2454 3396/2457/2455
f 3397/2289/2287 3396/2457/2455 3420/2290/2288
f 3420/2290/2288 3396/2457/2455 3419/2458/2456
f 3420/2290/2288 3419/2458/2456 3443/2291/2289
f 3443/2291/2289 3419/2458/2456 3442/2459/2457
f 3443/2291/2289 3442/2459/2457 3466/2292/2290
f 3466/2292/2290 3442/2459/2457 3465/2460/2458
f 3466/2292/2290 3465/2460/2458 3489/2293/2291
f 3489/2293/2291 3465/2460/2458 3488/2461/2459
f 3489/2293/2291 3488/2461/2459 3512/2294/2292
f 3512/2294/2292 3488/2461/2459 3511/2462/2460
f 3512/2294/2292 3511/2462/2460 3535/2295/2293
f 3535/2295/2293 3511/2462/2460 3534/2463/2461
f 3535/2295/2293 3534/2463/2461 3558/2296/2294
f 3558/2296/2294 3534/2463/2461 3557/2464/2462
f 3558/2296/2294 3557/2464/2462 3581/2297/2295
f 3581/2297/2295 3557/2464/2462 3580/2465/2463
f 3581/2297/2295 3580/2465/2463 3604/2298/2296
f 3604/2298/2296 3580/2465/2463 3603/2466/2464
f 3604/2298/2296 3603/2466/2464 3627/2299/2297
f 3627/2299/2297 3603/2466/2464 3626/2467/2465
f 3627/2299/2297 3626/2467/2465 3650/2300/2298
f 3650/2300/2298 3626/2467/2465 3649/2468/2466
f 3650/2300/2298 3649/2468/2466 3673/2301/2299
f 3673/2301/2299 3649/2468/2466 3672/2469/2467
f 3673/2301/2299 3672/2469/2467 3696/2302/2300
f 3696/2302/2300 3672/2469/2467 3695/2470/2468
f 3696/2302/2300 3695/2470/2468 3719/2303/2301
f 3719/2303/2301 3695/2470/2468 3718/2471/2469
f 3719/2303/2301 3718/2471/2469 3742/2304/2302
f 3742/2304/2302 3718/2471/2469 3741/2472/2470
f 3742/2304/2302 3741/2472/2470 3765/2305/2303
f 3765/2305/2303 3741/2472/2470 3764/2473/2471
f 3765/2305/2303 3764/2473/2471 3788/2306/2304
f 3788/2306/2304 3764/2473/2471 3787/2474/2472
f 3788/2306/2304 3787/2474/2472 3811/2307/2305
f 3811/2307/2305 3787/2474/2472 3810/2475/2473
f 3811/2307/2305 3810/2475/2473 3834/2308/2306
f 3834/2308/2306 3810/2475/2473 3833/2476/2474
f 3834/2308/2306 3833/2476/2474 3857/2309/2307
f 3857/2309/2307 3833/2476/2474 3856/2477/2475
f 3857/2309/2307 3856/2477/2475 3880/2310/2308
f 3880/2310/2308 3856/2477/2475 3879/2478/2476
f 3880/2310/2308 3879/2478/2476 3903/2311/2309
f 3903/2311/2309 3879/2478/2476 3902/2479/2477
f 3903/2311/2309 3902/2479/2477 3926/2312/2310
f 3926/2312/2310 3902/2479/2477 3925/2480/2478
f 3926/2312/2310 3925/2480/2478 3949/2313/2311
f 3949/2313/2311 3925/2480/2478 3948/2481/2479
f 3949/2313/2311 3948/2481/2479 3972/2314/2312
f 3972/2314/2312 3948/2481/2479 3971/2482/2480
f 3972/2314/2312 3971/2482/2480 3995/2315/2313
f 3995/2315/2313 3971/2482/2480 3994/2483/2481
f 3995/2315/2313 3994/2483/2481 4018/2316/2314
f 4018/2316/2314 3994/2483/2481 4017/2484/2482
f 4018/2316/2314 4017/2484/2482 4041/2317/2315
f 4041/2317/2315 4017/2484/2482 4040/2485/2483
f 4041/2317/2315 4040/2485/2483 4064/2318/2316
f 4064/2318/2316 4040/2485/2483 4063/2486/2484
f 4064/2318/2316 4063/2486/2484 4087/2319/2317
f 4087/2319/2317 4063/2486/2484 4086/2487/2485
f 4087/2319/2317 4086/2487/2485 4110/2320/2318
f 4110/2320/2318 4086/2487/2485 4109/2488/2486
f 4110/2320/2318 4109/2488/2486 4133/2321/2319
f 4133/2321/2319 4109/2488/2486 4132/2489/2487
f 4133/2321/2319 4132/2489/2487 4156/616/616
f 4156/616/616 4132/2489/2487 4155/618/618
f 14/2322/2320 15/2490/2488 314/2323/2321
f 314/2323/2321 15/2490/2488 313/2491/2489
f 314/2323/2321 313/2491/2489 337/2324/2322
f 337/2324/2322 313/2491/2489 336/2492/2490
f 337/2324/2322 336/2492/2490 360/2325/2323
f 360/2325/2323 336/2492/2490 359/2493/2491
f 360/2325/2323 359/2493/2491 383/2326/2324
f 383/2326/2324 359/2493/2491 382/2494/2492
f 383/2326/2324 382/2494/2492 406/2327/2325
f 406/2327/2325 382/2494/2492 405/2495/2493
f 406/2327/2325 405/2495/2493 429/2328/2326
f 429/2328/2326 405/2495/2493 428/2496/2494
f 429/2328/2326 428/2496/2494 452/2329/2327
f 452/2329/2327 428/2496/2494 451/2497/2495
f 452/2329/2327 451/2497/2495 475/2330/2328
f 475/2330/2328 451/2497/2495 474/2498/2496
f 475/2330/2328 474/2498/2496 498/2331/2329
f 498/2331/2329 474/2498/2496 497/2499/2497
f 498/2331/2329 497/2499/2497 521/2332/2330
f 521/2332/2330 497/2499/2497 520/2500/2498
f 521/2332/2330 520/2500/2498 544/2333/2331
f 544/2333/2331 520/2500/2498 543/2501/2499
f 544/2333/2331 543/2501/2499 567/2334/2332
f 567/2334/2332 543/2501/2499 566/2502/2500
f 567/2334/2332 566/2502/2500 590/2335/2333
f 590/2335/2333 566/2502/2500 589/2503/2501
f 590/2335/2333 589/2503/2501 613/2336/2334
f 613/2336/2334 589/2503/2501 612/2504/2502
f 613/2336/2334 612/2504/2502 636/2337/2335
f 636/2337/2335 612/2504/2502 635/2505/2503
f 636/2337/2335 635/2505/2503 659/2338/2336
f 659/2338/2336 635/2505/2503 658/2506/2504
f 659/2338/2336 658/2506/2504 682/2339/2337
f 682/2339/2337 658/2506/2504 681/2507/2505
f 682/2339/2337 681/2507/2505 705/2340/2338
f 705/2340/2338 681/2507/2505 704/2508/2506
f 705/2340/2338 704/2508/2506 728/2341/2339
f 728/2341/2339 704/2508/2506 727/2509/2507
f 728/2341/2339 727/2509/2507 751/2342/2340
f 751/2342/2340 727/2509/2507 750/2510/2508
f 751/2342/2340 750/2510/2508 774/2343/2341
f 774/2343/2341 750/2510/2508 773/2511/2509
f 774/2343/2341 773/2511/2509 797/2344/2342
f 797/2344/2342 773/2511/2509 796/2512/2510
f 797/2344/2342 796/2512/2510 820/2345/2343
f 820/2345/2343 796/2512/2510 819/2513/2511
f 820/2345/2343 819/2513/2511 843/2346/2344
f 843/2346/2344 819/2513/2511 842/2514/2512
f 843/2346/2344 842/2514/2512 866/2347/2345
f 866/2347/2345 842/2514/2512 865/2515/2513
f 866/2347/2345 865/2515/2513 889/2348/2346
f 889/2348/2346 865/2515/2513 888/2516/2514
f 889/2348/2346 888/2516/2514 912/2349/2347
f 912/2349/2347 888/2516/2514 911/2517/2515
f 912/2349/2347 911/2517/2515 935/2350/2348
f 935/2350/2348 911/2517/2515 934/2518/2516
f 935/2350/2348 934/2518/2516 958/2351/2349
f 958/2351/2349 934/2518/2516 957/2519/2517
f 958/2351/2349 957/2519/2517 981/2352/2350
f 981/2352/2350 957/2519/2517 980/2520/2518
f 981/2352/2350 980/2520/2518 1004/2353/2351
f 1004/2353/2351 980/2520/2518 1003/2521/2519
f 1004/2353/2351 1003/2521/2519 1027/2354/2352
f 1027/2354/2352 1003/2521/2519 1026/2522/2520
f 1027/2354/2352 1026/2522/2520 1050/2355/2353
f 1050/2355/2353 1026/2522/2520 1049/2523/2521
f 1050/2355/2353 1049/2523/2521 1073/2356/2354
f 1073/2356/2354 1049/2523/2521 1072/2524/2522
f 1073/2356/2354 1072/2524/2522 1096/2357/2355
f 1096/2357/2355 1072/2524/2522 1095/2525/2523
f 1096/2357/2355 1095/2525/2523 1119/2358/2356
f 1119/2358/2356 1095/2525/2523 1118/2526/2524
f 1119/2358/2356 1118/2526/2524 1142/2359/2357
f 1142/2359/2357 1118/2526/2524 1141/2527/2525
f 1142/2359/2357 1141/2527/2525 1165/2360/2358
f 1165/2360/2358 1141/2527/2525 1164/2528/2526
f 1165/2360/2358 1164/2528/2526 1188/2361/2359
f 1188/2361/2359 1164/2528/2526 1187/2529/2527
f 1188/2361/2359 1187/2529/2527 1211/2362/2360
f 1211/2362/2360 1187/2529/2527 1210/2530/2528
f 1211/2362/2360 1210/2530/2528 1234/2363/2361
f 1234/2363/2361 1210/2530/2528 1233/2531/2529
f 1234/2363/2361 1233/2531/2529 1257/2364/2362
f 1257/2364/2362 1233/2531/2529 1256/2532/2530
f 1257/2364/2362 1256/2532/2530 1280/2365/2363
f 1280/2365/2363 1256/2532/2530 1279/2533/2531
f 1280/2365/2363 1279/2533/2531 1303/2366/2364
f 1303/2366/2364 1279/2533/2531 1302/2534/2532
f 1303/2366/2364 1302/2534/2532 1326/2367/2365
f 1326/2367/2365 1302/2534/2532 1325/2535/2533
f 1326/2367/2365 1325/2535/2533 1349/2368/2366
f 1349/2368/2366 1325/2535/2533 1348/2536/2534
f 1349/2368/2366 1348/2536/2534 1372/2369/2367
f 1372/2369/2367 1348/2536/2534 1371/2537/2535
f 1372/2369/2367 1371/2537/2535 1395/2370/2368
f 1395/2370/2368 1371/2537/2535 1394/2538/2536
f 1395/2370/2368 1394/2538/2536 1418/2371/2369
f 1418/2371/2369 1394/2538/2536 1417/2539/2537
f 1418/2371/2369 1417/2539/2537 1441/2372/2370
f 1441/2372/2370 1417/2539/2537 1440/2540/2538
f 1441/2372/2370 1440/2540/2538 1464/2373/2371
f 1464/2373/2371 1440/2540/2538 1463/2541/2539
f 1464/2373/2371 1463/2541/2539 1487/2374/2372
f 1487/2374/2372 1463/2541/2539 1486/2542/2540
f 1487/2374/2372 1486/2542/2540 1510/2375/2373
f 1510/2375/2373 1486/2542/2540 1509/2543/2541
f 1510/2375/2373 1509/2543/2541 1533/2376/2374
f 1533/2376/2374 1509/2543/2541 1532/2544/2542
f 1533/2376/2374 1532/2544/2542 1556/2377/2375
f 1556/2377/2375 1532/2544/2542 1555/2545/2543
f 1556/2377/2375 1555/2545/2543 1579/2378/2376
f 1579/2378/2376 1555/2545/2543 1578/2546/2544
f 1579/2378/2376 1578/2546/2544 1602/2379/2377
f 1602/2379/2377 1578/2546/2544 1601/2547/2545
f 1602/2379/2377 1601/2547/2545 1625/2380/2378
f 1625/2380/2378 1601/2547/2545 1624/2548/2546
f 1625/2380/2378 1624/2548/2546 1648/2381/2379
f 1648/2381/2379 1624/2548/2546 1647/2549/2547
f 1648/2381/2379 1647/2549/2547 1671/2382/2380
f 1671/2382/2380 1647/2549/2547 1670/2550/2548
f 1671/2382/2380 1670/2550/2548 1694/2383/2381
f 1694/2383/2381 1670/2550/2548 1693/2551/2549
f 1694/2383/2381 1693/2551/2549 1717/2384/2382
f 1717/2384/2382 1693/2551/2549 1716/2552/2550
f 1717/2384/2382 1716/2552/2550 1740/2385/2383
f 1740/2385/2383 1716/2552/2550 1739/2553/2551
f 1740/2385/2383 1739/2553/2551 1763/2386/2384
f 1763/2386/2384 1739/2553/2551 1762/2554/2552
f 1763/2386/2384 1762/2554/2552 1786/2387/2385
f 1786/2387/2385 1762/2554/2552 1785/2555/2553
f 1786/2387/2385 1785/2555/2553 1809/2388/2386
f 1809/2388/2386 1785/2555/2553 1808/2556/2554
f 1809/2388/2386 1808/2556/2554 1832/2389/2387
f 1832/2389/2387 1808/2556/2554 1831/2557/2555
f 1832/2389/2387 1831/2557/2555 1855/2390/2388
f 1855/2390/2388 1831/2557/2555 1854/2558/2556
f 1855/2390/2388 1854/2558/2556 1878/2391/2389
f 1878/2391/2389 1854/2558/2556 1877/2559/2557
f 1878/2391/2389 1877/2559/2557 1901/2392/2390
f 1901/2392/2390 1877/2559/2557 1900/2560/2558
f 1901/2392/2390 1900/2560/2558 1924/2393/2391
f 1924/2393/2391 1900/2560/2558 1923/2561/2559
f 1924/2393/2391 1923/2561/2559 1947/2394/2392
f 1947/2394/2392 1923/2561/2559 1946/2562/2560
f 1947/2394/2392 1946/2562/2560 1970/2395/2393
f 1970/2395/2393 1946/2562/2560 1969/2563/2561
f 1970/2395/2393 1969/2563/2561 1993/2396/2394
f 1993/2396/2394 1969/2563/2561 1992/2564/2562
f 1993/2396/2394 1992/2564/2562 2016/2397/2395
f 2016/2397/2395 1992/2564/2562 2015/2565/2563
f 2016/2397/2395 2015/2565/2563 2039/2398/2396
f 2039/2398/2396 2015/2565/2563 2038/2566/2564
f 2039/2398/2396 2038/2566/2564 2062/2399/2397
f 2062/2399/2397 2038/2566/2564 2061/2567/2565
f 2062/2399/2397 2061/2567/2565 2085/2400/2398
f 2085/2400/2398 2061/2567/2565 2084/2568/2566
f 2085/2400/2398 2084/2568/2566 2108/2401/2399
f 2108/2401/2399 2084/2568/2566 2107/2569/2567
f 2108/2401/2399 2107/2569/2567 2131/2402/2400
f 2131/2402/2400 2107/2569/2567 2130/2570/2568
f 2131/2402/2400 2130/2570/2568 2154/2403/2401
f 2154/2403/2401 2130/2570/2568 2153/2571/2569
f 2154/2403/2401 2153/2571/2569 2177/2404/2402
f 2177/2404/2402 2153/2571/2569 2176/2572/2570
f 2177/2404/2402 2176/2572/2570 2200/2405/2403
f 2200/2405/2403 2176/2572/2570 2199/2573/2571
f 2200/2405/2403 2199/2573/2571 2223/2406/2404
f 2223/2406/2404 2199/2573/2571 2222/2574/2572
f 2223/2406/2404 2222/2574/2572 2246/2407/2405
f 2246/2407/2405 2222/2574/2572 2245/2575/2573
f 2246/2407/2405 2245/2575/2573 2269/2408/2406
f 2269/2408/2406 2245/2575/2573 2268/2576/2574
f 2269/2408/2406 2268/2576/2574 2292/2409/2407
f 2292/2409/2407 2268/2576/2574 2291/2577/2575
f 2292/2409/2407 2291/2577/2575 2315/2410/2408
f 2315/2410/2408 2291/2577/2575 2314/2578/2576
f 2315/2410/2408 2314/2578/2576 2338/2411/2409
f 2338/2411/2409 2314/2578/2576 2337/2579/2577
f 2338/2411/2409 2337/2579/2577 2361/2412/2410
f 2361/2412/2410 2337/2579/2577 2360/2580/2578
f 2361/2412/2410 2360/2580/2578 2384/2413/2411
f 2384/2413/2411 2360/2580/2578 2383/2581/2579
f 2384/2413/2411 2383/2581/2579 2407/2414/2412
f 2407/2414/2412 2383/2581/2579 2406/2582/2580
f 2407/2414/2412 2406/2582/2580 2430/2415/2413
f 2430/2415/2413 2406/2582/2580 2429/2583/2581
f 2430/2415/2413 2429/2583/2581 2453/2416/2414
f 2453/2416/2414 2429/2583/2581 2452/2584/2582
f 2453/2416/2414 2452/2584/2582 2476/2417/2415
f 2476/2417/2415 2452/2584/2582 2475/2585/2583
f 2476/2417/2415 2475/2585/2583 2499/2418/2416
f 2499/2418/2416 2475/2585/2583 2498/2586/2584
f 2499/2418/2416 2498/2586/2584 2522/2419/2417
f 2522/2419/2417 2498/2586/2584 2521/2587/2585
f 2522/2419/2417 2521/2587/2585 2545/2420/2418
f 2545/2420/2418 2521/2587/2585 2544/2588/2586
f 2545/2420/2418 2544/2588/2586 2568/2421/2419
f 2568/2421/2419 2544/2588/2586 2567/2589/2587
f 2568/2421/2419 2567/2589/2587 2591/2422/2420
f 2591/2422/2420 2567/2589/2587 2590/2590/2588
f 2591/2422/2420 2590/2590/2588 2614/2423/2421
f 2614/2423/2421 2590/2590/2588 2613/2591/2589
f 2614/2423/2421 2613/2591/2589 2637/2424/2422
f 2637/2424/2422 2613/2591/2589 2636/2592/2590
f 2637/2424/2422 2636/2592/2590 2660/2425/2423
f 2660/2425/2423 2636/2592/2590 2659/2593/2591
f 2660/2425/2423 2659/2593/2591 2683/2426/2424
f 2683/2426/2424 2659/2593/2591 2682/2594/2592
f 2683/2426/2424 2682/2594/2592 2706/2427/2425
f 2706/2427/2425 2682/2594/2592 2705/2595/2593
f 2706/2427/2425 2705/2595/2593 2729/2428/2426
f 2729/2428/2426 2705/2595/2593 2728/2596/2594
f 2729/2428/2426 2728/2596/2594 2752/2429/2427
f 2752/2429/2427 2728/2596/2594 2751/2597/2595
f 2752/2429/2427 2751/2597/2595 2775/2430/2428
f 2775/2430/2428 2751/2597/2595 2774/2598/2596
f 2775/2430/2428 2774/2598/2596 2798/2431/2429
f 2798/2431/2429 2774/2598/2596 2797/2599/2597
f 2798/2431/2429 2797/2599/2597 2821/2432/2430
f 2821/2432/2430 2797/2599/2597 2820/2600/2598
f 2821/2432/2430 2820/2600/2598 2844/2433/2431
f 2844/2433/2431 2820/2600/2598 2843/2601/2599
f 2844/2433/2431 2843/2601/2599 2867/2434/2432
f 2867/2434/2432 2843/2601/2599 2866/2602/2600
f 2867/2434/2432 2866/2602/2600 2890/2435/2433
f 2890/2435/2433 2866/2602/2600 2889/2603/2601
f 2890/2435/2433 2889/2603/2601 2913/2436/2434
f 2913/2436/2434 2889/2603/2601 2912/2604/2602
f 2913/2436/2434 2912/2604/2602 2936/2437/2435
f 2936/2437/2435 2912/2604/2602 2935/2605/2603
f 2936/2437/2435 2935/2605/2603 2959/2438/2436
f 2959/2438/2436 2935/2605/2603 2958/2606/2604
f 2959/2438/2436 2958/2606/2604 2982/2439/2437
f 2982/2439/2437 2958/2606/2604 2981/2607/2605
f 2982/2439/2437 2981/2607/2605 3005/2440/2438
f 3005/2440/2438 2981/2607/2605 3004/2608/2606
f 3005/2440/2438 3004/2608/2606 3028/2441/2439
f 3028/2441/2439 3004/2608/2606 3027/2609/2607
f 3028/2441/2439 3027/2609/2607 3051/2442/2440
f 3051/2442/2440 3027/2609/2607 3050/2610/2608
f 3051/2442/2440 3050/2610/2608 3074/2443/2441
f 3074/2443/2441 3050/2610/2608 3073/2611/2609
f 3074/2443/2441 3073/2611/2609 3097/2444/2442
f 3097/2444/2442 3073/2611/2609 3096/2612/2610
f 3097/2444/2442 3096/2612/2610 3120/2445/2443
f 3120/2445/2443 3096/2612/2610 3119/2613/2611
f 3120/2445/2443 3119/2613/2611 3143/2446/2444
f 3143/2446/2444 3119/2613/2611 3142/2614/2612
f 3143/2446/2444 3142/2614/2612 3166/2447/2445
f 3166/2447/2445 3142/2614/2612 3165/2615/2613
f 3166/2447/2445 3165/2615/2613 3189/2448/2446
f 3189/2448/2446 3165/2615/2613 3188/2616/2614
f 3189/2448/2446 3188/2616/2614 3212/2449/2447
f 3212/2449/2447 3188/2616/2614 3211/2617/2615
f 3212/2449/2447 3211/2617/2615 3235/2450/2448
f 3235/2450/2448 3211/2617/2615 3234/2618/2616
f 3235/2450/2448 3234/2618/2616 3258/2451/2449
f 3258/2451/2449 3234/2618/2616 3257/2619/2617
f 3258/2451/2449 3257/2619/2617 3281/2452/2450
f 3281/2452/2450 3257/2619/2617 3280/2620/2618
f 3281/2452/2450 3280/2620/2618 3304/2453/2451
f 3304/2453/2451 3280/2620/2618 3303/2621/2619
f 3304/2453/2451 3303/2621/2619 3327/2454/2452
f 3327/2454/2452 3303/2621/2619 3326/2622/2620
f 3327/2454/2452 3326/2622/2620 3350/2455/2453
f 3350/2455/2453 3326/2622/2620 3349/2623/2621
f 3350/2455/2453 3349/2623/2621 3373/2456/2454
f 3373/2456/2454 3349/2623/2621 3372/2624/2622
f 3373/2456/2454 3372/2624/2622 3396/2457/2455
f 3396/2457/2455 3372/2624/2622 3395/2625/2623
f 3396/2457/2455 3395/2625/2623 3419/2458/2456
f 3419/2458/2456 3395/2625/2623 3418/2626/2624
f 3419/2458/2456 3418/2626/2624 3442/2459/2457
f 3442/2459/2457 3418/2626/2624 3441/2627/2625
f 3442/2459/2457 3441/2627/2625 3465/2460/2458
f 3465/2460/2458 3441/2627/2625 3464/2628/2626
f 3465/2460/2458 3464/2628/2626 3488/2461/2459
f 3488/2461/2459 3464/2628/2626 3487/2629/2627
f 3488/2461/2459 3487/2629/2627 3511/2462/2460
f 3511/2462/2460 3487/2629/2627 3510/2630/2628
f 3511/2462/2460 3510/2630/2628 3534/2463/2461
f 3534/2463/2461 3510/2630/2628 3533/2631/2629
f 3534/2463/2461 3533/2631/2629 3557/2464/2462
f 3557/2464/2462 3533/2631/2629 3556/2632/2630
f 3557/2464/2462 3556/2632/2630 3580/2465/2463
f 3580/2465/2463 3556/2632/2630 3579/2633/2631
f 3580/2465/2463 3579/2633/2631 3603/2466/2464
f 3603/2466/2464 3579/2633/2631 3602/2634/2632
f 3603/2466/2464 3602/2634/2632 3626/2467/2465
f 3626/2467/2465 3602/2634/2632 3625/2635/2633
f 3626/2467/2465 3625/2635/2633 3649/2468/2466
f 3649/2468/2466 3625/2635/2633 3648/2636/2634
f 3649/2468/2466 3648/2636/2634 3672/2469/2467
f 3672/2469/2467 3648/2636/2634 3671/2637/2635
f 3672/2469/2467 3671/2637/2635 3695/2470/2468
f 3695/2470/2468 3671/2637/2635 3694/2638/2636
f 3695/2470/2468 3694/2638/2636 3718/2471/2469
f 3718/2471/2469 3694/2638/2636 3717/2639/2637
f 3718/2471/2469 3717/2639/2637 3741/2472/2470
f 3741/2472/2470 3717/2639/2637 3740/2640/2638
f 3741/2472/2470 3740/2640/2638 3764/2473/2471
f 3764/2473/2471 3740/2640/2638 3763/2641/2639
f 3764/2473/2471 3763/2641/2639 3787/2474/2472
f 3787/2474/2472 3763/2641/2639 3786/2642/2640
f 3787/2474/2472 3786/2642/2640 3810/2475/2473
f 3810/2475/2473 3786/2642/2640 3809/2643/2641
f 3810/2475/2473 3809/2643/2641 3833/2476/2474
f 3833/2476/2474 3809/2643/2641 3832/2644/2642
f 3833/2476/2474 3832/2644/2642 3856/2477/2475
f 3856/2477/2475 3832/2644/2642 3855/2645/2643
f 3856/2477/2475 3855/2645/2643 3879/2478/2476
f 3879/2478/2476 3855/2645/2643 3878/2646/2644
f 3879/2478/2476 3878/2646/2644 3902/2479/2477
f 3902/2479/2477 3878/2646/2644 3901/2647/2645
f 3902/2479/2477 3901/2647/2645 3925/2480/2478
f 3925/2480/2478 3901/2647/2645 3924/2648/2646
f 3925/2480/2478 3924/2648/2646 3948/2481/2479
f 3948/2481/2479 3924/2648/2646 3947/2649/2647
f 3948/2481/2479 3947/2649/2647 3971/2482/2480
f 3971/2482/2480 3947/2649/2647 3970/2650/2648
f 3971/2482/2480 3970/2650/2648 3994/2483/2481
f 3994/2483/2481 3970/2650/2648 3993/2651/2649
f 3994/2483/2481 3993/2651/2649 4017/2484/2482
f 4017/2484/2482 3993/2651/2649 4016/2652/2650
f 4017/2484/2482 4016/2652/2650 4040/2485/2483
f 4040/2485/2483 4016/2652/2650 4039/2653/2651
f 4040/2485/2483 4039/2653/2651 4063/2486/2484
f 4063/2486/2484 4039/2653/2651 4062/2654/2652
f 4063/2486/2484 4062/2654/2652 4086/2487/2485
f 4086/2487/2485 4062/2654/2652 4085/2655/2653
f 4086/2487/2485 4085/2655/2653 4109/2488/2486
f 4109/2488/2486 4085/2655/2653 4108/2656/2654
f 4109/2488/2486 4108/2656/2654 4132/2489/2487
f 4132/2489/2487 4108/2656/2654 4131/2657/2655
f 4132/2489/2487 4131/2657/2655 4155/618/618
f 4155/618/618 4131/2657/2655 4154/620/620
f 15/2490/2488 16/2658/2656 313/2491/2489
f 313/2491/2489 16/2658/2656 312/2659/2657
f 313/2491/2489 312/2659/2657 336/2492/2490
f 336/2492/2490 312/2659/2657 335/2660/2658
f 336/2492/2490 335/2660/2658 359/2493/2491
f 359/2493/2491 335/2660/2658 358/2661/2659
f 359/2493/2491 358/2661/2659 382/2494/2492
f 382/2494/2492 358/2661/2659 381/2662/2660
f 382/2494/2492 381/2662/2660 405/2495/2493
f 405/2495/2493 381/2662/2660 404/2663/2661
f 405/2495/2493 404/2663/2661 428/2496/2494
f 428/2496/2494 404/2663/2661 427/2664/2662
f 428/2496/2494 427/2664/2662 451/2497/2495
f 451/2497/2495 427/2664/2662 450/2665/2663
f 451/2497/2495 450/2665/2663 474/2498/2496
f 474/2498/2496 450/2665/2663 473/2666/2664
f 474/2498/2496 473/2666/2664 497/2499/2497
f 497/2499/2497 473/2666/2664 496/2667/2665
f 497/2499/2497 496/2667/2665 520/2500/2498
f 520/2500/2498 496/2667/2665 519/2668/2666
f 520/2500/2498 519/2668/2666 543/2501/2499
f 543/2501/2499 519/2668/2666 542/2669/2667
f 543/2501/2499 542/2669/2667 566/2502/2500
f 566/2502/2500 542/2669/2667 565/2670/2668
f 566/2502/2500 565/2670/2668 589/2503/2501
f 589/2503/2501 565/2670/2668 588/2671/2669
f 589/2503/2501 588/2671/2669 612/2504/2502
f 612/2504/2502 588/2671/2669 611/2672/2670
f 612/2504/2502 611/2672/2670 635/2505/2503
f 635/2505/2503 611/2672/2670 634/2673/2671
f 635/2505/2503 634/2673/2671 658/2506/2504
f 658/2506/2504 634/2673/2671 657/2674/2672
f 658/2506/2504 657/2674/2672 681/2507/2505
f 681/2507/2505 657/2674/2672 680/2675/2673
f 681/2507/2505 680/2675/2673 704/2508/2506
f 704/2508/2506 680/2675/2673 703/2676/2674
f 704/2508/2506 703/2676/2674 727/2509/2507
f 727/2509/2507 703/2676/2674 726/2677/2675
f 727/2509/2507 726/2677/2675 750/2510/2508
f 750/2510/2508 726/2677/2675 749/2678/2676
f 750/2510/2508 749/2678/2676 773/2511/2509
f 773/2511/2509 749/2678/2676 772/2679/2677
f 773/2511/2509 772/2679/2677 796/2512/2510
f 796/2512/2510 772/2679/2677 795/2680/2678
f 796/2512/2510 795/2680/2678 819/2513/2511
f 819/2513/2511 795/2680/2678 818/2681/2679
f 819/2513/2511 818/2681/2679 842/2514/2512
f 842/2514/2512 818/2681/2679 841/2682/2680
f 842/2514/2512 841/2682/2680 865/2515/2513
f 865/2515/2513 841/2682/2680 864/2683/2681
f 865/2515/2513 864/2683/2681 888/2516/2514
f 888/2516/2514 864/2683/2681 887/2684/2682
f 888/2516/2514 887/2684/2682 911/2517/2515
f 911/2517/2515 887/2684/2682 910/2685/2683
f 911/2517/2515 910/2685/2683 934/2518/2516
f 934/2518/2516 910/2685/2683 933/2686/2684
f 934/2518/2516 933/2686/2684 957/2519/2517
f 957/2519/2517 933/2686/2684 956/2687/2685
f 957/2519/2517 956/2687/2685 980/2520/2518
f 980/2520/2518 956/2687/2685 979/2688/2686
f 980/2520/2518 979/2688/2686 1003/2521/2519
f 1003/2521/2519 979/2688/2686 1002/2689/2687
f 1003/2521/2519 1002/2689/2687 1026/2522/2520
f 1026/2522/2520 1002/2689/2687 1025/2690/2688
f 1026/2522/2520 1025/2690/2688 1049/2523/2521
f 1049/2523/2521 1025/2690/2688 1048/2691/2689
f 1049/2523/2521 1048/2691/2689 1072/2524/2522
f 1072/2524/2522 1048/2691/2689 1071/2692/2690
f 1072/2524/2522 1071/2692/2690 1095/2525/2523
f 1095/2525/2523 1071/2692/2690 1094/2693/2691
f 1095/2525/2523 1094/2693/2691 1118/2526/2524
f 1118/2526/2524 1094/2693/2691 1117/2694/2692
f 1118/2526/2524 1117/2694/2692 1141/2527/2525
f 1141/2527/2525 1117/2694/2692 1140/2695/2693
f 1141/2527/2525 1140/2695/2693 1164/2528/2526
f 1164/2528/2526 1140/2695/2693 1163/2696/2694
f 1164/2528/2526 1163/2696/2694 1187/2529/2527
f 1187/2529/2527 1163/2696/2694 1186/2697/2695
f 1187/2529/2527 1186/2697/2695 1210/2530/2528
f 1210/2530/2528 1186/2697/2695 1209/2698/2696
f 1210/2530/2528 1209/2698/2696 1233/2531/2529
f 1233/2531/2529 1209/2698/2696 1232/2699/2697
f 1233/2531/2529 1232/2699/2697 1256/2532/2530
f 1256/2532/2530 1232/2699/2697 1255/2700/2698
f 1256/2532/2530 1255/2700/2698 1279/2533/2531
f 1279/2533/2531 1255/2700/2698 1278/2701/2699
f 1279/2533/2531 1278/2701/2699 1302/2534/2532
f 1302/2534/2532 1278/2701/2699 1301/2702/2700
f 1302/2534/2532 1301/2702/2700 1325/2535/2533
f 1325/2535/2533 1301/2702/2700 1324/2703/2701
f 1325/2535/2533 1324/2703/2701 1348/2536/2534
f 1348/2536/2534 1324/2703/2701 1347/2704/2702
f 1348/2536/2534 1347/2704/2702 1371/2537/2535
f 1371/2537/2535 1347/2704/2702 1370/2705/2703
f 1371/2537/2535 1370/2705/2703 1394/2538/2536
f 1394/2538/2536 1370/2705/2703 1393/2706/2704
f 1394/2538/2536 1393/2706/2704 1417/2539/2537
f 1417/2539/2537 1393/2706/2704 1416/2707/2705
f 1417/2539/2537 1416/2707/2705 1440/2540/2538
f 1440/2540/2538 1416/2707/2705 1439/2708/2706
f 1440/2540/2538 1439/2708/2706 1463/2541/2539
f 1463/2541/2539 1439/2708/2706 1462/2709/2707
f 1463/2541/2539 1462/2709/2707 1486/2542/2540
f 1486/2542/2540 1462/2709/2707 1485/2710/2708
f 1486/2542/2540 1485/2710/2708 1509/2543/2541
f 1509/2543/2541 1485/2710/2708 1508/2711/2709
f 1509/2543/2541 1508/2711/2709 1532/2544/2542
f 1532/2544/2542 1508/2711/2709 1531/2712/2710
f 1532/2544/2542 1531/2712/2710 1555/2545/2543
f 1555/2545/2543 1531/2712/2710 1554/2713/2711
f 1555/2545/2543 1554/2713/2711 1578/2546/2544
f 1578/2546/2544 1554/2713/2711 1577/2714/2712
f 1578/2546/2544 1577/2714/2712 1601/2547/2545
f 1601/2547/2545 1577/2714/2712 1600/2715/2713
f 1601/2547/2545 1600/2715/2713 1624/2548/2546
f 1624/2548/2546 1600/2715/2713 1623/2716/2714
f 1624/2548/2546 1623/2716/2714 1647/2549/2547
f 1647/2549/2547 1623/2716/2714 1646/2717/2715
f 1647/2549/2547 1646/2717/2715 1670/2550/2548
f 1670/2550/2548 1646/2717/2715 1669/2718/2716
f 1670/2550/2548 1669/2718/2716 1693/2551/2549
f 1693/2551/2549 1669/2718/2716 1692/2719/2717
f 1693/2551/2549 1692/2719/2717 1716/2552/2550
f 1716/2552/2550 1692/2719/2717 1715/2720/2718
f 1716/2552/2550 1715/2720/2718 1739/2553/2551
f 1739/2553/2551 1715/2720/2718 1738/2721/2719
f 1739/2553/2551 1738/2721/2719 1762/2554/2552
f 1762/2554/2552 1738/2721/2719 1761/2722/2720
f 1762/2554/2552 1761/2722/2720 1785/2555/2553
f 1785/2555/2553 1761/2722/2720 1784/2723/2721
f 1785/2555/2553 1784/2723/2721 1808/2556/2554
f 1808/2556/2554 1784/2723/2721 1807/2724/2722
f 1808/2556/2554 1807/2724/2722 1831/2557/2555
f 1831/2557/2555 1807/2724/2722 1830/2725/2723
f 1831/2557/2555 1830/2725/2723 1854/2558/2556
f 1854/2558/2556 1830/2725/2723 1853/2726/2724
f 1854/2558/2556 1853/2726/2724 1877/2559/2557
f 1877/2559/2557 1853/2726/2724 1876/2727/2725
f 1877/2559/2557 1876/2727/2725 1900/2560/2558
f 1900/2560/2558 1876/2727/2725 1899/2728/2726
f 1900/2560/2558 1899/2728/2726 1923/2561/2559
f 1923/2561/2559 1899/2728/2726 1922/2729/2727
f 1923/2561/2559 1922/2729/2727 1946/2562/2560
f 1946/2562/2560 1922/2729/2727 1945/2730/2728
f 1946/2562/2560 1945/2730/2728 1969/2563/2561
f 1969/2563/2561 1945/2730/2728 1968/2731/2729
f 1969/2563/2561 1968/2731/2729 1992/2564/2562
f 1992/2564/2562 1968/2731/2729 1991/2732/2730
f 1992/2564/2562 1991/2732/2730 2015/2565/2563
f 2015/2565/2563 1991/2732/2730 2014/2733/2731
f 2015/2565/2563 2014/2733/2731 2038/2566/2564
f 2038/2566/2564 2014/2733/2731 2037/2734/2732
f 2038/2566/2564 2037/2734/2732 2061/2567/2565
f 2061/2567/2565 2037/2734/2732 2060/2735/2733
f 2061/2567/2565 2060/2735/2733 2084/2568/2566
f 2084/2568/2566 2060/2735/2733 2083/2736/2734
f 2084/2568/2566 2083/2736/2734 2107/2569/2567
f 2107/2569/2567 2083/2736/2734 2106/2737/2735
f 2107/2569/2567 2106/2737/2735 2130/2570/2568
f 2130/2570/2568 2106/2737/2735 2129/2738/2736
f 2130/2570/2568 2129/2738/2736 2153/2571/2569
f 2153/2571/2569 2129/2738/2736 2152/2739/2737
f 2153/2571/2569 2152/2739/2737 2176/2572/2570
f 2176/2572/2570 2152/2739/2737 2175/2740/2738
f 2176/2572/2570 2175/2740/2738 2199/2573/2571
f 2199/2573/2571 2175/2740/2738 2198/2741/2739
f 2199/2573/2571 2198/2741/2739 2222/2574/2572
f 2222/2574/2572 2198/2741/2739 2221/2742/2740
f 2222/2574/2572 2221/2742/2740 2245/2575/2573
f 2245/2575/2573 2221/2742/2740 2244/2743/2741
f 2245/2575/2573 2244/2743/2741 2268/2576/2574
f 2268/2576/2574 2244/2743/2741 2267/2744/2742
f 2268/2576/2574 2267/2744/2742 2291/2577/2575
f 2291/2577/2575 2267/2744/2742 2290/2745/2743
f 2291/2577/2575 2290/2745/2743 2314/2578/2576
f 2314/2578/2576 2290/2745/2743 2313/2746/2744
f 2314/2578/2576 2313/2746/2744 2337/2579/2577
f 2337/2579/2577 2313/2746/2744 2336/2747/2745
f 2337/2579/2577 2336/2747/2745 2360/2580/2578
f 2360/2580/2578 2336/2747/2745 2359/2748/2746
f 2360/2580/2578 2359/2748/2746 2383/2581/2579
f 2383/2581/2579 2359/2748/2746 2382/2749/2747
f 2383/2581/2579 2382/2749/2747 2406/2582/2580
f 2406/2582/2580 2382/2749/2747 2405/2750/2748
f 2406/2582/2580 2405/2750/2748 2429/2583/2581
f 2429/2583/2581 2405/2750/2748 2428/2751/2749
f 2429/2583/2581 2428/2751/2749 2452/2584/2582
f 2452/2584/2582 2428/2751/2749 2451/2752/2750
f 2452/2584/2582 2451/2752/2750 2475/2585/2583
f 2475/2585/2583 2451/2752/2750 2474/2753/2751
f 2475/2585/2583 2474/2753/2751 2498/2586/2584
f 2498/2586/2584 2474/2753/2751 2497/2754/2752
f 2498/2586/2584 2497/2754/2752 2521/2587/2585
f 2521/2587/2585 2497/2754/2752 2520/2755/2753
f 2521/2587/2585 2520/2755/2753 2544/2588/2586
f 2544/2588/2586 2520/2755/2753 2543/2756/2754
f 2544/2588/2586 2543/2756/2754 2567/2589/2587
f 2567/2589/2587 2543/2756/2754 2566/2757/2755
f 2567/2589/2587 2566/2757/2755 2590/2590/2588
f 2590/2590/2588 2566/2757/2755 2589/2758/2756
f 2590/2590/2588 2589/2758/2756 2613/2591/2589
f 2613/2591/2589 2589/2758/2756 2612/2759/2757
f 2613/2591/2589 2612/2759/2757 2636/2592/2590
f 2636/2592/2590 2612/2759/2757 2635/2760/2758
f 2636/2592/2590 2635/2760/2758 2659/2593/2591
f 2659/2593/2591 2635/2760/2758 2658/2761/2759
f 2659/2593/2591 2658/2761/2759 2682/2594/2592
f 2682/2594/2592 2658/2761/2759 2681/2762/2760
f 2682/2594/2592 2681/2762/2760 2705/2595/2593
f 2705/2595/2593 2681/2762/2760 2704/2763/2761
f 2705/2595/2593 2704/2763/2761 2728/2596/2594
f 2728/2596/2594 2704/2763/2761 2727/2764/2762
f 2728/2596/2594 2727/2764/2762 2751/2597/2595
f 2751/2597/2595 2727/2764/2762 2750/2765/2763
f 2751/2597/2595 2750/2765/2763 2774/2598/2596
f 2774/2598/2596 2750/2765/2763 2773/2766/2764
f 2774/2598/2596 2773/2766/2764 2797/2599/2597
f 2797/2599/2597 2773/2766/2764 2796/2767/2765
f 2797/2599/2597 2796/2767/2765 2820/2600/2598
f 2820/2600/2598 2796/2767/2765 2819/2768/2766
f 2820/2600/2598 2819/2768/2766 2843/2601/2599
f 2843/2601/2599 2819/2768/2766 2842/2769/2767
f 2843/2601/2599 2842/2769/2767 2866/2602/2600
f 2866/2602/2600 2842/2769/2767 2865/2770/2768
f 2866/2602/2600 2865/2770/2768 2889/2603/2601
f 2889/2603/2601 2865/2770/2768 2888/2771/2769
f 2889/2603/2601 2888/2771/2769 2912/2604/2602
f 2912/2604/2602 2888/2771/2769 2911/2772/2770
f 2912/2604/2602 2911/2772/2770 2935/2605/2603
f 2935/2605/2603 2911/2772/2770 2934/2773/2771
f 2935/2605/2603 2934/2773/2771 2958/2606/2604
f 2958/2606/2604 2934/2773/2771 2957/2774/2772
f 2958/2606/2604 2957/2774/2772 2981/2607/2605
f 2981/2607/2605 2957/2774/2772 2980/2775/2773
f 2981/2607/2605 2980/2775/2773 3004/2608/2606
f 3004/2608/2606 2980/2775/2773 3003/2776/2774
f 3004/2608/2606 3003/2776/2774 3027/2609/2607
f 3027/2609/2607 3003/2776/2774 3026/2777/2775
f 3027/2609/2607 3026/2777/2775 3050/2610/2608
f 3050/2610/2608 3026/2777/2775 3049/2778/2776
f 3050/2610/2608 3049/2778/2776 3073/2611/2609
f 3073/2611/2609 3049/2778/2776 3072/2779/2777
f 3073/2611/2609 3072/2779/2777 3096/2612/2610
f 3096/2612/2610 3072/2779/2777 3095/2780/2778
f 3096/2612/2610 3095/2780/2778 3119/2613/2611
f 3119/2613/2611 3095/2780/2778 3118/2781/2779
f 3119/2613/2611 3118/2781/2779 3142/2614/2612
f 3142/2614/2612 3118/2781/2779 3141/2782/2780
f 3142/2614/2612 3141/2782/2780 3165/2615/2613
f 3165/2615/2613 3141/2782/2780 3164/2783/2781
f 3165/2615/2613 3164/2783/2781 3188/2616/2614
f 3188/2616/2614 3164/2783/2781 3187/2784/2782
f 3188/2616/2614 3187/2784/2782 3211/2617/2615
f 3211/2617/2615 3187/2784/2782 3210/2785/2783
f 3211/2617/2615 3210/2785/2783 3234/2618/2616
f 3234/2618/2616 3210/2785/2783 3233/2786/2784
f 3234/2618/2616 3233/2786/2784 3257/2619/2617
f 3257/2619/2617 3233/2786/2784 3256/2787/2785
f 3257/2619/2617 3256/2787/2785 3280/2620/2618
f 3280/2620/2618 3256/2787/2785 3279/2788/2786
f 3280/2620/2618 3279/2788/2786 3303/2621/2619
f 3303/2621/2619 3279/2788/2786 3302/2789/2787
f 3303/2621/2619 3302/2789/2787 3326/2622/2620
f 3326/2622/2620 3302/2789/2787 3325/2790/2788
f 3326/2622/2620 3325/2790/2788 3349/2623/2621
f 3349/2623/2621 3325/2790/2788 3348/2791/2789
f 3349/2623/2621 3348/2791/2789 3372/2624/2622
f 3372/2624/2622 3348/2791/2789 3371/2792/2790
f 3372/2624/2622 3371/2792/2790 3395/2625/2623
f 3395/2625/2623 3371/2792/2790 3394/2793/2791
f 3395/2625/2623 3394/2793/2791 3418/2626/2624
f 3418/2626/2624 3394/2793/2791 3417/2794/2792
f 3418/2626/2624 3417/2794/2792 3441/2627/2625
f 3441/2627/2625 3417/2794/2792 3440/2795/2793
f 3441/2627/2625 3440/2795/2793 3464/2628/2626
f 3464/2628/2626 3440/2795/2793 3463/2796/2794
f 3464/2628/2626 3463/2796/2794 3487/2629/2627
f 3487/2629/2627 3463/2796/2794 3486/2797/2795
f 3487/2629/2627 3486/2797/2795 3510/2630/2628
f 3510/2630/2628 3486/2797/2795 3509/2798/2796
f 3510/2630/2628 3509/2798/2796 3533/2631/2629
f 3533/2631/2629 3509/2798/2796 3532/2799/2797
f 3533/2631/2629 3532/2799/2797 3556/2632/2630
f 3556/2632/2630 3532/2799/2797 3555/2800/2798
f 3556/2632/2630 3555/2800/2798 3579/2633/2631
f 3579/2633/2631 3555/2800/2798 3578/2801/2799
f 3579/2633/2631 3578/2801/2799 3602/2634/2632
f 3602/2634/2632 3578/2801/2799 3601/2802/2800
f 3602/2634/2632 3601/2802/2800 3625/2635/2633
f 3625/2635/2633 3601/2802/2800 3624/2803/2801
f 3625/2635/2633 3624/2803/2801 3648/2636/2634
f 3648/2636/2634 3624/2803/2801 3647/2804/2802
f 3648/2636/2634 3647/2804/2802 3671/2637/2635
f 3671/2637/2635 3647/2804/2802 3670/2805/2803
f 3671/2637/2635 3670/2805/2803 3694/2638/2636
f 3694/2638/2636 3670/2805/2803 3693/2806/2804
f 3694/2638/2636 3693/2806/2804 3717/2639/2637
f 3717/2639/2637 3693/2806/2804 3716/2807/2805
f 3717/2639/2637 3716/2807/2805 3740/2640/2638
f 3740/2640/2638 3716/2807/2805 3739/2808/2806
f 3740/2640/2638 3739/2808/2806 3763/2641/2639
f 3763/2641/2639 3739/2808/2806 3762/2809/2807
f 3763/2641/2639 3762/2809/2807 3786/2642/2640
f 3786/2642/2640 3762/2809/2807 3785/2810/2808
f 3786/2642/2640 3785/2810/2808 3809/2643/2641
f 3809/2643/2641 3785/2810/2808 3808/2811/2809
f 3809/2643/2641 3808/2811/2809 3832/2644/2642
f 3832/2644/2642 3808/2811/2809 3831/2812/2810
f 3832/2644/2642 3831/2812/2810 3855/2645/2643
f 3855/2645/2643 3831/2812/2810 3854/2813/2811
f 3855/2645/2643 3854/2813/2811 3878/2646/2644
f 3878/2646/2644 3854/2813/2811 3877/2814/2812
f 3878/2646/2644 3877/2814/2812 3901/2647/2645
f 3901/2647/2645 3877/2814/2812 3900/2815/2813
f 3901/2647/2645 3900/2815/2813 3924/2648/2646
f 3924/2648/2646 3900/2815/2813 3923/2816/2814
f 3924/2648/2646 3923/2816/2814 3947/2649/2647
f 3947/2649/2647 3923/2816/2814 3946/2817/2815
f 3947/2649/2647 3946/2817/2815 3970/2650/2648
f 3970/2650/2648 3946/2817/2815 3969/2818/2816
f 3970/2650/2648 3969/2818/2816 3993/2651/2649
f 3993/2651/2649 3969/2818/2816 3992/2819/2817
f 3993/2651/2649 3992/2819/2817 4016/2652/2650
f 4016/2652/2650 3992/2819/2817 4015/2820/2818
f 4016/2652/2650 4015/2820/2818 4039/2653/2651
f 4039/2653/2651 4015/2820/2818 4038/2821/2819
f 4039/2653/2651 4038/2821/2819 4062/2654/2652
f 4062/2654/2652 4038/2821/2819 4061/2822/2820
f 4062/2654/2652 4061/2822/2820 4085/2655/2653
f 4085/2655/2653 4061/2822/2820 4084/2823/2821
f 4085/2655/2653 4084/2823/2821 4108/2656/2654
f 4108/2656/2654 4084/2823/2821 4107/2824/2822
f 4108/2656/2654 4107/2824/2822 4131/2657/2655
f 4131/2657/2655 4107/2824/2822 4130/2825/2823
f 4131/2657/2655 4130/2825/2823 4154/620/620
f 4154/620/620 4130/2825/2823 4153/622/622
f 16/2658/2656 17/2826/2824 312/2659/2657
f 312/2659/2657 17/2826/2824 311/2827/2825
f 312/2659/2657 311/2827/2825 335/2660/2658
f 335/2660/2658 311/2827/2825 334/2828/2826
f 335/2660/2658 334/2828/2826 358/2661/2659
f 358/2661/2659 334/2828/2826 357/2829/2827
f 358/2661/2659 357/2829/2827 381/2662/2660
f 381/2662/2660 357/2829/2827 380/2830/2828
f 381/2662/2660 380/2830/2828 404/2663/2661
f 404/2663/2661 380/2830/2828 403/2831/2829
f 404/2663/2661 403/2831/2829 427/2664/2662
f 427/2664/2662 403/2831/2829 426/2832/2830
f 427/2664/2662 426/2832/2830 450/2665/2663
f 450/2665/2663 426/2832/2830 449/2833/2831
f 450/2665/2663 449/2833/2831 473/2666/2664
f 473/2666/2664 449/2833/2831 472/2834/2832
f 473/2666/2664 472/2834/2832 496/2667/2665
f 496/2667/2665 472/2834/2832 495/2835/2833
f 496/2667/2665 495/2835/2833 519/2668/2666
f 519/2668/2666 495/2835/2833 518/2836/2834
f 519/2668/2666 518/2836/2834 542/2669/2667
f 542/2669/2667 518/2836/2834 541/2837/2835
f 542/2669/2667 541/2837/2835 565/2670/2668
f 565/2670/2668 541/2837/2835 564/2838/2836
f 565/2670/2668 564/2838/2836 588/2671/2669
f 588/2671/2669 564/2838/2836 587/2839/2837
f 588/2671/2669 587/2839/2837 611/2672/2670
f 611/2672/2670 587/2839/2837 610/2840/2838
f 611/2672/2670 610/2840/2838 634/2673/2671
f 634/2673/2671 610/2840/2838 633/2841/2839
f 634/2673/2671 633/2841/2839 657/2674/2672
f 657/2674/2672 633/2841/2839 656/2842/2840
f 657/2674/2672 656/2842/2840 680/2675/2673
f 680/2675/2673 656/2842/2840 679/2843/2841
f 680/2675/2673 679/2843/2841 703/2676/2674
f 703/2676/2674 679/2843/2841 702/2844/2842
f 703/2676/2674 702/2844/2842 726/2677/2675
f 726/2677/2675 702/2844/2842 725/2845/2843
f 726/2677/2675 725/2845/2843 749/2678/2676
f 749/2678/2676 725/2845/2843 748/2846/2844
f 749/2678/2676 748/2846/2844 772/2679/2677
f 772/2679/2677 748/2846/2844 771/2847/2845
f 772/2679/2677 771/2847/2845 795/2680/2678
f 795/2680/2678 771/2847/2845 794/2848/2846
f 795/2680/2678 794/2848/2846 818/2681/2679
f 818/2681/2679 794/2848/2846 817/2849/2847
f 818/2681/2679 817/2849/2847 841/2682/2680
f 841/2682/2680 817/2849/2847 840/2850/2848
f 841/2682/2680 840/2850/2848 864/2683/2681
f 864/2683/2681 840/2850/2848 863/2851/2849
f 864/2683/2681 863/2851/2849 887/2684/2682
f 887/2684/2682 863/2851/2849 886/2852/2850
f 887/2684/2682 886/2852/2850 910/2685/2683
f 910/2685/2683 886/2852/2850 909/2853/2851
f 910/2685/2683 909/2853/2851 933/2686/2684
f 933/2686/2684 909/2853/2851 932/2854/2852
f 933/2686/2684 932/2854/2852 956/2687/2685
f 956/2687/2685 932/2854/2852 955/2855/2853
f 956/2687/2685 955/2855/2853 979/2688/2686
f 979/2688/2686 955/2855/2853 978/2856/2854
f 979/2688/2686 978/2856/2854 1002/2689/2687
f 1002/2689/2687 978/2856/2854 1001/2857/2855
f 1002/2689/2687 1001/2857/2855 1025/2690/2688
f 1025/2690/2688 1001/2857/2855 1024/2858/2856
f 1025/2690/2688 1024/2858/2856 1048/2691/2689
f 1048/2691/2689 1024/2858/2856 1047/2859/2857
f 1048/2691/2689 1047/2859/2857 1071/2692/2690
f 1071/2692/2690 1047/2859/2857 1070/2860/2858
f 1071/2692/2690 1070/2860/2858 1094/2693/2691
f 1094/2693/2691 1070/2860/2858 1093/2861/2859
f 1094/2693/2691 1093/2861/2859 1117/2694/2692
f 1117/2694/2692 1093/2861/2859 1116/2862/2860
f 1117/2694/2692 1116/2862/2860 1140/2695/2693
f 1140/2695/2693 1116/2862/2860 1139/2863/2861
f 1140/2695/2693 1139/2863/2861 1163/2696/2694
f 1163/2696/2694 1139/2863/2861 1162/2864/2862
f 1163/2696/2694 1162/2864/2862 1186/2697/2695
f 1186/2697/2695 1162/2864/2862 1185/2865/2863
f 1186/2697/2695 1185/2865/2863 1209/2698/2696
f 1209/2698/2696 1185/2865/2863 1208/2866/2864
f 1209/2698/2696 1208/2866/2864 1232/2699/2697
f 1232/2699/2697 1208/2866/2864 1231/2867/2865
f 1232/2699/2697 1231/2867/2865 1255/2700/2698
f 1255/2700/2698 1231/2867/2865 1254/2868/2866
f 1255/2700/2698 1254/2868/2866 1278/2701/2699
f 1278/2701/2699 1254/2868/2866 1277/2869/2867
f 1278/2701/2699 1277/2869/2867 1301/2702/2700
f 1301/2702/2700 1277/2869/2867 1300/2870/2868
f 1301/2702/2700 1300/2870/2868 1324/2703/2701
f 1324/2703/2701 1300/2870/2868 1323/2871/2869
f 1324/2703/2701 1323/2871/2869 1347/2704/2702
f 1347/2704/2702 1323/2871/2869 1346/2872/2870
f 1347/2704/2702 1346/2872/2870 1370/2705/2703
f 1370/2705/2703 1346/2872/2870 1369/2873/2871
f 1370/2705/2703 1369/2873/2871 1393/2706/2704
f 1393/2706/2704 1369/2873/2871 1392/2874/2872
f 1393/2706/2704 1392/2874/2872 1416/2707/2705
f 1416/2707/2705 1392/2874/2872 1415/2875/2873
f 1416/2707/2705 1415/2875/2873 1439/2708/2706
f 1439/2708/2706 1415/2875/2873 1438/2876/2874
f 1439/2708/2706 1438/2876/2874 1462/2709/2707
f 1462/2709/2707 1438/2876/2874 1461/2877/2875
f 1462/2709/2707 1461/2877/2875 1485/2710/2708
f 1485/2710/2708 1461/2877/2875 1484/2878/2876
f 1485/2710/2708 1484/2878/2876 1508/2711/2709
f 1508/2711/2709 1484/2878/2876 1507/2879/2877
f 1508/2711/2709 1507/2879/2877 1531/2712/2710
f 1531/2712/2710 1507/2879/2877 1530/2880/2878
f 1531/2712/2710 1530/2880/2878 1554/2713/2711
f 1554/2713/2711 1530/2880/2878 1553/2881/2879
f 1554/2713/2711 1553/2881/2879 1577/2714/2712
f 1577/2714/2712 1553/2881/2879 1576/2882/2880
f 1577/2714/2712 1576/2882/2880 1600/2715/2713
f 1600/2715/2713 1576/2882/2880 1599/2883/2881
f 1600/2715/2713 1599/2883/2881 1623/2716/2714
f 1623/2716/2714 1599/2883/2881 1622/2884/2882
f 1623/2716/2714 1622/2884/2882 1646/2717/2715
f 1646/2717/2715 1622/2884/2882 1645/2885/2883
f 1646/2717/2715 1645/2885/2883 1669/2718/2716
f 1669/2718/2716 1645/2885/2883 1668/2886/2884
f 1669/2718/2716 1668/2886/2884 1692/2719/2717
f 1692/2719/2717 1668/2886/2884 1691/2887/2885
f 1692/2719/2717 1691/2887/2885 1715/2720/2718
f 1715/2720/2718 1691/2887/2885 1714/2888/2886
f 1715/2720/2718 1714/2888/2886 1738/2721/2719
f 1738/2721/2719 1714/2888/2886 1737/2889/2887
f 1738/2721/2719 1737/2889/2887 1761/2722/2720
f 1761/2722/2720 1737/2889/2887 1760/2890/2888
f 1761/2722/2720 1760/2890/2888 1784/2723/2721
f 1784/2723/2721 1760/2890/2888 1783/2891/2889
f 1784/2723/2721 1783/2891/2889 1807/2724/2722
f 1807/2724/2722 1783/2891/2889 1806/2892/2890
f 1807/2724/2722 1806/2892/2890 1830/2725/2723
f 1830/2725/2723 1806/2892/2890 1829/2893/2891
f 1830/2725/2723 1829/2893/2891 1853/2726/2724
f 1853/2726/2724 1829/2893/2891 1852/2894/2892
f 1853/2726/2724 1852/2894/2892 1876/2727/2725
f 1876/2727/2725 1852/2894/2892 1875/2895/2893
f 1876/2727/2725 1875/2895/2893 1899/2728/2726
f 1899/2728/2726 1875/2895/2893 1898/2896/2894
f 1899/2728/2726 1898/2896/2894 1922/2729/2727
f 1922/2729/2727 1898/2896/2894 1921/2897/2895
f 1922/2729/2727 1921/2897/2895 1945/2730/2728
f 1945/2730/2728 1921/2897/2895 1944/2898/2896
f 1945/2730/2728 1944/2898/2896 1968/2731/2729
f 1968/2731/2729 1944/2898/2896 1967/2899/2897
f 1968/2731/2729 1967/2899/2897 1991/2732/2730
f 1991/2732/2730 1967/2899/2897 1990/2900/2898
f 1991/2732/2730 1990/2900/2898 2014/2733/2731
f 2014/2733/2731 1990/2900/2898 2013/2901/2899
f 2014/2733/2731 2013/2901/2899 2037/2734/2732
f 2037/2734/2732 2013/2901/2899 2036/2902/2900
f 2037/2734/2732 2036/2902/2900 2060/2735/2733
f 2060/2735/2733 2036/2902/2900 2059/2903/2901
f 2060/2735/2733 2059/2903/2901 2083/2736/2734
f 2083/2736/2734 2059/2903/2901 2082/2904/2902
f 2083/2736/2734 2082/2904/2902 2106/2737/2735
f 2106/2737/2735 2082/2904/2902 2105/2905/2903
f 2106/2737/2735 2105/2905/2903 2129/2738/2736
f 2129/2738/2736 2105/2905/2903 2128/2906/2904
f 2129/2738/2736 2128/2906/2904 2152/2739/2737
f 2152/2739/2737 2128/2906/2904 2151/2907/2905
f 2152/2739/2737 2151/2907/2905 2175/2740/2738
f 2175/2740/2738 2151/2907/2905 2174/2908/2906
f 2175/2740/2738 2174/2908/2906 2198/2741/2739
f 2198/2741/2739 2174/2908/2906 2197/2909/2907
f 2198/2741/2739 2197/2909/2907 2221/2742/2740
f 2221/2742/2740 2197/2909/2907 2220/2910/2908
f 2221/2742/2740 2220/2910/2908 2244/2743/2741
f 2244/2743/2741 2220/2910/2908 2243/2911/2909
f 2244/2743/2741 2243/2911/2909 2267/2744/2742
f 2267/2744/2742 2243/2911/2909 2266/2912/2910
f 2267/2744/2742 2266/2912/2910 2290/2745/2743
f 2290/2745/2743 2266/2912/2910 2289/2913/2911
f 2290/2745/2743 2289/2913/2911 2313/2746/2744
f 2313/2746/2744 2289/2913/2911 2312/2914/2912
f 2313/2746/2744 2312/2914/2912 2336/2747/2745
f 2336/2747/2745 2312/2914/2912 2335/2915/2913
f 2336/2747/2745 2335/2915/2913 2359/2748/2746
f 2359/2748/2746 2335/2915/2913 2358/2916/2914
f 2359/2748/2746 2358/2916/2914 2382/2749/2747
f 2382/2749/2747 2358/2916/2914 2381/2917/2915
f 2382/2749/2747 2381/2917/2915 2405/2750/2748
f 2405/2750/2748 2381/2917/2915 2404/2918/2916
f 2405/2750/2748 2404/2918/2916 2428/2751/2749
f 2428/2751/2749 2404/2918/2916 2427/2919/2917
f 2428/2751/2749 2427/2919/2917 2451/2752/2750
f 2451/2752/2750 2427/2919/2917 2450/2920/2918
f 2451/2752/2750 2450/2920/2918 2474/2753/2751
f 2474/2753/2751 2450/2920/2918 2473/2921/2919
f 2474/2753/2751 2473/2921/2919 2497/2754/2752
f 2497/2754/2752 2473/2921/2919 2496/2922/2920
f 2497/2754/2752 2496/2922/2920 2520/2755/2753
f 2520/2755/2753 2496/2922/2920 2519/2923/2921
f 2520/2755/2753 2519/2923/2921 2543/2756/2754
f 2543/2756/2754 2519/2923/2921 2542/2924/2922
f 2543/2756/2754 2542/2924/2922 2566/2757/2755
f 2566/2757/2755 2542/2924/2922 2565/2925/2923
f 2566/2757/2755 2565/2925/2923 2589/2758/2756
f 2589/2758/2756 2565/2925/2923 2588/2926/2924
f 2589/2758/2756 2588/2926/2924 2612/2759/2757
f 2612/2759/2757 2588/2926/2924 2611/2927/2925
f 2612/2759/2757 2611/2927/2925 2635/2760/2758
f 2635/2760/2758 2611/2927/2925 2634/2928/2926
f 2635/2760/2758 2634/2928/2926 2658/2761/2759
f 2658/2761/2759 2634/2928/2926 2657/2929/2927
f 2658/2761/2759 2657/2929/2927 2681/2762/2760
f 2681/2762/2760 2657/2929/2927 2680/2930/2928
f 2681/2762/2760 2680/2930/2928 2704/2763/2761
f 2704/2763/2761 2680/2930/2928 2703/2931/2929
f 2704/2763/2761 2703/2931/2929 2727/2764/2762
f 2727/2764/2762 2703/2931/2929 2726/2932/2930
f 2727/2764/2762 2726/2932/2930 2750/2765/2763
f 2750/2765/2763 2726/2932/2930 2749/2933/2931
f 2750/2765/2763 2749/2933/2931 2773/2766/2764
f 2773/2766/2764 2749/2933/2931 2772/2934/2932
f 2773/2766/2764 2772/2934/2932 2796/2767/2765
f 2796/2767/2765 2772/2934/2932 2795/2935/2933
f 2796/2767/2765 2795/2935/2933 2819/2768/2766
f 2819/2768/2766 2795/2935/2933 2818/2936/2934
f 2819/2768/2766 2818/2936/2934 2842/2769/2767
f 2842/2769/2767 2818/2936/2934 2841/2937/2935
f 2842/2769/2767 2841/2937/2935 2865/2770/2768
f 2865/2770/2768 2841/2937/2935 2864/2938/2936
f 2865/2770/2768 2864/2938/2936 2888/2771/2769
f 2888/2771/2769 2864/2938/2936 2887/2939/2937
f 2888/2771/2769 2887/2939/2937 2911/2772/2770
f 2911/2772/2770 2887/2939/2937 2910/2940/2938
f 2911/2772/2770 2910/2940/2938 2934/2773/2771
f 2934/2773/2771 2910/2940/2938 2933/2941/2939
f 2934/2773/2771 2933/2941/2939 2957/2774/2772
f 2957/2774/2772 2933/2941/2939 2956/2942/2940
f 2957/2774/2772 2956/2942/2940 2980/2775/2773
f 2980/2775/2773 2956/2942/2940 2979/2943/2941
f 2980/2775/2773 2979/2943/2941 3003/2776/2774
f 3003/2776/2774 2979/2943/2941 3002/2944/2942
f 3003/2776/2774 3002/2944/2942 3026/2777/2775
f 3026/2777/2775 3002/2944/2942 3025/2945/2943
f 3026/2777/2775 3025/2945/2943 3049/2778/2776
f 3049/2778/2776 3025/2945/2943 3048/2946/2944
f 3049/2778/2776 3048/2946/2944 3072/2779/2777
f 3072/2779/2777 3048/2946/2944 3071/2947/2945
f 3072/2779/2777 3071/2947/2945 3095/2780/2778
f 3095/2780/2778 3071/2947/2945 3094/2948/2946
f 3095/2780/2778 3094/2948/2946 3118/2781/2779
f 3118/2781/2779 3094/2948/2946 3117/2949/2947
f 3118/2781/2779 3117/2949/2947 3141/2782/2780
f 3141/2782/2780 3117/2949/2947 3140/2950/2948
f 3141/2782/2780 3140/2950/2948 3164/2783/2781
f 3164/2783/2781 3140/2950/2948 3163/2951/2949
f 3164/2783/2781 3163/2951/2949 3187/2784/2782
f 3187/2784/2782 3163/2951/2949 3186/2952/2950
f 3187/2784/2782 3186/2952/2950 3210/2785/2783
f 3210/2785/2783 3186/2952/2950 3209/2953/2951
f 3210/2785/2783 3209/2953/2951 3233/2786/2784
f 3233/2786/2784 3209/2953/2951 3232/2954/2952
f 3233/2786/2784 3232/2954/2952 3256/2787/2785
f 3256/2787/2785 3232/2954/2952 3255/2955/2953
f 3256/2787/2785 3255/2955/2953 3279/2788/2786
f 3279/2788/2786 3255/2955/2953 3278/2956/2954
f 3279/2788/2786 3278/2956/2954 3302/2789/2787
f 3302/2789/2787 3278/2956/2954 3301/2957/2955
f 3302/2789/2787 3301/2957/2955 3325/2790/2788
f 3325/2790/2788 3301/2957/2955 3324/2958/2956
f 3325/2790/2788 3324/2958/2956 3348/2791/2789
f 3348/2791/2789 3324/2958/2956 3347/2959/2957
f 3348/2791/2789 3347/2959/2957 3371/2792/2790
f 3371/2792/2790 3347/2959/2957 3370/2960/2958
f 3371/2792/2790 3370/2960/2958 3394/2793/2791
f 3394/2793/2791 3370/2960/2958 3393/2961/2959
f 3394/2793/2791 3393/2961/2959 3417/2794/2792
f 3417/2794/2792 3393/2961/2959 3416/2962/2960
f 3417/2794/2792 3416/2962/2960 3440/2795/2793
f 3440/2795/2793 3416/2962/2960 3439/2963/2961
f 3440/2795/2793 3439/2963/2961 3463/2796/2794
f 3463/2796/2794 3439/2963/2961 3462/2964/2962
f 3463/2796/2794 3462/2964/2962 3486/2797/2795
f 3486/2797/2795 3462/2964/2962 3485/2965/2963
f 3486/2797/2795 3485/2965/2963 3509/2798/2796
f 3509/2798/2796 3485/2965/2963 3508/2966/2964
f 3509/2798/2796 3508/2966/2964 3532/2799/2797
f 3532/2799/2797 3508/2966/2964 3531/2967/2965
f 3532/2799/2797 3531/2967/2965 3555/2800/2798
f 3555/2800/2798 3531/2967/2965 3554/2968/2966
f 3555/2800/2798 3554/2968/2966 3578/2801/2799
f 3578/2801/2799 3554/2968/2966 3577/2969/2967
f 3578/2801/2799 3577/2969/2967 3601/2802/2800
f 3601/2802/2800 3577/2969/2967 3600/2970/2968
f 3601/2802/2800 3600/2970/2968 3624/2803/2801
f 3624/2803/2801 3600/2970/2968 3623/2971/2969
f 3624/2803/2801 3623/2971/2969 3647/2804/2802
f 3647/2804/2802 3623/2971/2969 3646/2972/2970
f 3647/2804/2802 3646/2972/2970 3670/2805/2803
f 3670/2805/2803 3646/2972/2970 3669/2973/2971
f 3670/2805/2803 3669/2973/2971 3693/2806/2804
f 3693/2806/2804 3669/2973/2971 3692/2974/2972
f 3693/2806/2804 3692/2974/2972 3716/2807/2805
f 3716/2807/2805 3692/2974/2972 3715/2975/2973
f 3716/2807/2805 3715/2975/2973 3739/2808/2806
f 3739/2808/2806 3715/2975/2973 3738/2976/2974
f 3739/2808/2806 3738/2976/2974 3762/2809/2807
f 3762/2809/2807 3738/2976/2974 3761/2977/2975
f 3762/2809/2807 3761/2977/2975 3785/2810/2808
f 3785/2810/2808 3761/2977/2975 3784/2978/2976
f 3785/2810/2808 3784/2978/2976 3808/2811/2809
f 3808/2811/2809 3784/2978/2976 3807/2979/2977
f 3808/2811/2809 3807/2979/2977 3831/2812/2810
f 3831/2812/2810 3807/2979/2977 3830/2980/2978
f 3831/2812/2810 3830/2980/2978 3854/2813/2811
f 3854/2813/2811 3830/2980/2978 3853/2981/2979
f 3854/2813/2811 3853/2981/2979 3877/2814/2812
f 3877/2814/2812 3853/2981/2979 3876/2982/2980
f 3877/2814/2812 3876/2982/2980 3900/2815/2813
f 3900/2815/2813 3876/2982/2980 3899/2983/2981
f 3900/2815/2813 3899/2983/2981 3923/2816/2814
f 3923/2816/2814 3899/2983/2981 3922/2984/2982
f 3923/2816/2814 3922/2984/2982 3946/2817/2815
f 3946/2817/2815 3922/2984/2982 3945/2985/2983
f 3946/2817/2815 3945/2985/2983 3969/2818/2816
f 3969/2818/2816 3945/2985/2983 3968/2986/2984
f 3969/2818/2816 3968/2986/2984 3992/2819/2817
f 3992/2819/2817 3968/2986/2984 3991/2987/2985
f 3992/2819/2817 3991/2987/2985 4015/2820/2818
f 4015/2820/2818 3991/2987/2985 4014/2988/2986
f 4015/2820/2818 4014/2988/2986 4038/2821/2819
f 4038/2821/2819 4014/2988/2986 4037/2989/2987
f 4038/2821/2819 4037/2989/2987 4061/2822/2820
f 4061/2822/2820 4037/2989/2987 4060/2990/2988
f 4061/2822/2820 4060/2990/2988 4084/2823/2821
f 4084/2823/2821 4060/2990/2988 4083/2991/2989
f 4084/2823/2821 4083/2991/2989 4107/2824/2822
f 4107/2824/2822 4083/2991/2989 4106/2992/2990
f 4107/2824/2822 4106/2992/2990 4130/2825/2823
f 4130/2825/2823 4106/2992/2990 4129/2993/2991
f 4130/2825/2823 4129/2993/2991 4153/622/622
f 4153/622/622 4129/2993/2991 4152/624/624
f 17/2826/2824 18/2994/2992 311/2827/2825
f 311/2827/2825 18/2994/2992 310/2995/2993
f 311/2827/2825 310/2995/2993 334/2828/2826
f 334/2828/2826 310/2995/2993 333/2996/2994
f 334/2828/2826 333/2996/2994 357/2829/2827
f 357/2829/2827 333/2996/2994 356/2997/2995
f 357/2829/2827 356/2997/2995 380/2830/2828
f 380/2830/2828 356/2997/2995 379/2998/2996
f 380/2830/2828 379/2998/2996 403/2831/2829
f 403/2831/2829 379/2998/2996 402/2999/2997
f 403/2831/2829 402/2999/2997 426/2832/2830
f 426/2832/2830 402/2999/2997 425/3000/2998
f 426/2832/2830 425/3000/2998 449/2833/2831
f 449/2833/2831 425/3000/2998 448/3001/2999
f 449/2833/2831 448/3001/2999 472/2834/2832
f 472/2834/2832 448/3001/2999 471/3002/3000
f 472/2834/2832 471/3002/3000 495/2835/2833
f 495/2835/2833 471/3002/3000 494/3003/3001
f 495/2835/2833 494/3003/3001 518/2836/2834
f 518/2836/2834 494/3003/3001 517/3004/3002
f 518/2836/2834 517/3004/3002 541/2837/2835
f 541/2837/2835 517/3004/3002 540/3005/3003
f 541/2837/2835 540/3005/3003 564/2838/2836
f 564/2838/2836 540/3005/3003 563/3006/3004
f 564/2838/2836 563/3006/3004 587/2839/2837
f 587/2839/2837 563/3006/3004 586/3007/3005
f 587/2839/2837 586/3007/3005 610/2840/2838
f 610/2840/2838 586/3007/3005 609/3008/3006
f 610/2840/2838 609/3008/3006 633/2841/2839
f 633/2841/2839 609/3008/3006 632/3009/3007
f 633/2841/2839 632/3009/3007 656/2842/2840
f 656/2842/2840 632/3009/3007 655/3010/3008
f 656/2842/2840 655/3010/3008 679/2843/2841
f 679/2843/2841 655/3010/3008 678/3011/3009
f 679/2843/2841 678/3011/3009 702/2844/2842
f 702/2844/2842 678/3011/3009 701/3012/3010
f 702/2844/2842 701/3012/3010 725/2845/2843
f 725/2845/2843 701/3012/3010 724/3013/3011
f 725/2845/2843 724/3013/3011 748/2846/2844
f 748/2846/2844 724/3013/3011 747/3014/3012
f 748/2846/2844 747/3014/3012 771/2847/2845
f 771/2847/2845 747/3014/3012 770/3015/3013
f 771/2847/2845 770/3015/3013 794/2848/2846
f 794/2848/2846 770/3015/3013 793/3016/3014
f 794/2848/2846 793/3016/3014 817/2849/2847
f 817/2849/2847 793/3016/3014 816/3017/3015
f 817/2849/2847 816/3017/3015 840/2850/2848
f 840/2850/2848 816/3017/3015 839/3018/3016
f 840/2850/2848 839/3018/3016 863/2851/2849
f 863/2851/2849 839/3018/3016 862/3019/3017
f 863/2851/2849 862/3019/3017 886/2852/2850
f 886/2852/2850 862/3019/3017 885/3020/3018
f 886/2852/2850 885/3020/3018 909/2853/2851
f 909/2853/2851 885/3020/3018 908/3021/3019
f 909/2853/2851 908/3021/3019 932/2854/2852
f 932/2854/2852 908/3021/3019 931/3022/3020
f 932/2854/2852 931/3022/3020 955/2855/2853
f 955/2855/2853 931/3022/3020 954/3023/3021
f 955/2855/2853 954/3023/3021 978/2856/2854
f 978/2856/2854 954/3023/3021 977/3024/3022
f 978/2856/2854 977/3024/3022 1001/2857/2855
f 1001/2857/2855 977/3024/3022 1000/3025/3023
f 1001/2857/2855 1000/3025/3023 1024/2858/2856
f 1024/2858/2856 1000/3025/3023 1023/3026/3024
f 1024/2858/2856 1023/3026/3024 1047/2859/2857
f 1047/2859/2857 1023/3026/3024 1046/3027/3025
f 1047/2859/2857 1046/3027/3025 1070/2860/2858
f 1070/2860/2858 1046/3027/3025 1069/3028/3026
f 1070/2860/2858 1069/3028/3026 1093/2861/2859
f 1093/2861/2859 1069/3028/3026 1092/3029/3027
f 1093/2861/2859 1092/3029/3027 1116/2862/2860
f 1116/2862/2860 1092/3029/3027 1115/3030/3028
f 1116/2862/2860 1115/3030/3028 1139/2863/2861
f 1139/2863/2861 1115/3030/3028 1138/3031/3029
f 1139/2863/2861 1138/3031/3029 1162/2864/2862
f 1162/2864/2862 1138/3031/3029 1161/3032/3030
f 1162/2864/2862 1161/3032/3030 1185/2865/2863
f 1185/2865/2863 1161/3032/3030 1184/3033/3031
f 1185/2865/2863 1184/3033/3031 1208/2866/2864
f 1208/2866/2864 1184/3033/3031 1207/3034/3032
f 1208/2866/2864 1207/3034/3032 1231/2867/2865
f 1231/2867/2865 1207/3034/3032 1230/3035/3033
f 1231/2867/2865 1230/3035/3033 1254/2868/2866
f 1254/2868/2866 1230/3035/3033 1253/3036/3034
f 1254/2868/2866 1253/3036/3034 1277/2869/2867
f 1277/2869/2867 1253/3036/3034 1276/3037/3035
f 1277/2869/2867 1276/3037/3035 1300/2870/2868
f 1300/2870/2868 1276/3037/3035 1299/3038/3036
f 1300/2870/2868 1299/3038/3036 1323/2871/2869
f 1323/2871/2869 1299/3038/3036 1322/3039/3037
f 1323/2871/2869 1322/3039/3037 1346/2872/2870
f 1346/2872/2870 1322/3039/3037 1345/3040/3038
f 1346/2872/2870 1345/3040/3038 1369/2873/2871
f 1369/2873/2871 1345/3040/3038 1368/3041/3039
f 1369/2873/2871 1368/3041/3039 1392/2874/2872
f 1392/2874/2872 1368/3041/3039 1391/3042/3040
f 1392/2874/2872 1391/3042/3040 1415/2875/2873
f 1415/2875/2873 1391/3042/3040 1414/3043/3041
f 1415/2875/2873 1414/3043/3041 1438/2876/2874
f 1438/2876/2874 1414/3043/3041 1437/3044/3042
f 1438/2876/2874 1437/3044/3042 1461/2877/2875
f 1461/2877/2875 1437/3044/3042 1460/3045/3043
f 1461/2877/2875 1460/3045/3043 1484/2878/2876
f 1484/2878/2876 1460/3045/3043 1483/3046/3044
f 1484/2878/2876 1483/3046/3044 1507/2879/2877
f 1507/2879/2877 1483/3046/3044 1506/3047/3045
f 1507/2879/2877 1506/3047/3045 1530/2880/2878
f 1530/2880/2878 1506/3047/3045 1529/3048/3046
f 1530/2880/2878 1529/3048/3046 1553/2881/2879
f 1553/2881/2879 1529/3048/3046 1552/3049/3047
f 1553/2881/2879 1552/3049/3047 1576/2882/2880
f 1576/2882/2880 1552/3049/3047 1575/3050/3048
f 1576/2882/2880 1575/3050/3048 1599/2883/2881
f 1599/2883/2881 1575/3050/3048 1598/3051/3049
f 1599/2883/2881 1598/3051/3049 1622/2884/2882
f 1622/2884/2882 1598/3051/3049 1621/3052/3050
f 1622/2884/2882 1621/3052/3050 1645/2885/2883
f 1645/2885/2883 1621/3052/3050 1644/3053/3051
f 1645/2885/2883 1644/3053/3051 1668/2886/2884
f 1668/2886/2884 1644/3053/3051 1667/3054/3052
f 1668/2886/2884 1667/3054/3052 1691/2887/2885
f 1691/2887/2885 1667/3054/3052 1690/3055/3053
f 1691/2887/2885 1690/3055/3053 1714/2888/2886
f 1714/2888/2886 1690/3055/3053 1713/3056/3054
f 1714/2888/2886 1713/3056/3054 1737/2889/2887
f 1737/2889/2887 1713/3056/3054 1736/3057/3055
f 1737/2889/2887 1736/3057/3055 1760/2890/2888
f 1760/2890/2888 1736/3057/3055 1759/3058/3056
f 1760/2890/2888 1759/3058/3056 1783/2891/2889
f 1783/2891/2889 1759/3058/3056 1782/3059/3057
f 1783/2891/2889 1782/3059/3057 1806/2892/2890
f 1806/2892/2890 1782/3059/3057 1805/3060/3058
f 1806/2892/2890 1805/3060/3058 1829/2893/2891
f 1829/2893/2891 1805/3060/3058 1828/3061/3059
f 1829/2893/2891 1828/3061/3059 1852/2894/2892
f 1852/2894/2892 1828/3061/3059 1851/3062/3060
f 1852/2894/2892 1851/3062/3060 1875/2895/2893
f 1875/2895/2893 1851/3062/3060 1874/3063/3061
f 1875/2895/2893 1874/3063/3061 1898/2896/2894
f 1898/2896/2894 1874/3063/3061 1897/3064/3062
f 1898/2896/2894 1897/3064/3062 1921/2897/2895
f 1921/2897/2895 1897/3064/3062 1920/3065/3063
f 1921/2897/2895 1920/3065/3063 1944/2898/2896
f 1944/2898/2896 1920/3065/3063 1943/3066/3064
f 1944/2898/2896 1943/3066/3064 1967/2899/2897
f 1967/2899/2897 1943/3066/3064 1966/3067/3065
f 1967/2899/2897 1966/3067/3065 1990/2900/2898
f 1990/2900/2898 1966/3067/3065 1989/3068/3066
f 1990/2900/2898 1989/3068/3066 2013/2901/2899
f 2013/2901/2899 1989/3068/3066 2012/3069/3067
f 2013/2901/2899 2012/3069/3067 2036/2902/2900
f 2036/2902/2900 2012/3069/3067 2035/3070/3068
f 2036/2902/2900 2035/3070/3068 2059/2903/2901
f 2059/2903/2901 2035/3070/3068 2058/3071/3069
f 2059/2903/2901 2058/3071/3069 2082/2904/2902
f 2082/2904/2902 2058/3071/3069 2081/3072/3070
f 2082/2904/2902 2081/3072/3070 2105/2905/2903
f 2105/2905/2903 2081/3072/3070 2104/3073/3071
f 2105/2905/2903 2104/3073/3071 2128/2906/2904
f 2128/2906/2904 2104/3073/3071 2127/3074/3072
f 2128/2906/2904 2127/3074/3072 2151/2907/2905
f 2151/2907/2905 2127/3074/3072 2150/3075/3073
f 2151/2907/2905 2150/3075/3073 2174/2908/2906
f 2174/2908/2906 2150/3075/3073 2173/3076/3074
f 2174/2908/2906 2173/3076/3074 2197/2909/2907
f 2197/2909/2907 2173/3076/3074 2196/3077/3075
f 2197/2909/2907 2196/3077/3075 2220/2910/2908
f 2220/2910/2908 2196/3077/3075 2219/3078/3076
f 2220/2910/2908 2219/3078/3076 2243/2911/2909
f 2243/2911/2909 2219/3078/3076 2242/3079/3077
f 2243/2911/2909 2242/3079/3077 2266/2912/2910
f 2266/2912/2910 2242/3079/3077 2265/3080/3078
f 2266/2912/2910 2265/3080/3078 2289/2913/2911
f 2289/2913/2911 2265/3080/3078 2288/3081/3079
f 2289/2913/2911 2288/3081/3079 2312/2914/2912
f 2312/2914/2912 2288/3081/3079 2311/3082/3080
f 2312/2914/2912 2311/3082/3080 2335/2915/2913
f 2335/2915/2913 2311/3082/3080 2334/3083/3081
f 2335/2915/2913 2334/3083/3081 2358/2916/2914
f 2358/2916/2914 2334/3083/3081 2357/3084/3082
f 2358/2916/2914 2357/3084/3082 2381/2917/2915
f 2381/2917/2915 2357/3084/3082 2380/3085/3083
f 2381/2917/2915 2380/3085/3083 2404/2918/2916
f 2404/2918/2916 2380/3085/3083 2403/3086/3084
f 2404/2918/2916 2403/3086/3084 2427/2919/2917
f 2427/2919/2917 2403/3086/3084 2426/3087/3085
f 2427/2919/2917 2426/3087/3085 2450/2920/2918
f 2450/2920/2918 2426/3087/3085 2449/3088/3086
f 2450/2920/2918 2449/3088/3086 2473/2921/2919
f 2473/2921/2919 2449/3088/3086 2472/3089/3087
f 2473/2921/2919 2472/3089/3087 2496/2922/2920
f 2496/2922/2920 2472/3089/3087 2495/3090/3088
f 2496/2922/2920 2495/3090/3088 2519/2923/2921
f 2519/2923/2921 2495/3090/3088 2518/3091/3089
f 2519/2923/2921 2518/3091/3089 2542/2924/2922
f 2542/2924/2922 2518/3091/3089 2541/3092/3090
f 2542/2924/2922 2541/3092/3090 2565/2925/2923
f 2565/2925/2923 2541/3092/3090 2564/3093/3091
f 2565/2925/2923 2564/3093/3091 2588/2926/2924
f 2588/2926/2924 2564/3093/3091 2587/3094/3092
f 2588/2926/2924 2587/3094/3092 2611/2927/2925
f 2611/2927/2925 2587/3094/3092 2610/3095/3093
f 2611/2927/2925 2610/3095/3093 2634/2928/2926
f 2634/2928/2926 2610/3095/3093 2633/3096/3094
f 2634/2928/2926 2633/3096/3094 2657/2929/2927
f 2657/2929/2927 2633/3096/3094 2656/3097/3095
f 2657/2929/2927 2656/3097/3095 2680/2930/2928
f 2680/2930/2928 2656/3097/3095 2679/3098/3096
f 2680/2930/2928 2679/3098/3096 2703/2931/2929
f 2703/2931/2929 2679/3098/3096 2702/3099/3097
f 2703/2931/2929 2702/3099/3097 2726/2932/2930
f 2726/2932/2930 2702/3099/3097 2725/3100/3098
f 2726/2932/2930 2725/3100/3098 2749/2933/2931
f 2749/2933/2931 2725/3100/3098 2748/3101/3099
f 2749/2933/2931 2748/3101/3099 2772/2934/2932
f 2772/2934/2932 2748/3101/3099 2771/3102/3100
f 2772/2934/2932 2771/3102/3100 2795/2935/2933
f 2795/2935/2933 2771/3102/3100 2794/3103/3101
f 2795/2935/2933 2794/3103/3101 2818/2936/2934
f 2818/2936/2934 2794/3103/3101 2817/3104/3102
f 2818/2936/2934 2817/3104/3102 2841/2937/2935
f 2841/2937/2935 2817/3104/3102 2840/3105/3103
f 2841/2937/2935 2840/3105/3103 2864/2938/2936
f 2864/2938/2936 2840/3105/3103 2863/3106/3104
f 2864/2938/2936 2863/3106/3104 2887/2939/2937
f 2887/2939/2937 2863/3106/3104 2886/3107/3105
f 2887/2939/2937 2886/3107/3105 2910/2940/2938
f 2910/2940/2938 2886/3107/3105 2909/3108/3106
f 2910/2940/2938 2909/3108/3106 2933/2941/2939
f 2933/2941/2939 2909/3108/3106 2932/3109/3107
f 2933/2941/2939 2932/3109/3107 2956/2942/2940
f 2956/2942/2940 2932/3109/3107 2955/3110/3108
f 2956/2942/2940 2955/3110/3108 2979/2943/2941
f 2979/2943/2941 2955/3110/3108 2978/3111/3109
f 2979/2943/2941 2978/3111/3109 3002/2944/2942
f 3002/2944/2942 2978/3111/3109 3001/3112/3110
f 3002/2944/2942 3001/3112/3110 3025/2945/2943
f 3025/2945/2943 3001/3112/3110 3024/3113/3111
f 3025/2945/2943 3024/3113/3111 3048/2946/2944
f 3048/2946/2944 3024/3113/3111 3047/3114/3112
f 3048/2946/2944 3047/3114/3112 3071/2947/2945
f 3071/2947/2945 3047/3114/3112 3070/3115/3113
f 3071/2947/2945 3070/3115/3113 3094/2948/2946
f 3094/2948/2946 3070/3115/3113 3093/3116/3114
f 3094/2948/2946 3093/3116/3114 3117/2949/2947
f 3117/2949/2947 3093/3116/3114 3116/3117/3115
f 3117/2949/2947 3116/3117/3115 3140/2950/2948
f 3140/2950/2948 3116/3117/3115 3139/3118/3116
f 3140/2950/2948 3139/3118/3116 3163/2951/2949
f 3163/2951/2949 3139/3118/3116 3162/3119/3117
f 3163/2951/2949 3162/3119/3117 3186/2952/2950
f 3186/2952/2950 3162/3119/3117 3185/3120/3118
f 3186/2952/2950 3185/3120/3118 3209/2953/2951
f 3209/2953/2951 3185/3120/3118 3208/3121/3119
f 3209/2953/2951 3208/3121/3119 3232/2954/2952
f 3232/2954/2952 3208/3121/3119 3231/3122/3120
f 3232/2954/2952 3231/3122/3120 3255/2955/2953
f 3255/2955/2953 3231/3122/3120 3254/3123/3121
f 3255/2955/2953 3254/3123/3121 3278/2956/2954
f 3278/2956/2954 3254/3123/3121 3277/3124/3122
f 3278/2956/2954 3277/3124/3122 3301/2957/2955
f 3301/2957/2955 3277/3124/3122 3300/3125/3123
f 3301/2957/2955 3300/3125/3123 3324/2958/2956
f 3324/2958/2956 3300/3125/3123 3323/3126/3124
f 3324/2958/2956 3323/3126/3124 3347/2959/2957
f 3347/2959/2957 3323/3126/3124 3346/3127/3125
f 3347/2959/2957 3346/3127/3125 3370/2960/2958
f 3370/2960/2958 3346/3127/3125 3369/3128/3126
f 3370/2960/2958 3369/3128/3126 3393/2961/2959
f 3393/2961/2959 3369/3128/3126 3392/3129/3127
f 3393/2961/2959 3392/3129/3127 3416/2962/2960
f 3416/2962/2960 3392/3129/3127 3415/3130/3128
f 3416/2962/2960 3415/3130/3128 3439/2963/2961
f 3439/2963/2961 3415/3130/3128 3438/3131/3129
f 3439/2963/2961 3438/3131/3129 3462/2964/2962
f 3462/2964/2962 3438/3131/3129 3461/3132/3130
f 3462/2964/2962 3461/3132/3130 3485/2965/2963
f 3485/2965/2963 3461/3132/3130 3484/3133/3131
f 3485/2965/2963 3484/3133/3131 3508/2966/2964
f 3508/2966/2964 3484/3133/3131 3507/3134/3132
f 3508/2966/2964 3507/3134/3132 3531/2967/2965
f 3531/2967/2965 3507/3134/3132 3530/3135/3133
f 3531/2967/2965 3530/3135/3133 3554/2968/2966
f 3554/2968/2966 3530/3135/3133 3553/3136/3134
f 3554/2968/2966 3553/3136/3134 3577/2969/2967
f 3577/2969/2967 3553/3136/3134 3576/3137/3135
f 3577/2969/2967 3576/3137/3135 3600/2970/2968
f 3600/2970/2968 3576/3137/3135 3599/3138/3136
f 3600/2970/2968 3599/3138/3136 3623/2971/2969
f 3623/2971/2969 3599/3138/3136 3622/3139/3137
f 3623/2971/2969 3622/3139/3137 3646/2972/2970
f 3646/2972/2970 3622/3139/3137 3645/3140/3138
f 3646/2972/2970 3645/3140/3138 3669/2973/2971
f 3669/2973/2971 3645/3140/3138 3668/3141/3139
f 3669/2973/2971 3668/3141/3139 3692/2974/2972
f 3692/2974/2972 3668/3141/3139 3691/3142/3140
f 3692/2974/2972 3691/3142/3140 3715/2975/2973
f 3715/2975/2973 3691/3142/3140 3714/3143/3141
f 3715/2975/2973 3714/3143/3141 3738/2976/2974
f 3738/2976/2974 3714/3143/3141 3737/3144/3142
f 3738/2976/2974 3737/3144/3142 3761/2977/2975
f 3761/2977/2975 3737/3144/3142 3760/3145/3143
f 3761/2977/2975 3760/3145/3143 3784/2978/2976
f 3784/2978/2976 3760/3145/3143 3783/3146/3144
f 3784/2978/2976 3783/3146/3144 3807/2979/2977
f 3807/2979/2977 3783/3146/3144 3806/3147/3145
f 3807/2979/2977 3806/3147/3145 3830/2980/2978
f 3830/2980/2978 3806/3147/3145 3829/3148/3146
f 3830/2980/2978 3829/3148/3146 3853/2981/2979
f 3853/2981/2979 3829/3148/3146 3852/3149/3147
f 3853/2981/2979 3852/3149/3147 3876/2982/2980
f 3876/2982/2980 3852/3149/3147 3875/3150/3148
f 3876/2982/2980 3875/3150/3148 3899/2983/2981
f 3899/2983/2981 3875/3150/3148 3898/3151/3149
f 3899/2983/2981 3898/3151/3149 3922/2984/2982
f 3922/2984/2982 3898/3151/3149 3921/3152/3150
f 3922/2984/2982 3921/3152/3150 3945/2985/2983
f 3945/2985/2983 3921/3152/3150 3944/3153/3151
f 3945/2985/2983 3944/3153/3151 3968/2986/2984
f 3968/2986/2984 3944/3153/3151 3967/3154/3152
f 3968/2986/2984 3967/3154/3152 3991/2987/2985
f 3991/2987/2985 3967/3154/3152 3990/3155/3153
f 3991/2987/2985 3990/3155/3153 4014/2988/2986
f 4014/2988/2986 3990/3155/3153 4013/3156/3154
f 4014/2988/2986 4013/3156/3154 4037/2989/2987
f 4037/2989/2987 4013/3156/3154 4036/3157/3155
f 4037/2989/2987 4036/3157/3155 4060/2990/2988
f 4060/2990/2988 4036/3157/3155 4059/3158/3156
f 4060/2990/2988 4059/3158/3156 4083/2991/2989
f 4083/2991/2989 4059/3158/3156 4082/3159/3157
f 4083/2991/2989 4082/3159/3157 4106/2992/2990
f 4106/2992/2990 4082/3159/3157 4105/3160/3158
f 4106/2992/2990 4105/3160/3158 4129/2993/2991
f 4129/2993/2991 4105/3160/3158 4128/3161/3159
f 4129/2993/2991 4128/3161/3159 4152/624/624
f 4152/624/624 4128/3161/3159 4151/626/626
f 18/2994/2992 19/3162/3160 310/2995/2993
f 310/2995/2993 19/3162/3160 309/3163/3161
f 310/2995/2993 309/3163/3161 333/2996/2994
f 333/2996/2994 309/3163/3161 332/3164/3162
f 333/2996/2994 332/3164/3162 356/2997/2995
f 356/2997/2995 332/3164/3162 355/3165/3163
f 356/2997/2995 355/3165/3163 379/2998/2996
f 379/2998/2996 355/3165/3163 378/3166/3164
f 379/2998/2996 378/3166/3164 402/2999/2997
f 402/2999/2997 378/3166/3164 401/3167/3165
f 402/2999/2997 401/3167/3165 425/3000/2998
f 425/3000/2998 401/3167/3165 424/3168/3166
f 425/3000/2998 424/3168/3166 448/3001/2999
f 448/3001/2999 424/3168/3166 447/3169/3167
f 448/3001/2999 447/3169/3167 471/3002/3000
f 471/3002/3000 447/3169/3167 470/3170/3168
f 471/3002/3000 470/3170/3168 494/3003/3001
f 494/3003/3001 470/3170/3168 493/3171/3169
f 494/3003/3001 493/3171/3169 517/3004/3002
f 517/3004/3002 493/3171/3169 516/3172/3170
f 517/3004/3002 516/3172/3170 540/3005/3003
f 540/3005/3003 516/3172/3170 539/3173/3171
f 540/3005/3003 539/3173/3171 563/3006/3004
f 563/3006/3004 539/3173/3171 562/3174/3172
f 563/3006/3004 562/3174/3172 586/3007/3005
f 586/3007/3005 562/3174/3172 585/3175/3173
f 586/3007/3005 585/3175/3173 609/3008/3006
f 609/3008/3006 585/3175/3173 608/3176/3174
f 609/3008/3006 608/3176/3174 632/3009/3007
f 632/3009/3007 608/3176/3174 631/3177/3175
f 632/3009/3007 631/3177/3175 655/3010/3008
f 655/3010/3008 631/3177/3175 654/3178/3176
f 655/3010/3008 654/3178/3176 678/3011/3009
f 678/3011/3009 654/3178/3176 677/3179/3177
f 678/3011/3009 677/3179/3177 701/3012/3010
f 701/3012/3010 677/3179/3177 700/3180/3178
f 701/3012/3010 700/3180/3178 724/3013/3011
f 724/3013/3011 700/3180/3178 723/3181/3179
f 724/3013/3011 723/3181/3179 747/3014/3012
f 747/3014/3012 723/3181/3179 746/3182/3180
f 747/3014/3012 746/3182/3180 770/3015/3013
f 770/3015/3013 746/3182/3180 769/3183/3181
f 770/3015/3013 769/3183/3181 793/3016/3014
f 793/3016/3014 769/3183/3181 792/3184/3182
f 793/3016/3014 792/3184/3182 816/3017/3015
f 816/3017/3015 792/3184/3182 815/3185/3183
f 816/3017/3015 815/3185/3183 839/3018/3016
f 839/3018/3016 815/3185/3183 838/3186/3184
f 839/3018/3016 838/3186/3184 862/3019/3017
f 862/3019/3017 838/3186/3184 861/3187/3185
f 862/3019/3017 861/3187/3185 885/3020/3018
f 885/3020/3018 861/3187/3185 884/3188/3186
f 885/3020/3018 884/3188/3186 908/3021/3019
f 908/3021/3019 884/3188/3186 907/3189/3187
f 908/3021/3019 907/3189/3187 931/3022/3020
f 931/3022/3020 907/3189/3187 930/3190/3188
f 931/3022/3020 930/3190/3188 954/3023/3021
f 954/3023/3021 930/3190/3188 953/3191/3189
f 954/3023/3021 953/3191/3189 977/3024/3022
f 977/3024/3022 953/3191/3189 976/3192/3190
f 977/3024/3022 976/3192/3190 1000/3025/3023
f 1000/3025/3023 976/3192/3190 999/3193/3191
f 1000/3025/3023 999/3193/3191 1023/3026/3024
f 1023/3026/3024 999/3193/3191 1022/3194/3192
f 1023/3026/3024 1022/3194/3192 1046/3027/3025
f 1046/3027/3025 1022/3194/3192 1045/3195/3193
f 1046/3027/3025 1045/3195/3193 1069/3028/3026
f 1069/3028/3026 1045/3195/3193 1068/3196/3194
f 1069/3028/3026 1068/3196/3194 1092/3029/3027
f 1092/3029/3027 1068/3196/3194 1091/3197/3195
f 1092/3029/3027 1091/3197/3195 1115/3030/3028
f 1115/3030/3028 1091/3197/3195 1114/3198/3196
f 1115/3030/3028 1114/3198/3196 1138/3031/3029
f 1138/3031/3029 1114/3198/3196 1137/3199/3197
f 1138/3031/3029 1137/3199/3197 1161/3032/3030
f 1161/3032/3030 1137/3199/3197 1160/3200/3198
f 1161/3032/3030 1160/3200/3198 1184/3033/3031
f 1184/3033/3031 1160/3200/3198 1183/3201/3199
f 1184/3033/3031 1183/3201/3199 1207/3034/3032
f 1207/3034/3032 1183/3201/3199 1206/3202/3200
f 1207/3034/3032 1206/3202/3200 1230/3035/3033
f 1230/3035/3033 1206/3202/3200 1229/3203/3201
f 1230/3035/3033 1229/3203/3201 1253/3036/3034
f 1253/3036/3034 1229/3203/3201 1252/3204/3202
f 1253/3036/3034 1252/3204/3202 1276/3037/3035
f 1276/3037/3035 1252/3204/3202 1275/3205/3203
f 1276/3037/3035 1275/3205/3203 1299/3038/3036
f 1299/3038/3036 1275/3205/3203 1298/3206/3204
f 1299/3038/3036 1298/3206/3204 1322/3039/3037
f 1322/3039/3037 1298/3206/3204 1321/3207/3205
f 1322/3039/3037 1321/3207/3205 1345/3040/3038
f 1345/3040/3038 1321/3207/3205 1344/3208/3206
f 1345/3040/3038 1344/3208/3206 1368/3041/3039
f 1368/3041/3039 1344/3208/3206 1367/3209/3207
f 1368/3041/3039 1367/3209/3207 1391/3042/3040
f 1391/3042/3040 1367/3209/3207 1390/3210/3208
f 1391/3042/3040 1390/3210/3208 1414/3043/3041
f 1414/3043/3041 1390/3210/3208 1413/3211/3209
f 1414/3043/3041 1413/3211/3209 1437/3044/3042
f 1437/3044/3042 1413/3211/3209 1436/3212/3210
f 1437/3044/3042 1436/3212/3210 1460/3045/3043
f 1460/3045/3043 1436/3212/3210 1459/3213/3211
f 1460/3045/3043 1459/3213/3211 1483/3046/3044
f 1483/3046/3044 1459/3213/3211 1482/3214/3212
f 1483/3046/3044 1482/3214/3212 1506/3047/3045
f 1506/3047/3045 1482/3214/3212 1505/3215/3213
f 1506/3047/3045 1505/3215/3213 1529/3048/3046
f 1529/3048/3046 1505/3215/3213 1528/3216/3214
f 1529/3048/3046 1528/3216/3214 1552/3049/3047
f 1552/3049/3047 1528/3216/3214 1551/3217/3215
f 1552/3049/3047 1551/3217/3215 1575/3050/3048
f 1575/3050/3048 1551/3217/3215 1574/3218/3216
f 1575/3050/3048 1574/3218/3216 1598/3051/3049
f 1598/3051/3049 1574/3218/3216 1597/3219/3217
f 1598/3051/3049 1597/3219/3217 1621/3052/3050
f 1621/3052/3050 1597/3219/3217 1620/3220/3218
f 1621/3052/3050 1620/3220/3218 1644/3053/3051
f 1644/3053/3051 1620/3220/3218 1643/3221/3219
f 1644/3053/3051 1643/3221/3219 1667/3054/3052
f 1667/3054/3052 1643/3221/3219 1666/3222/3220
f 1667/3054/3052 1666/3222/3220 1690/3055/3053
f 1690/3055/3053 1666/3222/3220 1689/3223/3221
f 1690/3055/3053 1689/3223/3221 1713/3056/3054
f 1713/3056/3054 1689/3223/3221 1712/3224/3222
f 1713/3056/3054 1712/3224/3222 1736/3057/3055
f 1736/3057/3055 1712/3224/3222 1735/3225/3223
f 1736/3057/3055 1735/3225/3223 1759/3058/3056
f 1759/3058/3056 1735/3225/3223 1758/3226/3224
f 1759/3058/3056 1758/3226/3224 1782/3059/3057
f 1782/3059/3057 1758/3226/3224 1781/3227/3225
f 1782/3059/3057 1781/3227/3225 1805/3060/3058
f 1805/3060/3058 1781/3227/3225 1804/3228/3226
f 1805/3060/3058 1804/3228/3226 1828/3061/3059
f 1828/3061/3059 1804/3228/3226 1827/3229/3227
f 1828/3061/3059 1827/3229/3227 1851/3062/3060
f 1851/3062/3060 1827/3229/3227 1850/3230/3228
f 1851/3062/3060 1850/3230/3228 1874/3063/3061
f 1874/3063/3061 1850/3230/3228 1873/3231/3229
f 1874/3063/3061 1873/3231/3229 1897/3064/3062
f 1897/3064/3062 1873/3231/3229 1896/3232/3230
f 1897/3064/3062 1896/3232/3230 1920/3065/3063
f 1920/3065/3063 1896/3232/3230 1919/3233/3231
f 1920/3065/3063 1919/3233/3231 1943/3066/3064
f 1943/3066/3064 1919/3233/3231 1942/3234/3232
f 1943/3066/3064 1942/3234/3232 1966/3067/3065
f 1966/3067/3065 1942/3234/3232 1965/3235/3233
f 1966/3067/3065 1965/3235/3233 1989/3068/3066
f 1989/3068/3066 1965/3235/3233 1988/3236/3234
f 1989/3068/3066 1988/3236/3234 2012/3069/3067
f 2012/3069/3067 1988/3236/3234 2011/3237/3235
f 2012/3069/3067 2011/3237/3235 2035/3070/3068
f 2035/3070/3068 2011/3237/3235 2034/3238/3236
f 2035/3070/3068 2034/3238/3236 2058/3071/3069
f 2058/3071/3069 2034/3238/3236 2057/3239/3237
f 2058/3071/3069 2057/3239/3237 2081/3072/3070
f 2081/3072/3070 2057/3239/3237 2080/3240/3238
f 2081/3072/3070 2080/3240/3238 2104/3073/3071
f 2104/3073/3071 2080/3240/3238 2103/3241/3239
f 2104/3073/3071 2103/3241/3239 2127/3074/3072
f 2127/3074/3072 2103/3241/3239 2126/3242/3240
f 2127/3074/3072 2126/3242/3240 2150/3075/3073
f 2150/3075/3073 2126/3242/3240 2149/3243/3241
f 2150/3075/3073 2149/3243/3241 2173/3076/3074
f 2173/3076/3074 2149/3243/3241 2172/3244/3242
f 2173/3076/3074 2172/3244/3242 2196/3077/3075
f 2196/3077/3075 2172/3244/3242 2195/3245/3243
f 2196/3077/3075 2195/3245/3243 2219/3078/3076
f 2219/3078/3076 2195/3245/3243 2218/3246/3244
f 2219/3078/3076 2218/3246/3244 2242/3079/3077
f 2242/3079/3077 2218/3246/3244 2241/3247/3245
f 2242/3079/3077 2241/3247/3245 2265/3080/3078
f 2265/3080/3078 2241/3247/3245 2264/3248/3246
f 2265/3080/3078 2264/3248/3246 2288/3081/3079
f 2288/3081/3079 2264/3248/3246 2287/3249/3247
f 2288/3081/3079 2287/3249/3247 2311/3082/3080
f 2311/3082/3080 2287/3249/3247 2310/3250/3248
f 2311/3082/3080 2310/3250/3248 2334/3083/3081
f 2334/3083/3081 2310/3250/3248 2333/3251/3249
f 2334/3083/3081 2333/3251/3249 2357/3084/3082
f 2357/3084/3082 2333/3251/3249 2356/3252/3250
f 2357/3084/3082 2356/3252/3250 2380/3085/3083
f 2380/3085/3083 2356/3252/3250 2379/3253/3251
f 2380/3085/3083 2379/3253/3251 2403/3086/3084
f 2403/3086/3084 2379/3253/3251 2402/3254/3252
f 2403/3086/3084 2402/3254/3252 2426/3087/3085
f 2426/3087/3085 2402/3254/3252 2425/3255/3253
f 2426/3087/3085 2425/3255/3253 2449/3088/3086
f 2449/3088/3086 2425/3255/3253 2448/3256/3254
f 2449/3088/3086 2448/3256/3254 2472/3089/3087
f 2472/3089/3087 2448/3256/3254 2471/3257/3255
f 2472/3089/3087 2471/3257/3255 2495/3090/3088
f 2495/3090/3088 2471/3257/3255 2494/3258/3256
f 2495/3090/3088 2494/3258/3256 2518/3091/3089
f 2518/3091/3089 2494/3258/3256 2517/3259/3257
f 2518/3091/3089 2517/3259/3257 2541/3092/3090
f 2541/3092/3090 2517/3259/3257 2540/3260/3258
f 2541/3092/3090 2540/3260/3258 2564/3093/3091
f 2564/3093/3091 2540/3260/3258 2563/3261/3259
f 2564/3093/3091 2563/3261/3259 2587/3094/3092
f 2587/3094/3092 2563/3261/3259 2586/3262/3260
f 2587/3094/3092 2586/3262/3260 2610/3095/3093
f 2610/3095/3093 2586/3262/3260 2609/3263/3261
f 2610/3095/3093 2609/3263/3261 2633/3096/3094
f 2633/3096/3094 2609/3263/3261 2632/3264/3262
f 2633/3096/3094 2632/3264/3262 2656/3097/3095
f 2656/3097/3095 2632/3264/3262 2655/3265/3263
f 2656/3097/3095 2655/3265/3263 2679/3098/3096
f 2679/3098/3096 2655/3265/3263 2678/3266/3264
f 2679/3098/3096 2678/3266/3264 2702/3099/3097
f 2702/3099/3097 2678/3266/3264 2701/3267/3265
f 2702/3099/3097 2701/3267/3265 2725/3100/3098
f 2725/3100/3098 2701/3267/3265 2724/3268/3266
f 2725/3100/3098 2724/3268/3266 2748/3101/3099
f 2748/3101/3099 2724/3268/3266 2747/3269/3267
f 2748/3101/3099 2747/3269/3267 2771/3102/3100
f 2771/3102/3100 2747/3269/3267 2770/3270/3268
f 2771/3102/3100 2770/3270/3268 2794/3103/3101
f 2794/3103/3101 2770/3270/3268 2793/3271/3269
f 2794/3103/3101 2793/3271/3269 2817/3104/3102
f 2817/3104/3102 2793/3271/3269 2816/3272/3270
f 2817/3104/3102 2816/3272/3270 2840/3105/3103
f 2840/3105/3103 2816/3272/3270 2839/3273/3271
f 2840/3105/3103 2839/3273/3271 2863/3106/3104
f 2863/3106/3104 2839/3273/3271 2862/3274/3272
f 2863/3106/3104 2862/3274/3272 2886/3107/3105
f 2886/3107/3105 2862/3274/3272 2885/3275/3273
f 2886/3107/3105 2885/3275/3273 2909/3108/3106
f 2909/3108/3106 2885/3275/3273 2908/3276/3274
f 2909/3108/3106 2908/3276/3274 2932/3109/3107
f 2932/3109/3107 2908/3276/3274 2931/3277/3275
f 2932/3109/3107 2931/3277/3275 2955/3110/3108
f 2955/3110/3108 2931/3277/3275 2954/3278/3276
f 2955/3110/3108 2954/3278/3276 2978/3111/3109
f 2978/3111/3109 2954/3278/3276 2977/3279/3277
f 2978/3111/3109 2977/3279/3277 3001/3112/3110
f 3001/3112/3110 2977/3279/3277 3000/3280/3278
f 3001/3112/3110 3000/3280/3278 3024/3113/3111
f 3024/3113/3111 3000/3280/3278 3023/3281/3279
f 3024/3113/3111 3023/3281/3279 3047/3114/3112
f 3047/3114/3112 3023/3281/3279 3046/3282/3280
f 3047/3114/3112 3046/3282/3280 3070/3115/3113
f 3070/3115/3113 3046/3282/3280 3069/3283/3281
f 3070/3115/3113 3069/3283/3281 3093/3116/3114
f 3093/3116/3114 3069/3283/3281 3092/3284/3282
f 3093/3116/3114 3092/3284/3282 3116/3117/3115
f 3116/3117/3115 3092/3284/3282 3115/3285/3283
f 3116/3117/3115 3115/3285/3283 3139/3118/3116
f 3139/3118/3116 3115/3285/3283 3138/3286/3284
f 3139/3118/3116 3138/3286/3284 3162/3119/3117
f 3162/3119/3117 3138/3286/3284 3161/3287/3285
f 3162/3119/3117 3161/3287/3285 3185/3120/3118
f 3185/3120/3118 3161/3287/3285 3184/3288/3286
f 3185/3120/3118 3184/3288/3286 3208/3121/3119
f 3208/3121/3119 3184/3288/3286 3207/3289/3287
f 3208/3121/3119 3207/3289/3287 3231/3122/3120
f 3231/3122/3120 3207/3289/3287 3230/3290/3288
f 3231/3122/3120 3230/3290/3288 3254/3123/3121
f 3254/3123/3121 3230/3290/3288 3253/3291/3289
f 3254/3123/3121 3253/3291/3289 3277/3124/3122
f 3277/3124/3122 3253/3291/3289 3276/3292/3290
f 3277/3124/3122 3276/3292/3290 3300/3125/3123
f 3300/3125/3123 3276/3292/3290 3299/3293/3291
f 3300/3125/3123 3299/3293/3291 3323/3126/3124
f 3323/3126/3124 3299/3293/3291 3322/3294/3292
f 3323/3126/3124 3322/3294/3292 3346/3127/3125
f 3346/3127/3125 3322/3294/3292 3345/3295/3293
f 3346/3127/3125 3345/3295/3293 3369/3128/3126
f 3369/3128/3126 3345/3295/3293 3368/3296/3294
f 3369/3128/3126 3368/3296/3294 3392/3129/3127
f 3392/3129/3127 3368/3296/3294 3391/3297/3295
f 3392/3129/3127 3391/3297/3295 3415/3130/3128
f 3415/3130/3128 3391/3297/3295 3414/3298/3296
f 3415/3130/3128 3414/3298/3296 3438/3131/3129
f 3438/3131/3129 3414/3298/3296 3437/3299/3297
f 3438/3131/3129 3437/3299/3297 3461/3132/3130
f 3461/3132/3130 3437/3299/3297 3460/3300/3298
f 3461/3132/3130 3460/3300/3298 3484/3133/3131
f 3484/3133/3131 3460/3300/3298 3483/3301/3299
f 3484/3133/3131 3483/3301/3299 3507/3134/3132
f 3507/3134/3132 3483/3301/3299 3506/3302/3300
f 3507/3134/3132 3506/3302/3300 3530/3135/3133
f 3530/3135/3133 3506/3302/3300 3529/3303/3301
f 3530/3135/3133 3529/3303/3301 3553/3136/3134
f 3553/3136/3134 3529/3303/3301 3552/3304/3302
f 3553/3136/3134 3552/3304/3302 3576/3137/3135
f 3576/3137/3135 3552/3304/3302 3575/3305/3303
f 3576/3137/3135 3575/3305/3303 3599/3138/3136
f 3599/3138/3136 3575/3305/3303 3598/3306/3304
f 3599/3138/3136 3598/3306/3304 3622/3139/3137
f 3622/3139/3137 3598/3306/3304 3621/3307/3305
f 3622/3139/3137 3621/3307/3305 3645/3140/3138
f 3645/3140/3138 3621/3307/3305 3644/3308/3306
f 3645/3140/3138 3644/3308/3306 3668/3141/3139
f 3668/3141/3139 3644/3308/3306 3667/3309/3307
f 3668/3141/3139 3667/3309/3307 3691/3142/3140
f 3691/3142/3140 3667/3309/3307 3690/3310/3308
f 3691/3142/3140 3690/3310/3308 3714/3143/3141
f 3714/3143/3141 3690/3310/3308 3713/3311/3309
f 3714/3143/3141 3713/3311/3309 3737/3144/3142
f 3737/3144/3142 3713/3311/3309 3736/3312/3310
f 3737/3144/3142 3736/3312/3310 3760/3145/3143
f 3760/3145/3143 3736/3312/3310 3759/3313/3311
f 3760/3145/3143 3759/3313/3311 3783/3146/3144
f 3783/3146/3144 3759/3313/3311 3782/3314/3312
f 3783/3146/3144 3782/3314/3312 3806/3147/3145
f 3806/3147/3145 3782/3314/3312 3805/3315/3313
f 3806/3147/3145 3805/3315/3313 3829/3148/3146
f 3829/3148/3146 3805/3315/3313 3828/3316/3314
f 3829/3148/3146 3828/3316/3314 3852/3149/3147
f 3852/3149/3147 3828/3316/3314 3851/3317/3315
f 3852/3149/3147 3851/3317/3315 3875/3150/3148
f 3875/3150/3148 3851/3317/3315 3874/3318/3316
f 3875/3150/3148 3874/3318/3316 3898/3151/3149
f 3898/3151/3149 3874/3318/3316 3897/3319/3317
f 3898/3151/3149 3897/3319/3317 3921/3152/3150
f 3921/3152/3150 3897/3319/3317 3920/3320/3318
f 3921/3152/3150 3920/3320/3318 3944/3153/3151
f 3944/3153/3151 3920/3320/3318 3943/3321/3319
f 3944/3153/3151 3943/3321/3319 3967/3154/3152
f 3967/3154/3152 3943/3321/3319 3966/3322/3320
f 3967/3154/3152 3966/3322/3320 3990/3155/3153
f 3990/3155/3153 3966/3322/3320 3989/3323/3321
f 3990/3155/3153 3989/3323/3321 4013/3156/3154
f 4013/3156/3154 3989/3323/3321 4012/3324/3322
f 4013/3156/3154 4012/3324/3322 4036/3157/3155
f 4036/3157/3155 4012/3324/3322 4035/3325/3323
f 4036/3157/3155 4035/3325/3323 4059/3158/3156
f 4059/3158/3156 4035/3325/3323 4058/3326/3324
f 4059/3158/3156 4058/3326/3324 4082/3159/3157
f 4082/3159/3157 4058/3326/3324 4081/3327/3325
f 4082/3159/3157 4081/3327/3325 4105/3160/3158
f 4105/3160/3158 4081/3327/3325 4104/3328/3326
f 4105/3160/3158 4104/3328/3326 4128/3161/3159
f 4128/3161/3159 4104/3328/3326 4127/3329/3327
f 4128/3161/3159 4127/3329/3327 4151/626/626
f 4151/626/626 4127/3329/3327 4150/628/628
f 19/3162/3160 20/3330/3328 309/3163/3161
f 309/3163/3161 20/3330/3328 308/3331/3329
f 309/3163/3161 308/3331/3329 332/3164/3162
f 332/3164/3162 308/3331/3329 331/3332/3330
f 332/3164/3162 331/3332/3330 355/3165/3163
f 355/3165/3163 331/3332/3330 354/3333/3331
f 355/3165/3163 354/3333/3331 378/3166/3164
f 378/3166/3164 354/3333/3331 377/3334/3332
f 378/3166/3164 377/3334/3332 401/3167/3165
f 401/3167/3165 377/3334/3332 400/3335/3333
f 401/3167/3165 400/3335/3333 424/3168/3166
f 424/3168/3166 400/3335/3333 423/3336/3334
f 424/3168/3166 423/3336/3334 447/3169/3167
f 447/3169/3167 423/3336/3334 446/3337/3335
f 447/3169/3167 446/3337/3335 470/3170/3168
f 470/3170/3168 446/3337/3335 469/3338/3336
f 470/3170/3168 469/3338/3336 493/3171/3169
f 493/3171/3169 469/3338/3336 492/3339/3337
f 493/3171/3169 492/3339/3337 516/3172/3170
f 516/3172/3170 492/3339/3337 515/3340/3338
f 516/3172/3170 515/3340/3338 539/3173/3171
f 539/3173/3171 515/3340/3338 538/3341/3339
f 539/3173/3171 538/3341/3339 562/3174/3172
f 562/3174/3172 538/3341/3339 561/3342/3340
f 562/3174/3172 561/3342/3340 585/3175/3173
f 585/3175/3173 561/3342/3340 584/3343/3341
f 585/3175/3173 584/3343/3341 608/3176/3174
f 608/3176/3174 584/3343/3341 607/3344/3342
f 608/3176/3174 607/3344/3342 631/3177/3175
f 631/3177/3175 607/3344/3342 630/3345/3343
f 631/3177/3175 630/3345/3343 654/3178/3176
f 654/3178/3176 630/3345/3343 653/3346/3344
f 654/3178/3176 653/3346/3344 677/3179/3177
f 677/3179/3177 653/3346/3344 676/3347/3345
f 677/3179/3177 676/3347/3345 700/3180/3178
f 700/3180/3178 676/3347/3345 699/3348/3346
f 700/3180/3178 699/3348/3346 723/3181/3179
f 723/3181/3179 699/3348/3346 722/3349/3347
f 723/3181/3179 722/3349/3347 746/3182/3180
f 746/3182/3180 722/3349/3347 745/3350/3348
f 746/3182/3180 745/3350/3348 769/3183/3181
f 769/3183/3181 745/3350/3348 768/3351/3349
f 769/3183/3181 768/3351/3349 792/3184/3182
f 792/3184/3182 768/3351/3349 791/3352/3350
f 792/3184/3182 791/3352/3350 815/3185/3183
f 815/3185/3183 791/3352/3350 814/3353/3351
f 815/3185/3183 814/3353/3351 838/3186/3184
f 838/3186/3184 814/3353/3351 837/3354/3352
f 838/3186/3184 837/3354/3352 861/3187/3185
f 861/3187/3185 837/3354/3352 860/3355/3353
f 861/3187/3185 860/3355/3353 884/3188/3186
f 884/3188/3186 860/3355/3353 883/3356/3354
f 884/3188/3186 883/3356/3354 907/3189/3187
f 907/3189/3187 883/3356/3354 906/3357/3355
f 907/3189/3187 906/3357/3355 930/3190/3188
f 930/3190/3188 906/3357/3355 929/3358/3356
f 930/3190/3188 929/3358/3356 953/3191/3189
f 953/3191/3189 929/3358/3356 952/3359/3357
f 953/3191/3189 952/3359/3357 976/3192/3190
f 976/3192/3190 952/3359/3357 975/3360/3358
f 976/3192/3190 975/3360/3358 999/3193/3191
f 999/3193/3191 975/3360/3358 998/3361/3359
f 999/3193/3191 998/3361/3359 1022/3194/3192
f 1022/3194/3192 998/3361/3359 1021/3362/3360
f 1022/3194/3192 1021/3362/3360 1045/3195/3193
f 1045/3195/3193 1021/3362/3360 1044/3363/3361
f 1045/3195/3193 1044/3363/3361 1068/3196/3194
f 1068/3196/3194 1044/3363/3361 1067/3364/3362
f 1068/3196/3194 1067/3364/3362 1091/3197/3195
f 1091/3197/3195 1067/3364/3362 1090/3365/3363
f 1091/3197/3195 1090/3365/3363 1114/3198/3196
f 1114/3198/3196 1090/3365/3363 1113/3366/3364
f 1114/3198/3196 1113/3366/3364 1137/3199/3197
f 1137/3199/3197 1113/3366/3364 1136/3367/3365
f 1137/3199/3197 1136/3367/3365 1160/3200/3198
f 1160/3200/3198 1136/3367/3365 1159/3368/3366
f 1160/3200/3198 1159/3368/3366 1183/3201/3199
f 1183/3201/3199 1159/3368/3366 1182/3369/3367
f 1183/3201/3199 1182/3369/3367 1206/3202/3200
f 1206/3202/3200 1182/3369/3367 1205/3370/3368
f 1206/3202/3200 1205/3370/3368 1229/3203/3201
f 1229/3203/3201 1205/3370/3368 1228/3371/3369
f 1229/3203/3201 1228/3371/3369 1252/3204/3202
f 1252/3204/3202 1228/3371/3369 1251/3372/3370
f 1252/3204/3202 1251/3372/3370 1275/3205/3203
f 1275/3205/3203 1251/3372/3370 1274/3373/3371
f 1275/3205/3203 1274/3373/3371 1298/3206/3204
f 1298/3206/3204 1274/3373/3371 1297/3374/3372
f 1298/3206/3204 1297/3374/3372 1321/3207/3205
f 1321/3207/3205 1297/3374/3372 1320/3375/3373
f 1321/3207/3205 1320/3375/3373 1344/3208/3206
f 1344/3208/3206 1320/3375/3373 1343/3376/3374
f 1344/3208/3206 1343/3376/3374 1367/3209/3207
f 1367/3209/3207 1343/3376/3374 1366/3377/3375
f 1367/3209/3207 1366/3377/3375 1390/3210/3208
f 1390/3210/3208 1366/3377/3375 1389/3378/3376
f 1390/3210/3208 1389/3378/3376 1413/3211/3209
f 1413/3211/3209 1389/3378/3376 1412/3379/3377
f 1413/3211/3209 1412/3379/3377 1436/3212/3210
f 1436/3212/3210 1412/3379/3377 1435/3380/3378
f 1436/3212/3210 1435/3380/3378 1459/3213/3211
f 1459/3213/3211 1435/3380/3378 1458/3381/3379
f 1459/3213/3211 1458/3381/3379 1482/3214/3212
f 1482/3214/3212 1458/3381/3379 1481/3382/3380
f 1482/3214/3212 1481/3382/3380 1505/3215/3213
f 1505/3215/3213 1481/3382/3380 1504/3383/3381
f 1505/3215/3213 1504/3383/3381 1528/3216/3214
f 1528/3216/3214 1504/3383/3381 1527/3384/3382
f 1528/3216/3214 1527/3384/3382 1551/3217/3215
f 1551/3217/3215 1527/3384/3382 1550/3385/3383
f 1551/3217/3215 1550/3385/3383 1574/3218/3216
f 1574/3218/3216 1550/3385/3383 1573/3386/3384
f 1574/3218/3216 1573/3386/3384 1597/3219/3217
f 1597/3219/3217 1573/3386/3384 1596/3387/3385
f 1597/3219/3217 1596/3387/3385 1620/3220/3218
f 1620/3220/3218 1596/3387/3385 1619/3388/3386
f 1620/3220/3218 1619/3388/3386 1643/3221/3219
f 1643/3221/3219 1619/3388/3386 1642/3389/3387
f 1643/3221/3219 1642/3389/3387 1666/3222/3220
f 1666/3222/3220 1642/3389/3387 1665/3390/3388
f 1666/3222/3220 1665/3390/3388 1689/3223/3221
f 1689/3223/3221 1665/3390/3388 1688/3391/3389
f 1689/3223/3221 1688/3391/3389 1712/3224/3222
f 1712/3224/3222 1688/3391/3389 1711/3392/3390
f 1712/3224/3222 1711/3392/3390 1735/3225/3223
f 1735/3225/3223 1711/3392/3390 1734/3393/3391
f 1735/3225/3223 1734/3393/3391 1758/3226/3224
f 1758/3226/3224 1734/3393/3391 1757/3394/3392
f 1758/3226/3224 1757/3394/3392 1781/3227/3225
f 1781/3227/3225 1757/3394/3392 1780/3395/3393
f 1781/3227/3225 1780/3395/3393 1804/3228/3226
f 1804/3228/3226 1780/3395/3393 1803/3396/3394
f 1804/3228/3226 1803/3396/3394 1827/3229/3227
f 1827/3229/3227 1803/3396/3394 1826/3397/3395
f 1827/3229/3227 1826/3397/3395 1850/3230/3228
f 1850/3230/3228 1826/3397/3395 1849/3398/3396
f 1850/3230/3228 1849/3398/3396 1873/3231/3229
f 1873/3231/3229 1849/3398/3396 1872/3399/3397
f 1873/3231/3229 1872/3399/3397 1896/3232/3230
f 1896/3232/3230 1872/3399/3397 1895/3400/3398
f 1896/3232/3230 1895/3400/3398 1919/3233/3231
f 1919/3233/3231 1895/3400/3398 1918/3401/3399
f 1919/3233/3231 1918/3401/3399 1942/3234/3232
f 1942/3234/3232 1918/3401/3399 1941/3402/3400
f 1942/3234/3232 1941/3402/3400 1965/3235/3233
f 1965/3235/3233 1941/3402/3400 1964/3403/3401
f 1965/3235/3233 1964/3403/3401 1988/3236/3234
f 1988/3236/3234 1964/3403/3401 1987/3404/3402
f 1988/3236/3234 1987/3404/3402 2011/3237/3235
f 2011/3237/3235 1987/3404/3402 2010/3405/3403
f 2011/3237/3235 2010/3405/3403 2034/3238/3236
f 2034/3238/3236 2010/3405/3403 2033/3406/3404
f 2034/3238/3236 2033/3406/3404 2057/3239/3237
f 2057/3239/3237 2033/3406/3404 2056/3407/3405
f 2057/3239/3237 2056/3407/3405 2080/3240/3238
f 2080/3240/3238 2056/3407/3405 2079/3408/3406
f 2080/3240/3238 2079/3408/3406 2103/3241/3239
f 2103/3241/3239 2079/3408/3406 2102/3409/3407
f 2103/3241/3239 2102/3409/3407 2126/3242/3240
f 2126/3242/3240 2102/3409/3407 2125/3410/3408
f 2126/3242/3240 2125/3410/3408 2149/3243/3241
f 2149/3243/3241 2125/3410/3408 2148/3411/3409
f 2149/3243/3241 2148/3411/3409 2172/3244/3242
f 2172/3244/3242 2148/3411/3409 2171/3412/3410
f 2172/3244/3242 2171/3412/3410 2195/3245/3243
f 2195/3245/3243 2171/3412/3410 2194/3413/3411
f 2195/3245/3243 2194/3413/3411 2218/3246/3244
f 2218/3246/3244 2194/3413/3411 2217/3414/3412
f 2218/3246/3244 2217/3414/3412 2241/3247/3245
f 2241/3247/3245 2217/3414/3412 2240/3415/3413
f 2241/3247/3245 2240/3415/3413 2264/3248/3246
f 2264/3248/3246 2240/3415/3413 2263/3416/3414
f 2264/3248/3246 2263/3416/3414 2287/3249/3247
f 2287/3249/3247 2263/3416/3414 2286/3417/3415
f 2287/3249/3247 2286/3417/3415 2310/3250/3248
f 2310/3250/3248 2286/3417/3415 2309/3418/3416
f 2310/3250/3248 2309/3418/3416 2333/3251/3249
f 2333/3251/3249 2309/3418/3416 2332/3419/3417
f 2333/3251/3249 2332/3419/3417 2356/3252/3250
f 2356/3252/3250 2332/3419/3417 2355/3420/3418
f 2356/3252/3250 2355/3420/3418 2379/3253/3251
f 2379/3253/3251 2355/3420/3418 2378/3421/3419
f 2379/3253/3251 2378/3421/3419 2402/3254/3252
f 2402/3254/3252 2378/3421/3419 2401/3422/3420
f 2402/3254/3252 2401/3422/3420 2425/3255/3253
f 2425/3255/3253 2401/3422/3420 2424/3423/3421
f 2425/3255/3253 2424/3423/3421 2448/3256/3254
f 2448/3256/3254 2424/3423/3421 2447/3424/3422
f 2448/3256/3254 2447/3424/3422 2471/3257/3255
f 2471/3257/3255 2447/3424/3422 2470/3425/3423
f 2471/3257/3255 2470/3425/3423 2494/3258/3256
f 2494/3258/3256 2470/3425/3423 2493/3426/3424
f 2494/3258/3256 2493/3426/3424 2517/3259/3257
f 2517/3259/3257 2493/3426/3424 2516/3427/3425
f 2517/3259/3257 2516/3427/3425 2540/3260/3258
f 2540/3260/3258 2516/3427/3425 2539/3428/3426
f 2540/3260/3258 2539/3428/3426 2563/3261/3259
f 2563/3261/3259 2539/3428/3426 2562/3429/3427
f 2563/3261/3259 2562/3429/3427 2586/3262/3260
f 2586/3262/3260 2562/3429/3427 2585/3430/3428
f 2586/3262/3260 2585/3430/3428 2609/3263/3261
f 2609/3263/3261 2585/3430/3428 2608/3431/3429
f 2609/3263/3261 2608/3431/3429 2632/3264/3262
f 2632/3264/3262 2608/3431/3429 2631/3432/3430
f 2632/3264/3262 2631/3432/3430 2655/3265/3263
f 2655/3265/3263 2631/3432/3430 2654/3433/3431
f 2655/3265/3263 2654/3433/3431 2678/3266/3264
f 2678/3266/3264 2654/3433/3431 2677/3434/3432
f 2678/3266/3264 2677/3434/3432 2701/3267/3265
f 2701/3267/3265 2677/3434/3432 2700/3435/3433
f 2701/3267/3265 2700/3435/3433 2724/3268/3266
f 2724/3268/3266 2700/3435/3433 2723/3436/3434
f 2724/3268/3266 2723/3436/3434 2747/3269/3267
f 2747/3269/3267 2723/3436/3434 2746/3437/3435
f 2747/3269/3267 2746/3437/3435 2770/3270/3268
f 2770/3270/3268 2746/3437/3435 2769/3438/3436
f 2770/3270/3268 2769/3438/3436 2793/3271/3269
f 2793/3271/3269 2769/3438/3436 2792/3439/3437
f 2793/3271/3269 2792/3439/3437 2816/3272/3270
f 2816/3272/3270 2792/3439/3437 2815/3440/3438
f 2816/3272/3270 2815/3440/3438 2839/3273/3271
f 2839/3273/3271 2815/3440/3438 2838/3441/3439
f 2839/3273/3271 2838/3441/3439 2862/3274/3272
f 2862/3274/3272 2838/3441/3439 2861/3442/3440
f 2862/3274/3272 2861/3442/3440 2885/3275/3273
f 2885/3275/3273 2861/3442/3440 2884/3443/3441
f 2885/3275/3273 2884/3443/3441 2908/3276/3274
f 2908/3276/3274 2884/3443/3441 2907/3444/3442
f 2908/3276/3274 2907/3444/3442 2931/3277/3275
f 2931/3277/3275 2907/3444/3442 2930/3445/3443
f 2931/3277/3275 2930/3445/3443 2954/3278/3276
f 2954/3278/3276 2930/3445/3443 2953/3446/3444
f 2954/3278/3276 2953/3446/3444 2977/3279/3277
f 2977/3279/3277 2953/3446/3444 2976/3447/3445
f 2977/3279/3277 2976/3447/3445 3000/3280/3278
f 3000/3280/3278 2976/3447/3445 2999/3448/3446
f 3000/3280/3278 2999/3448/3446 3023/3281/3279
f 3023/3281/3279 2999/3448/3446 3022/3449/3447
f 3023/3281/3279 3022/3449/3447 3046/3282/3280
f 3046/3282/3280 3022/3449/3447 3045/3450/3448
f 3046/3282/3280 3045/3450/3448 3069/3283/3281
f 3069/3283/3281 3045/3450/3448 3068/3451/3449
f 3069/3283/3281 3068/3451/3449 3092/3284/3282
f 3092/3284/3282 3068/3451/3449 3091/3452/3450
f 3092/3284/3282 3091/3452/3450 3115/3285/3283
f 3115/3285/3283 3091/3452/3450 3114/3453/3451
f 3115/3285/3283 3114/3453/3451 3138/3286/3284
f 3138/3286/3284 3114/3453/3451 3137/3454/3452
f 3138/3286/3284 3137/3454/3452 3161/3287/3285
f 3161/3287/3285 3137/3454/3452 3160/3455/3453
f 3161/3287/3285 3160/3455/3453 3184/3288/3286
f 3184/3288/3286 3160/3455/3453 3183/3456/3454
f 3184/3288/3286 3183/3456/3454 3207/3289/3287
f 3207/3289/3287 3183/3456/3454 3206/3457/3455
f 3207/3289/3287 3206/3457/3455 3230/3290/3288
f 3230/3290/3288 3206/3457/3455 3229/3458/3456
f 3230/3290/3288 3229/3458/3456 3253/3291/3289
f 3253/3291/3289 3229/3458/3456 3252/3459/3457
f 3253/3291/3289 3252/3459/3457 3276/3292/3290
f 3276/3292/3290 3252/3459/3457 3275/3460/3458
f 3276/3292/3290 3275/3460/3458 3299/3293/3291
f 3299/3293/3291 3275/3460/3458 3298/3461/3459
f 3299/3293/3291 3298/3461/3459 3322/3294/3292
f 3322/3294/3292 3298/3461/3459 3321/3462/3460
f 3322/3294/3292 3321/3462/3460 3345/3295/3293
f 3345/3295/3293 3321/3462/3460 3344/3463/3461
f 3345/3295/3293 3344/3463/3461 3368/3296/3294
f 3368/3296/3294 3344/3463/3461 3367/3464/3462
f 3368/3296/3294 3367/3464/3462 3391/3297/3295
f 3391/3297/3295 3367/3464/3462 3390/3465/3463
f 3391/3297/3295 3390/3465/3463 3414/3298/3296
f 3414/3298/3296 3390/3465/3463 3413/3466/3464
f 3414/3298/3296 3413/3466/3464 3437/3299/3297
f 3437/3299/3297 3413/3466/3464 3436/3467/3465
f 3437/3299/3297 3436/3467/3465 3460/3300/3298
f 3460/3300/3298 3436/3467/3465 3459/3468/3466
f 3460/3300/3298 3459/3468/3466 3483/3301/3299
f 3483/3301/3299 3459/3468/3466 3482/3469/3467
f 3483/3301/3299 3482/3469/3467 3506/3302/3300
f 3506/3302/3300 3482/3469/3467 3505/3470/3468
f 3506/3302/3300 3505/3470/3468 3529/3303/3301
f 3529/3303/3301 3505/3470/3468 3528/3471/3469
f 3529/3303/3301 3528/3471/3469 3552/3304/3302
f 3552/3304/3302 3528/3471/3469 3551/3472/3470
f 3552/3304/3302 3551/3472/3470 3575/3305/3303
f 3575/3305/3303 3551/3472/3470 3574/3473/3471
f 3575/3305/3303 3574/3473/3471 3598/3306/3304
f 3598/3306/3304 3574/3473/3471 3597/3474/3472
f 3598/3306/3304 3597/3474/3472 3621/3307/3305
f 3621/3307/3305 3597/3474/3472 3620/3475/3473
f 3621/3307/3305 3620/3475/3473 3644/3308/3306
f 3644/3308/3306 3620/3475/3473 3643/3476/3474
f 3644/3308/3306 3643/3476/3474 3667/3309/3307
f 3667/3309/3307 3643/3476/3474 3666/3477/3475
f 3667/3309/3307 3666/3477/3475 3690/3310/3308
f 3690/3310/3308 3666/3477/3475 3689/3478/3476
f 3690/3310/3308 3689/3478/3476 3713/3311/3309
f 3713/3311/3309 3689/3478/3476 3712/3479/3477
f 3713/3311/3309 3712/3479/3477 3736/3312/3310
f 3736/3312/3310 3712/3479/3477 3735/3480/3478
f 3736/3312/3310 3735/3480/3478 3759/3313/3311
f 3759/3313/3311 3735/3480/3478 3758/3481/3479
f 3759/3313/3311 3758/3481/3479 3782/3314/3312
f 3782/3314/3312 3758/3481/3479 3781/3482/3480
f 3782/3314/3312 3781/3482/3480 3805/3315/3313
f 3805/3315/3313 3781/3482/3480 3804/3483/3481
f 3805/3315/3313 3804/3483/3481 3828/3316/3314
f 3828/3316/3314 3804/3483/3481 3827/3484/3482
f 3828/3316/3314 3827/3484/3482 3851/3317/3315
f 3851/3317/3315 3827/3484/3482 3850/3485/3483
f 3851/3317/3315 3850/3485/3483 3874/3318/3316
f 3874/3318/3316 3850/3485/3483 3873/3486/3484
f 3874/3318/3316 3873/3486/3484 3897/3319/3317
f 3897/3319/3317 3873/3486/3484 3896/3487/3485
f 3897/3319/3317 3896/3487/3485 3920/3320/3318
f 3920/3320/3318 3896/3487/3485 3919/3488/3486
f 3920/3320/3318 3919/3488/3486 3943/3321/3319
f 3943/3321/3319 3919/3488/3486 3942/3489/3487
f 3943/3321/3319 3942/3489/3487 3966/3322/3320
f 3966/3322/3320 3942/3489/3487 3965/3490/3488
f 3966/3322/3320 3965/3490/3488 3989/3323/3321
f 3989/3323/3321 3965/3490/3488 3988/3491/3489
f 3989/3323/3321 3988/3491/3489 4012/3324/3322
f 4012/3324/3322 3988/3491/3489 4011/3492/3490
f 4012/3324/3322 4011/3492/3490 4035/3325/3323
f 4035/3325/3323 4011/3492/3490 4034/3493/3491
f 4035/3325/3323 4034/3493/3491 4058/3326/3324
f 4058/3326/3324 4034/3493/3491 4057/3494/3492
f 4058/3326/3324 4057/3494/3492 4081/3327/3325
f 4081/3327/3325 4057/3494/3492 4080/3495/3493
f 4081/3327/3325 4080/3495/3493 4104/3328/3326
f 4104/3328/3326 4080/3495/3493 4103/3496/3494
f 4104/3328/3326 4103/3496/3494 4127/3329/3327
f 4127/3329/3327 4103/3496/3494 4126/3497/3495
f 4127/3329/3327 4126/3497/3495 4150/628/628
f 4150/628/628 4126/3497/3495 4149/630/630
f 20/3330/3328 21/3498/3496 308/3331/3329
f 308/3331/3329 21/3498/3496 307/3499/3497
f 308/3331/3329 307/3499/3497 331/3332/3330
f 331/3332/3330 307/3499/3497 330/3500/3498
f 331/3332/3330 330/3500/3498 354/3333/3331
f 354/3333/3331 330/3500/3498 353/3501/3499
f 354/3333/3331 353/3501/3499 377/3334/3332
f 377/3334/3332 353/3501/3499 376/3502/3500
f 377/3334/3332 376/3502/3500 400/3335/3333
f 400/3335/3333 376/3502/3500 399/3503/3501
f 400/3335/3333 399/3503/3501 423/3336/3334
f 423/3336/3334 399/3503/3501 422/3504/3502
f 423/3336/3334 422/3504/3502 446/3337/3335
f 446/3337/3335 422/3504/3502 445/3505/3503
f 446/3337/3335 445/3505/3503 469/3338/3336
f 469/3338/3336 445/3505/3503 468/3506/3504
f 469/3338/3336 468/3506/3504 492/3339/3337
f 492/3339/3337 468/3506/3504 491/3507/3505
f 492/3339/3337 491/3507/3505 515/3340/3338
f 515/3340/3338 491/3507/3505 514/3508/3506
f 515/3340/3338 514/3508/3506 538/3341/3339
f 538/3341/3339 514/3508/3506 537/3509/3507
f 538/3341/3339 537/3509/3507 561/3342/3340
f 561/3342/3340 537/3509/3507 560/3510/3508
f 561/3342/3340 560/3510/3508 584/3343/3341
f 584/3343/3341 560/3510/3508 583/3511/3509
f 584/3343/3341 583/3511/3509 607/3344/3342
f 607/3344/3342 583/3511/3509 606/3512/3510
f 607/3344/3342 606/3512/3510 630/3345/3343
f 630/3345/3343 606/3512/3510 629/3513/3511
f 630/3345/3343 629/3513/3511 653/3346/3344
f 653/3346/3344 629/3513/3511 652/3514/3512
f 653/3346/3344 652/3514/3512 676/3347/3345
f 676/3347/3345 652/3514/3512 675/3515/3513
f 676/3347/3345 675/3515/3513 699/3348/3346
f 699/3348/3346 675/3515/3513 698/3516/3514
f 699/3348/3346 698/3516/3514 722/3349/3347
f 722/3349/3347 698/3516/3514 721/3517/3515
f 722/3349/3347 721/3517/3515 745/3350/3348
f 745/3350/3348 721/3517/3515 744/3518/3516
f 745/3350/3348 744/3518/3516 768/3351/3349
f 768/3351/3349 744/3518/3516 767/3519/3517
f 768/3351/3349 767/3519/3517 791/3352/3350
f 791/3352/3350 767/3519/3517 790/3520/3518
f 791/3352/3350 790/3520/3518 814/3353/3351
f 814/3353/3351 790/3520/3518 813/3521/3519
f 814/3353/3351 813/3521/3519 837/3354/3352
f 837/3354/3352 813/3521/3519 836/3522/3520
f 837/3354/3352 836/3522/3520 860/3355/3353
f 860/3355/3353 836/3522/3520 859/3523/3521
f 860/3355/3353 859/3523/3521 883/3356/3354
f 883/3356/3354 859/3523/3521 882/3524/3522
f 883/3356/3354 882/3524/3522 906/3357/3355
f 906/3357/3355 882/3524/3522 905/3525/3523
f 906/3357/3355 905/3525/3523 929/3358/3356
f 929/3358/3356 905/3525/3523 928/3526/3524
f 929/3358/3356 928/3526/3524 952/3359/3357
f 952/3359/3357 928/3526/3524 951/3527/3525
f 952/3359/3357 951/3527/3525 975/3360/3358
f 975/3360/3358 951/3527/3525 974/3528/3526
f 975/3360/3358 974/3528/3526 998/3361/3359
f 998/3361/3359 974/3528/3526 997/3529/3527
f 998/3361/3359 997/3529/3527 1021/3362/3360
f 1021/3362/3360 997/3529/3527 1020/3530/3528
f 1021/3362/3360 1020/3530/3528 1044/3363/3361
f 1044/3363/3361 1020/3530/3528 1043/3531/3529
f 1044/3363/3361 1043/3531/3529 1067/3364/3362
f 1067/3364/3362 1043/3531/3529 1066/3532/3530
f 1067/3364/3362 1066/3532/3530 1090/3365/3363
f 1090/3365/3363 1066/3532/3530 1089/3533/3531
f 1090/3365/3363 1089/3533/3531 1113/3366/3364
f 1113/3366/3364 1089/3533/3531 1112/3534/3532
f 1113/3366/3364 1112/3534/3532 1136/3367/3365
f 1136/3367/3365 1112/3534/3532 1135/3535/3533
f 1136/3367/3365 1135/3535/3533 1159/3368/3366
f 1159/3368/3366 1135/3535/3533 1158/3536/3534
f 1159/3368/3366 1158/3536/3534 1182/3369/3367
f 1182/3369/3367 1158/3536/3534 1181/3537/3535
f 1182/3369/3367 1181/3537/3535 1205/3370/3368
f 1205/3370/3368 1181/3537/3535 1204/3538/3536
f 1205/3370/3368 1204/3538/3536 1228/3371/3369
f 1228/3371/3369 1204/3538/3536 1227/3539/3537
f 1228/3371/3369 1227/3539/3537 1251/3372/3370
f 1251/3372/3370 1227/3539/3537 1250/3540/3538
f 1251/3372/3370 1250/3540/3538 1274/3373/3371
f 1274/3373/3371 1250/3540/3538 1273/3541/3539
f 1274/3373/3371 1273/3541/3539 1297/3374/3372
f 1297/3374/3372 1273/3541/3539 1296/3542/3540
f 1297/3374/3372 1296/3542/3540 1320/3375/3373
f 1320/3375/3373 1296/3542/3540 1319/3543/3541
f 1320/3375/3373 1319/3543/3541 1343/3376/3374
f 1343/3376/3374 1319/3543/3541 1342/3544/3542
f 1343/3376/3374 1342/3544/3542 1366/3377/3375
f 1366/3377/3375 1342/3544/3542 1365/3545/3543
f 1366/3377/3375 1365/3545/3543 1389/3378/3376
f 1389/3378/3376 1365/3545/3543 1388/3546/3544
f 1389/3378/3376 1388/3546/3544 1412/3379/3377
f 1412/3379/3377 1388/3546/3544 1411/3547/3545
f 1412/3379/3377 1411/3547/3545 1435/3380/3378
f 1435/3380/3378 1411/3547/3545 1434/3548/3546
f 1435/3380/3378 1434/3548/3546 1458/3381/3379
f 1458/3381/3379 1434/3548/3546 1457/3549/3547
f 1458/3381/3379 1457/3549/3547 1481/3382/3380
f 1481/3382/3380 1457/3549/3547 1480/3550/3548
f 1481/3382/3380 1480/3550/3548 1504/3383/3381
f 1504/3383/3381 1480/3550/3548 1503/3551/3549
f 1504/3383/3381 1503/3551/3549 1527/3384/3382
f 1527/3384/3382 1503/3551/3549 1526/3552/3550
f 1527/3384/3382 1526/3552/3550 1550/3385/3383
f 1550/3385/3383 1526/3552/3550 1549/3553/3551
f 1550/3385/3383 1549/3553/3551 1573/3386/3384
f 1573/3386/3384 1549/3553/3551 1572/3554/3552
f 1573/3386/3384 1572/3554/3552 1596/3387/3385
f 1596/3387/3385 1572/3554/3552 1595/3555/3553
f 1596/3387/3385 1595/3555/3553 1619/3388/3386
f 1619/3388/3386 1595/3555/3553 1618/3556/3554
f 1619/3388/3386 1618/3556/3554 1642/3389/3387
f 1642/3389/3387 1618/3556/3554 1641/3557/3555
f 1642/3389/3387 1641/3557/3555 1665/3390/3388
f 1665/3390/3388 1641/3557/3555 1664/3558/3556
f 1665/3390/3388 1664/3558/3556 1688/3391/3389
f 1688/3391/3389 1664/3558/3556 1687/3559/3557
f 1688/3391/3389 1687/3559/3557 1711/3392/3390
f 1711/3392/3390 1687/3559/3557 1710/3560/3558
f 1711/3392/3390 1710/3560/3558 1734/3393/3391
f 1734/3393/3391 1710/3560/3558 1733/3561/3559
f 1734/3393/3391 1733/3561/3559 1757/3394/3392
f 1757/3394/3392 1733/3561/3559 1756/3562/3560
f 1757/3394/3392 1756/3562/3560 1780/3395/3393
f 1780/3395/3393 1756/3562/3560 1779/3563/3561
f 1780/3395/3393 1779/3563/3561 1803/3396/3394
f 1803/3396/3394 1779/3563/3561 1802/3564/3562
f 1803/3396/3394 1802/3564/3562 1826/3397/3395
f 1826/3397/3395 1802/3564/3562 1825/3565/3563
f 1826/3397/3395 1825/3565/3563 1849/3398/3396
f 1849/3398/3396 1825/3565/3563 1848/3566/3564
f 1849/3398/3396 1848/3566/3564 1872/3399/3397
f 1872/3399/3397 1848/3566/3564 1871/3567/3565
f 1872/3399/3397 1871/3567/3565 1895/3400/3398
f 1895/3400/3398 1871/3567/3565 1894/3568/3566
f 1895/3400/3398 1894/3568/3566 1918/3401/3399
f 1918/3401/3399 1894/3568/3566 1917/3569/3567
f 1918/3401/3399 1917/3569/3567 1941/3402/3400
f 1941/3402/3400 1917/3569/3567 1940/3570/3568
f 1941/3402/3400 1940/3570/3568 1964/3403/3401
f 1964/3403/3401 1940/3570/3568 1963/3571/3569
f 1964/3403/3401 1963/3571/3569 1987/3404/3402
f 1987/3404/3402 1963/3571/3569 1986/3572/3570
f 1987/3404/3402 1986/3572/3570 2010/3405/3403
f 2010/3405/3403 1986/3572/3570 2009/3573/3571
f 2010/3405/3403 2009/3573/3571 2033/3406/3404
f 2033/3406/3404 2009/3573/3571 2032/3574/3572
f 2033/3406/3404 2032/3574/3572 2056/3407/3405
f 2056/3407/3405 2032/3574/3572 2055/3575/3573
f 2056/3407/3405 2055/3575/3573 2079/3408/3406
f 2079/3408/3406 2055/3575/3573 2078/3576/3574
f 2079/3408/3406 2078/3576/3574 2102/3409/3407
f 2102/3409/3407 2078/3576/3574 2101/3577/3575
f 2102/3409/3407 2101/3577/3575 2125/3410/3408
f 2125/3410/3408 2101/3577/3575 2124/3578/3576
f 2125/3410/3408 2124/3578/3576 2148/3411/3409
f 2148/3411/3409 2124/3578/3576 2147/3579/3577
f 2148/3411/3409 2147/3579/3577 2171/3412/3410
f 2171/3412/3410 2147/3579/3577 2170/3580/3578
f 2171/3412/3410 2170/3580/3578 2194/3413/3411
f 2194/3413/3411 2170/3580/3578 2193/3581/3579
f 2194/3413/3411 2193/3581/3579 2217/3414/3412
f 2217/3414/3412 2193/3581/3579 2216/3582/3580
f 2217/3414/3412 2216/3582/3580 2240/3415/3413
f 2240/3415/3413 2216/3582/3580 2239/3583/3581
f 2240/3415/3413 2239/3583/3581 2263/3416/3414
f 2263/3416/3414 2239/3583/3581 2262/3584/3582
f 2263/3416/3414 2262/3584/3582 2286/3417/3415
f 2286/3417/3415 2262/3584/3582 2285/3585/3583
f 2286/3417/3415 2285/3585/3583 2309/3418/3416
f 2309/3418/3416 2285/3585/3583 2308/3586/3584
f 2309/3418/3416 2308/3586/3584 2332/3419/3417
f 2332/3419/3417 2308/3586/3584 2331/3587/3585
f 2332/3419/3417 2331/3587/3585 2355/3420/3418
f 2355/3420/3418 2331/3587/3585 2354/3588/3586
f 2355/3420/3418 2354/3588/3586 2378/3421/3419
f 2378/3421/3419 2354/3588/3586 2377/3589/3587
f 2378/3421/3419 2377/3589/3587 2401/3422/3420
f 2401/3422/3420 2377/3589/3587 2400/3590/3588
f 2401/3422/3420 2400/3590/3588 2424/3423/3421
f 2424/3423/3421 2400/3590/3588 2423/3591/3589
f 2424/3423/3421 2423/3591/3589 2447/3424/3422
f 2447/3424/3422 2423/3591/3589 2446/3592/3590
f 2447/3424/3422 2446/3592/3590 2470/3425/3423
f 2470/3425/3423 2446/3592/3590 2469/3593/3591
f 2470/3425/3423 2469/3593/3591 2493/3426/3424
f 2493/3426/3424 2469/3593/3591 2492/3594/3592
f 2493/3426/3424 2492/3594/3592 2516/3427/3425
f 2516/3427/3425 2492/3594/3592 2515/3595/3593
f 2516/3427/3425 2515/3595/3593 2539/3428/3426
f 2539/3428/3426 2515/3595/3593 2538/3596/3594
f 2539/3428/3426 2538/3596/3594 2562/3429/3427
f 2562/3429/3427 2538/3596/3594 2561/3597/3595
f 2562/3429/3427 2561/3597/3595 2585/3430/3428
f 2585/3430/3428 2561/3597/3595 2584/3598/3596
f 2585/3430/3428 2584/3598/3596 2608/3431/3429
f 2608/3431/3429 2584/3598/3596 2607/3599/3597
f 2608/3431/3429 2607/3599/3597 2631/3432/3430
f 2631/3432/3430 2607/3599/3597 2630/3600/3598
f 2631/3432/3430 2630/3600/3598 2654/3433/3431
f 2654/3433/3431 2630/3600/3598 2653/3601/3599
f 2654/3433/3431 2653/3601/3599 2677/3434/3432
f 2677/3434/3432 2653/3601/3599 2676/3602/3600
f 2677/3434/3432 2676/3602/3600 2700/3435/3433
f 2700/3435/3433 2676/3602/3600 2699/3603/3601
f 2700/3435/3433 2699/3603/3601 2723/3436/3434
f 2723/3436/3434 2699/3603/3601 2722/3604/3602
f 2723/3436/3434 2722/3604/3602 2746/3437/3435
f 2746/3437/3435 2722/3604/3602 2745/3605/3603
f 2746/3437/3435 2745/3605/3603 2769/3438/3436
f 2769/3438/3436 2745/3605/3603 2768/3606/3604
f 2769/3438/3436 2768/3606/3604 2792/3439/3437
f 2792/3439/3437 2768/3606/3604 2791/3607/3605
f 2792/3439/3437 2791/3607/3605 2815/3440/3438
f 2815/3440/3438 2791/3607/3605 2814/3608/3606
f 2815/3440/3438 2814/3608/3606 2838/3441/3439
f 2838/3441/3439 2814/3608/3606 2837/3609/3607
f 2838/3441/3439 2837/3609/3607 2861/3442/3440
f 2861/3442/3440 2837/3609/3607 2860/3610/3608
f 2861/3442/3440 2860/3610/3608 2884/3443/3441
f 2884/3443/3441 2860/3610/3608 2883/3611/3609
f 2884/3443/3441 2883/3611/3609 2907/3444/3442
f 2907/3444/3442 2883/3611/3609 2906/3612/3610
f 2907/3444/3442 2906/3612/3610 2930/3445/3443
f 2930/3445/3443 2906/3612/3610 2929/3613/3611
f 2930/3445/3443 2929/3613/3611 2953/3446/3444
f 2953/3446/3444 2929/3613/3611 2952/3614/3612
f 2953/3446/3444 2952/3614/3612 2976/3447/3445
f 2976/3447/3445 2952/3614/3612 2975/3615/3613
f 2976/3447/3445 2975/3615/3613 2999/3448/3446
f 2999/3448/3446 2975/3615/3613 2998/3616/3614
f 2999/3448/3446 2998/3616/3614 3022/3449/3447
f 3022/3449/3447 2998/3616/3614 3021/3617/3615
f 3022/3449/3447 3021/3617/3615 3045/3450/3448
f 3045/3450/3448 3021/3617/3615 3044/3618/3616
f 3045/3450/3448 3044/3618/3616 3068/3451/3449
f 3068/3451/3449 3044/3618/3616 3067/3619/3617
f 3068/3451/3449 3067/3619/3617 3091/3452/3450
f 3091/3452/3450 3067/3619/3617 3090/3620/3618
f 3091/3452/3450 3090/3620/3618 3114/3453/3451
f 3114/3453/3451 3090/3620/3618 3113/3621/3619
f 3114/3453/3451 3113/3621/3619 3137/3454/3452
f 3137/3454/3452 3113/3621/3619 3136/3622/3620
f 3137/3454/3452 3136/3622/3620 3160/3455/3453
f 3160/3455/3453 3136/3622/3620 3159/3623/3621
f 3160/3455/3453 3159/3623/3621 3183/3456/3454
f 3183/3456/3454 3159/3623/3621 3182/3624/3622
f 3183/3456/3454 3182/3624/3622 3206/3457/3455
f 3206/3457/3455 3182/3624/3622 3205/3625/3623
f 3206/3457/3455 3205/3625/3623 3229/3458/3456
f 3229/3458/3456 3205/3625/3623 3228/3626/3624
f 3229/3458/3456 3228/3626/3624 3252/3459/3457
f 3252/3459/3457 3228/3626/3624 3251/3627/3625
f 3252/3459/3457 3251/3627/3625 3275/3460/3458
f 3275/3460/3458 3251/3627/3625 3274/3628/3626
f 3275/3460/3458 3274/3628/3626 3298/3461/3459
f 3298/3461/3459 3274/3628/3626 3297/3629/3627
f 3298/3461/3459 3297/3629/3627 3321/3462/3460
f 3321/3462/3460 3297/3629/3627 3320/3630/3628
f 3321/3462/3460 3320/3630/3628 3344/3463/3461
f 3344/3463/3461 3320/3630/3628 3343/3631/3629
f 3344/3463/3461 3343/3631/3629 3367/3464/3462
f 3367/3464/3462 3343/3631/3629 3366/3632/3630
f 3367/3464/3462 3366/3632/3630 3390/3465/3463
f 3390/3465/3463 3366/3632/3630 3389/3633/3631
f 3390/3465/3463 3389/3633/3631 3413/3466/3464
f 3413/3466/3464 3389/3633/3631 3412/3634/3632
f 3413/3466/3464 3412/3634/3632 3436/3467/3465
f 3436/3467/3465 3412/3634/3632 3435/3635/3633
f 3436/3467/3465 3435/3635/3633 3459/3468/3466
f 3459/3468/3466 3435/3635/3633 3458/3636/3634
f 3459/3468/3466 3458/3636/3634 3482/3469/3467
f 3482/3469/3467 3458/3636/3634 3481/3637/3635
f 3482/3469/3467 3481/3637/3635 3505/3470/3468
f 3505/3470/3468 3481/3637/3635 3504/3638/3636
f 3505/3470/3468 3504/3638/3636 3528/3471/3469
f 3528/3471/3469 3504/3638/3636 3527/3639/3637
f 3528/3471/3469 3527/3639/3637 3551/3472/3470
f 3551/3472/3470 3527/3639/3637 3550/3640/3638
f 3551/3472/3470 3550/3640/3638 3574/3473/3471
f 3574/3473/3471 3550/3640/3638 3573/3641/3639
f 3574/3473/3471 3573/3641/3639 3597/3474/3472
f 3597/3474/3472 3573/3641/3639 3596/3642/3640
f 3597/3474/3472 3596/3642/3640 3620/3475/3473
f 3620/3475/3473 3596/3642/3640 3619/3643/3641
f 3620/3475/3473 3619/3643/3641 3643/3476/3474
f 3643/3476/3474 3619/3643/3641 3642/3644/3642
f 3643/3476/3474 3642/3644/3642 3666/3477/3475
f 3666/3477/3475 3642/3644/3642 3665/3645/3643
f 3666/3477/3475 3665/3645/3643 3689/3478/3476
f 3689/3478/3476 3665/3645/3643 3688/3646/3644
f 3689/3478/3476 3688/3646/3644 3712/3479/3477
f 3712/3479/3477 3688/3646/3644 3711/3647/3645
f 3712/3479/3477 3711/3647/3645 3735/3480/3478
f 3735/3480/3478 3711/3647/3645 3734/3648/3646
f 3735/3480/3478 3734/3648/3646 3758/3481/3479
f 3758/3481/3479 3734/3648/3646 3757/3649/3647
f 3758/3481/3479 3757/3649/3647 3781/3482/3480
f 3781/3482/3480 3757/3649/3647 3780/3650/3648
f 3781/3482/3480 3780/3650/3648 3804/3483/3481
f 3804/3483/3481 3780/3650/3648 3803/3651/3649
f 3804/3483/3481 3803/3651/3649 3827/3484/3482
f 3827/3484/3482 3803/3651/3649 3826/3652/3650
f 3827/3484/3482 3826/3652/3650 3850/3485/3483
f 3850/3485/3483 3826/3652/3650 3849/3653/3651
f 3850/3485/3483 3849/3653/3651 3873/3486/3484
f 3873/3486/3484 3849/3653/3651 3872/3654/3652
f 3873/3486/3484 3872/3654/3652 3896/3487/3485
f 3896/3487/3485 3872/3654/3652 3895/3655/3653
f 3896/3487/3485 3895/3655/3653 3919/3488/3486
f 3919/3488/3486 3895/3655/3653 3918/3656/3654
f 3919/3488/3486 3918/3656/3654 3942/3489/3487
f 3942/3489/3487 3918/3656/3654 3941/3657/3655
f 3942/3489/3487 3941/3657/3655 3965/3490/3488
f 3965/3490/3488 3941/3657/3655 3964/3658/3656
f 3965/3490/3488 3964/3658/3656 3988/3491/3489
f 3988/3491/3489 3964/3658/3656 3987/3659/3657
f 3988/3491/3489 3987/3659/3657 4011/3492/3490
f 4011/3492/3490 3987/3659/3657 4010/3660/3658
f 4011/3492/3490 4010/3660/3658 4034/3493/3491
f 4034/3493/3491 4010/3660/3658 4033/3661/3659
f 4034/3493/3491 4033/3661/3659 4057/3494/3492
f 4057/3494/3492 4033/3661/3659 4056/3662/3660
f 4057/3494/3492 4056/3662/3660 4080/3495/3493
f 4080/3495/3493 4056/3662/3660 4079/3663/3661
f 4080/3495/3493 4079/3663/3661 4103/3496/3494
f 4103/3496/3494 4079/3663/3661 4102/3664/3662
f 4103/3496/3494 4102/3664/3662 4126/3497/3495
f 4126/3497/3495 4102/3664/3662 4125/3665/3663
f 4126/3497/3495 4125/3665/3663 4149/630/630
f 4149/630/630 4125/3665/3663 4148/632/632
f 21/3498/3496 22/3666/3664 307/3499/3497
f 307/3499/3497 22/3666/3664 306/3667/3665
f 307/3499/3497 306/3667/3665 330/3500/3498
f 330/3500/3498 306/3667/3665 329/3668/3666
f 330/3500/3498 329/3668/3666 353/3501/3499
f 353/3501/3499 329/3668/3666 352/3669/3667
f 353/3501/3499 352/3669/3667 376/3502/3500
f 376/3502/3500 352/3669/3667 375/3670/3668
f 376/3502/3500 375/3670/3668 399/3503/3501
f 399/3503/3501 375/3670/3668 398/3671/3669
f 399/3503/3501 398/3671/3669 422/3504/3502
f 422/3504/3502 398/3671/3669 421/3672/3670
f 422/3504/3502 421/3672/3670 445/3505/3503
f 445/3505/3503 421/3672/3670 444/3673/3671
f 445/3505/3503 444/3673/3671 468/3506/3504
f 468/3506/3504 444/3673/3671 467/3674/3672
f 468/3506/3504 467/3674/3672 491/3507/3505
f 491/3507/3505 467/3674/3672 490/3675/3673
f 491/3507/3505 490/3675/3673 514/3508/3506
f 514/3508/3506 490/3675/3673 513/3676/3674
f 514/3508/3506 513/3676/3674 537/3509/3507
f 537/3509/3507 513/3676/3674 536/3677/3675
f 537/3509/3507 536/3677/3675 560/3510/3508
f 560/3510/3508 536/3677/3675 559/3678/3676
f 560/3510/3508 559/3678/3676 583/3511/3509
f 583/3511/3509 559/3678/3676 582/3679/3677
f 583/3511/3509 582/3679/3677 606/3512/3510
f 606/3512/3510 582/3679/3677 605/3680/3678
f 606/3512/3510 605/3680/3678 629/3513/3511
f 629/3513/3511 605/3680/3678 628/3681/3679
f 629/3513/3511 628/3681/3679 652/3514/3512
f 652/3514/3512 628/3681/3679 651/3682/3680
f 652/3514/3512 651/3682/3680 675/3515/3513
f 675/3515/3513 651/3682/3680 674/3683/3681
f 675/3515/3513 674/3683/3681 698/3516/3514
f 698/3516/3514 674/3683/3681 697/3684/3682
f 698/3516/3514 697/3684/3682 721/3517/3515
f 721/3517/3515 697/3684/3682 720/3685/3683
f 721/3517/3515 720/3685/3683 744/3518/3516
f 744/3518/3516 720/3685/3683 743/3686/3684
f 744/3518/3516 743/3686/3684 767/3519/3517
f 767/3519/3517 743/3686/3684 766/3687/3685
f 767/3519/3517 766/3687/3685 790/3520/3518
f 790/3520/3518 766/3687/3685 789/3688/3686
f 790/3520/3518 789/3688/3686 813/3521/3519
f 813/3521/3519 789/3688/3686 812/3689/3687
f 813/3521/3519 812/3689/3687 836/3522/3520
f 836/3522/3520 812/3689/3687 835/3690/3688
f 836/3522/3520 835/3690/3688 859/3523/3521
f 859/3523/3521 835/3690/3688 858/3691/3689
f 859/3523/3521 858/3691/3689 882/3524/3522
f 882/3524/3522 858/3691/3689 881/3692/3690
f 882/3524/3522 881/3692/3690 905/3525/3523
f 905/3525/3523 881/3692/3690 904/3693/3691
f 905/3525/3523 904/3693/3691 928/3526/3524
f 928/3526/3524 904/3693/3691 927/3694/3692
f 928/3526/3524 927/3694/3692 951/3527/3525
f 951/3527/3525 927/3694/3692 950/3695/3693
f 951/3527/3525 950/3695/3693 974/3528/3526
f 974/3528/3526 950/3695/3693 973/3696/3694
f 974/3528/3526 973/3696/3694 997/3529/3527
f 997/3529/3527 973/3696/3694 996/3697/3695
f 997/3529/3527 996/3697/3695 1020/3530/3528
f 1020/3530/3528 996/3697/3695 1019/3698/3696
f 1020/3530/3528 1019/3698/3696 1043/3531/3529
f 1043/3531/3529 1019/3698/3696 1042/3699/3697
f 1043/3531/3529 1042/3699/3697 1066/3532/3530
f 1066/3532/3530 1042/3699/3697 1065/3700/3698
f 1066/3532/3530 1065/3700/3698 1089/3533/3531
f 1089/3533/3531 1065/3700/3698 1088/3701/3699
f 1089/3533/3531 1088/3701/3699 1112/3534/3532
f 1112/3534/3532 1088/3701/3699 1111/3702/3700
f 1112/3534/3532 1111/3702/3700 1135/3535/3533
f 1135/3535/3533 1111/3702/3700 1134/3703/3701
f 1135/3535/3533 1134/3703/3701 1158/3536/3534
f 1158/3536/3534 1134/3703/3701 1157/3704/3702
f 1158/3536/3534 1157/3704/3702 1181/3537/3535
f 1181/3537/3535 1157/3704/3702 1180/3705/3703
f 1181/3537/3535 1180/3705/3703 1204/3538/3536
f 1204/3538/3536 1180/3705/3703 1203/3706/3704
f 1204/3538/3536 1203/3706/3704 1227/3539/3537
f 1227/3539/3537 1203/3706/3704 1226/3707/3705
f 1227/3539/3537 1226/3707/3705 1250/3540/3538
f 1250/3540/3538 1226/3707/3705 1249/3708/3706
f 1250/3540/3538 1249/3708/3706 1273/3541/3539
f 1273/3541/3539 1249/3708/3706 1272/3709/3707
f 1273/3541/3539 1272/3709/3707 1296/3542/3540
f 1296/3542/3540 1272/3709/3707 1295/3710/3708
f 1296/3542/3540 1295/3710/3708 1319/3543/3541
f 1319/3543/3541 1295/3710/3708 1318/3711/3709
f 1319/3543/3541 1318/3711/3709 1342/3544/3542
f 1342/3544/3542 1318/3711/3709 1341/3712/3710
f 1342/3544/3542 1341/3712/3710 1365/3545/3543
f 1365/3545/3543 1341/3712/3710 1364/3713/3711
f 1365/3545/3543 1364/3713/3711 1388/3546/3544
f 1388/3546/3544 1364/3713/3711 1387/3714/3712
f 1388/3546/3544 1387/3714/3712 1411/3547/3545
f 1411/3547/3545 1387/3714/3712 1410/3715/3713
f 1411/3547/3545 1410/3715/3713 1434/3548/3546
f 1434/3548/3546 1410/3715/3713 1433/3716/3714
f 1434/3548/3546 1433/3716/3714 1457/3549/3547
f 1457/3549/3547 1433/3716/3714 1456/3717/3715
f 1457/3549/3547 1456/3717/3715 1480/3550/3548
f 1480/3550/3548 1456/3717/3715 1479/3718/3716
f 1480/3550/3548 1479/3718/3716 1503/3551/3549
f 1503/3551/3549 1479/3718/3716 1502/3719/3717
f 1503/3551/3549 1502/3719/3717 1526/3552/3550
f 1526/3552/3550 1502/3719/3717 1525/3720/3718
f 1526/3552/3550 1525/3720/3718 1549/3553/3551
f 1549/3553/3551 1525/3720/3718 1548/3721/3719
f 1549/3553/3551 1548/3721/3719 1572/3554/3552
f 1572/3554/3552 1548/3721/3719 1571/3722/3720
f 1572/3554/3552 1571/3722/3720 1595/3555/3553
f 1595/3555/3553 1571/3722/3720 1594/3723/3721
f 1595/3555/3553 1594/3723/3721 1618/3556/3554
f 1618/3556/3554 1594/3723/3721 1617/3724/3722
f 1618/3556/3554 1617/3724/3722 1641/3557/3555
f 1641/3557/3555 1617/3724/3722 1640/3725/3723
f 1641/3557/3555 1640/3725/3723 1664/3558/3556
f 1664/3558/3556 1640/3725/3723 1663/3726/3724
f 1664/3558/3556 1663/3726/3724 1687/3559/3557
f 1687/3559/3557 1663/3726/3724 1686/3727/3725
f 1687/3559/3557 1686/3727/3725 1710/3560/3558
f 1710/3560/3558 1686/3727/3725 1709/3728/3726
f 1710/3560/3558 1709/3728/3726 1733/3561/3559
f 1733/3561/3559 1709/3728/3726 1732/3729/3727
f 1733/3561/3559 1732/3729/3727 1756/3562/3560
f 1756/3562/3560 1732/3729/3727 1755/3730/3728
f 1756/3562/3560 1755/3730/3728 1779/3563/3561
f 1779/3563/3561 1755/3730/3728 1778/3731/3729
f 1779/3563/3561 1778/3731/3729 1802/3564/3562
f 1802/3564/3562 1778/3731/3729 1801/3732/3730
f 1802/3564/3562 1801/3732/3730 1825/3565/3563
f 1825/3565/3563 1801/3732/3730 1824/3733/3731
f 1825/3565/3563 1824/3733/3731 1848/3566/3564
f 1848/3566/3564 1824/3733/3731 1847/3734/3732
f 1848/3566/3564 1847/3734/3732 1871/3567/3565
f 1871/3567/3565 1847/3734/3732 1870/3735/3733
f 1871/3567/3565 1870/3735/3733 1894/3568/3566
f 1894/3568/3566 1870/3735/3733 1893/3736/3734
f 1894/3568/3566 1893/3736/3734 1917/3569/3567
f 1917/3569/3567 1893/3736/3734 1916/3737/3735
f 1917/3569/3567 1916/3737/3735 1940/3570/3568
f 1940/3570/3568 1916/3737/3735 1939/3738/3736
f 1940/3570/3568 1939/3738/3736 1963/3571/3569
f 1963/3571/3569 1939/3738/3736 1962/3739/3737
f 1963/3571/3569 1962/3739/3737 1986/3572/3570
f 1986/3572/3570 1962/3739/3737 1985/3740/3738
f 1986/3572/3570 1985/3740/3738 2009/3573/3571
f 2009/3573/3571 1985/3740/3738 2008/3741/3739
f 2009/3573/3571 2008/3741/3739 2032/3574/3572
f 2032/3574/3572 2008/3741/3739 2031/3742/3740
f 2032/3574/3572 2031/3742/3740 2055/3575/3573
f 2055/3575/3573 2031/3742/3740 2054/3743/3741
f 2055/3575/3573 2054/3743/3741 2078/3576/3574
f 2078/3576/3574 2054/3743/3741 2077/3744/3742
f 2078/3576/3574 2077/3744/3742 2101/3577/3575
f 2101/3577/3575 2077/3744/3742 2100/3745/3743
f 2101/3577/3575 2100/3745/3743 2124/3578/3576
f 2124/3578/3576 2100/3745/3743 2123/3746/3744
f 2124/3578/3576 2123/3746/3744 2147/3579/3577
f 2147/3579/3577 2123/3746/3744 2146/3747/3745
f 2147/3579/3577 2146/3747/3745 2170/3580/3578
f 2170/3580/3578 2146/3747/3745 2169/3748/3746
f 2170/3580/3578 2169/3748/3746 2193/3581/3579
f 2193/3581/3579 2169/3748/3746 2192/3749/3747
f 2193/3581/3579 2192/3749/3747 2216/3582/3580
f 2216/3582/3580 2192/3749/3747 2215/3750/3748
f 2216/3582/3580 2215/3750/3748 2239/3583/3581
f 2239/3583/3581 2215/3750/3748 2238/3751/3749
f 2239/3583/3581 2238/3751/3749 2262/3584/3582
f 2262/3584/3582 2238/3751/3749 2261/3752/3750
f 2262/3584/3582 2261/3752/3750 2285/3585/3583
f 2285/3585/3583 2261/3752/3750 2284/3753/3751
f 2285/3585/3583 2284/3753/3751 2308/3586/3584
f 2308/3586/3584 2284/3753/3751 2307/3754/3752
f 2308/3586/3584 2307/3754/3752 2331/3587/3585
f 2331/3587/3585 2307/3754/3752 2330/3755/3753
f 2331/3587/3585 2330/3755/3753 2354/3588/3586
f 2354/3588/3586 2330/3755/3753 2353/3756/3754
f 2354/3588/3586 2353/3756/3754 2377/3589/3587
f 2377/3589/3587 2353/3756/3754 2376/3757/3755
f 2377/3589/3587 2376/3757/3755 2400/3590/3588
f 2400/3590/3588 2376/3757/3755 2399/3758/3756
f 2400/3590/3588 2399/3758/3756 2423/3591/3589
f 2423/3591/3589 2399/3758/3756 2422/3759/3757
f 2423/3591/3589 2422/3759/3757 2446/3592/3590
f 2446/3592/3590 2422/3759/3757 2445/3760/3758
f 2446/3592/3590 2445/3760/3758 2469/3593/3591
f 2469/3593/3591 2445/3760/3758 2468/3761/3759
f 2469/3593/3591 2468/3761/3759 2492/3594/3592
f 2492/3594/3592 2468/3761/3759 2491/3762/3760
f 2492/3594/3592 2491/3762/3760 2515/3595/3593
f 2515/3595/3593 2491/3762/3760 2514/3763/3761
f 2515/3595/3593 2514/3763/3761 2538/3596/3594
f 2538/3596/3594 2514/3763/3761 2537/3764/3762
f 2538/3596/3594 2537/3764/3762 2561/3597/3595
f 2561/3597/3595 2537/3764/3762 2560/3765/3763
f 2561/3597/3595 2560/3765/3763 2584/3598/3596
f 2584/3598/3596 2560/3765/3763 2583/3766/3764
f 2584/3598/3596 2583/3766/3764 2607/3599/3597
f 2607/3599/3597 2583/3766/3764 2606/3767/3765
f 2607/3599/3597 2606/3767/3765 2630/3600/3598
f 2630/3600/3598 2606/3767/3765 2629/3768/3766
f 2630/3600/3598 2629/3768/3766 2653/3601/3599
f 2653/3601/3599 2629/3768/3766 2652/3769/3767
f 2653/3601/3599 2652/3769/3767 2676/3602/3600
f 2676/3602/3600 2652/3769/3767 2675/3770/3768
f 2676/3602/3600 2675/3770/3768 2699/3603/3601
f 2699/3603/3601 2675/3770/3768 2698/3771/3769
f 2699/3603/3601 2698/3771/3769 2722/3604/3602
f 2722/3604/3602 2698/3771/3769 2721/3772/3770
f 2722/3604/3602 2721/3772/3770 2745/3605/3603
f 2745/3605/3603 2721/3772/3770 2744/3773/3771
f 2745/3605/3603 2744/3773/3771 2768/3606/3604
f 2768/3606/3604 2744/3773/3771 2767/3774/3772
f 2768/3606/3604 2767/3774/3772 2791/3607/3605
f 2791/3607/3605 2767/3774/3772 2790/3775/3773
f 2791/3607/3605 2790/3775/3773 2814/3608/3606
f 2814/3608/3606 2790/3775/3773 2813/3776/3774
f 2814/3608/3606 2813/3776/3774 2837/3609/3607
f 2837/3609/3607 2813/3776/3774 2836/3777/3775
f 2837/3609/3607 2836/3777/3775 2860/3610/3608
f 2860/3610/3608 2836/3777/3775 2859/3778/3776
f 2860/3610/3608 2859/3778/3776 2883/3611/3609
f 2883/3611/3609 2859/3778/3776 2882/3779/3777
f 2883/3611/3609 2882/3779/3777 2906/3612/3610
f 2906/3612/3610 2882/3779/3777 2905/3780/3778
f 2906/3612/3610 2905/3780/3778 2929/3613/3611
f 2929/3613/3611 2905/3780/3778 2928/3781/3779
f 2929/3613/3611 2928/3781/3779 2952/3614/3612
f 2952/3614/3612 2928/3781/3779 2951/3782/3780
f 2952/3614/3612 2951/3782/3780 2975/3615/3613
f 2975/3615/3613 2951/3782/3780 2974/3783/3781
f 2975/3615/3613 2974/3783/3781 2998/3616/3614
f 2998/3616/3614 2974/3783/3781 2997/3784/3782
f 2998/3616/3614 2997/3784/3782 3021/3617/3615
f 3021/3617/3615 2997/3784/3782 3020/3785/3783
f 3021/3617/3615 3020/3785/3783 3044/3618/3616
f 3044/3618/3616 3020/3785/3783 3043/3786/3784
f 3044/3618/3616 3043/3786/3784 3067/3619/3617
f 3067/3619/3617 3043/3786/3784 3066/3787/3785
f 3067/3619/3617 3066/3787/3785 3090/3620/3618
f 3090/3620/3618 3066/3787/3785 3089/3788/3786
f 3090/3620/3618 3089/3788/3786 3113/3621/3619
f 3113/3621/3619 3089/3788/3786 3112/3789/3787
f 3113/3621/3619 3112/3789/3787 3136/3622/3620
f 3136/3622/3620 3112/3789/3787 3135/3790/3788
f 3136/3622/3620 3135/3790/3788 3159/3623/3621
f 3159/3623/3621 3135/3790/3788 3158/3791/3789
f 3159/3623/3621 3158/3791/3789 3182/3624/3622
f 3182/3624/3622 3158/3791/3789 3181/3792/3790
f 3182/3624/3622 3181/3792/3790 3205/3625/3623
f 3205/3625/3623 3181/3792/3790 3204/3793/3791
f 3205/3625/3623 3204/3793/3791 3228/3626/3624
f 3228/3626/3624 3204/3793/3791 3227/3794/3792
f 3228/3626/3624 3227/3794/3792 3251/3627/3625
f 3251/3627/3625 3227/3794/3792 3250/3795/3793
f 3251/3627/3625 3250/3795/3793 3274/3628/3626
f 3274/3628/3626 3250/3795/3793 3273/3796/3794
f 3274/3628/3626 3273/3796/3794 3297/3629/3627
f 3297/3629/3627 3273/3796/3794 3296/3797/3795
f 3297/3629/3627 3296/3797/3795 3320/3630/3628
f 3320/3630/3628 3296/3797/3795 3319/3798/3796
f 3320/3630/3628 3319/3798/3796 3343/3631/3629
f 3343/3631/3629 3319/3798/3796 3342/3799/3797
f 3343/3631/3629 3342/3799/3797 3366/3632/3630
f 3366/3632/3630 3342/3799/3797 3365/3800/3798
f 3366/3632/3630 3365/3800/3798 3389/3633/3631
f 3389/3633/3631 3365/3800/3798 3388/3801/3799
f 3389/3633/3631 3388/3801/3799 3412/3634/3632
f 3412/3634/3632 3388/3801/3799 3411/3802/3800
f 3412/3634/3632 3411/3802/3800 3435/3635/3633
f 3435/3635/3633 3411/3802/3800 3434/3803/3801
f 3435/3635/3633 3434/3803/3801 3458/3636/3634
f 3458/3636/3634 3434/3803/3801 3457/3804/3802
f 3458/3636/3634 3457/3804/3802 3481/3637/3635
f 3481/3637/3635 3457/3804/3802 3480/3805/3803
f 3481/3637/3635 3480/3805/3803 3504/3638/3636
f 3504/3638/3636 3480/3805/3803 3503/3806/3804
f 3504/3638/3636 3503/3806/3804 3527/3639/3637
f 3527/3639/3637 3503/3806/3804 3526/3807/3805
f 3527/3639/3637 3526/3807/3805 3550/3640/3638
f 3550/3640/3638 3526/3807/3805 3549/3808/3806
f 3550/3640/3638 3549/3808/3806 3573/3641/3639
f 3573/3641/3639 3549/3808/3806 3572/3809/3807
f 3573/3641/3639 3572/3809/3807 3596/3642/3640
f 3596/3642/3640 3572/3809/3807 3595/3810/3808
f 3596/3642/3640 3595/3810/3808 3619/3643/3641
f 3619/3643/3641 3595/3810/3808 3618/3811/3809
f 3619/3643/3641 3618/3811/3809 3642/3644/3642
f 3642/3644/3642 3618/3811/3809 3641/3812/3810
f 3642/3644/3642 3641/3812/3810 3665/3645/3643
f 3665/3645/3643 3641/3812/3810 3664/3813/3811
f 3665/3645/3643 3664/3813/3811 3688/3646/3644
f 3688/3646/3644 3664/3813/3811 3687/3814/3812
f 3688/3646/3644 3687/3814/3812 3711/3647/3645
f 3711/3647/3645 3687/3814/3812 3710/3815/3813
f 3711/3647/3645 3710/3815/3813 3734/3648/3646
f 3734/3648/3646 3710/3815/3813 3733/3816/3814
f 3734/3648/3646 3733/3816/3814 3757/3649/3647
f 3757/3649/3647 3733/3816/3814 3756/3817/3815
f 3757/3649/3647 3756/3817/3815 3780/3650/3648
f 3780/3650/3648 3756/3817/3815 3779/3818/3816
f 3780/3650/3648 3779/3818/3816 3803/3651/3649
f 3803/3651/3649 3779/3818/3816 3802/3819/3817
f 3803/3651/3649 3802/3819/3817 3826/3652/3650
f 3826/3652/3650 3802/3819/3817 3825/3820/3818
f 3826/3652/3650 3825/3820/3818 3849/3653/3651
f 3849/3653/3651 3825/3820/3818 3848/3821/3819
f 3849/3653/3651 3848/3821/3819 3872/3654/3652
f 3872/3654/3652 3848/3821/3819 3871/3822/3820
f 3872/3654/3652 3871/3822/3820 3895/3655/3653
f 3895/3655/3653 3871/3822/3820 3894/3823/3821
f 3895/3655/3653 3894/3823/3821 3918/3656/3654
f 3918/3656/3654 3894/3823/3821 3917/3824/3822
f 3918/3656/3654 3917/3824/3822 3941/3657/3655
f 3941/3657/3655 3917/3824/3822 3940/3825/3823
f 3941/3657/3655 3940/3825/3823 3964/3658/3656
f 3964/3658/3656 3940/3825/3823 3963/3826/3824
f 3964/3658/3656 3963/3826/3824 3987/3659/3657
f 3987/3659/3657 3963/3826/3824 3986/3827/3825
f 3987/3659/3657 3986/3827/3825 4010/3660/3658
f 4010/3660/3658 3986/3827/3825 4009/3828/3826
f 4010/3660/3658 4009/3828/3826 4033/3661/3659
f 4033/3661/3659 4009/3828/3826 4032/3829/3827
f 4033/3661/3659 4032/3829/3827 4056/3662/3660
f 4056/3662/3660 4032/3829/3827 4055/3830/3828
f 4056/3662/3660 4055/3830/3828 4079/3663/3661
f 4079/3663/3661 4055/3830/3828 4078/3831/3829
f 4079/3663/3661 4078/3831/3829 4102/3664/3662
f 4102/3664/3662 4078/3831/3829 4101/3832/3830
f 4102/3664/3662 4101/3832/3830 4125/3665/3663
f 4125/3665/3663 4101/3832/3830 4124/3833/3831
f 4125/3665/3663 4124/3833/3831 4148/632/632
f 4148/632/632 4124/3833/3831 4147/634/634
f 22/3666/3664 23/3834/3832 306/3667/3665
f 306/3667/3665 23/3834/3832 305/3835/3833
f 306/3667/3665 305/3835/3833 329/3668/3666
f 329/3668/3666 305/3835/3833 328/3836/3834
f 329/3668/3666 328/3836/3834 352/3669/3667
f 352/3669/3667 328/3836/3834 351/3837/3835
f 352/3669/3667 351/3837/3835 375/3670/3668
f 375/3670/3668 351/3837/3835 374/3838/3836
f 375/3670/3668 374/3838/3836 398/3671/3669
f 398/3671/3669 374/3838/3836 397/3839/3837
f 398/3671/3669 397/3839/3837 421/3672/3670
f 421/3672/3670 397/3839/3837 420/3840/3838
f 421/3672/3670 420/3840/3838 444/3673/3671
f 444/3673/3671 420/3840/3838 443/3841/3839
f 444/3673/3671 443/3841/3839 467/3674/3672
f 467/3674/3672 443/3841/3839 466/3842/3840
f 467/3674/3672 466/3842/3840 490/3675/3673
f 490/3675/3673 466/3842/3840 489/3843/3841
f 490/3675/3673 489/3843/3841 513/3676/3674
f 513/3676/3674 489/3843/3841 512/3844/3842
f 513/3676/3674 512/3844/3842 536/3677/3675
f 536/3677/3675 512/3844/3842 535/3845/3843
f 536/3677/3675 535/3845/3843 559/3678/3676
f 559/3678/3676 535/3845/3843 558/3846/3844
f 559/3678/3676 558/3846/3844 582/3679/3677
f 582/3679/3677 558/3846/3844 581/3847/3845
f 582/3679/3677 581/3847/3845 605/3680/3678
f 605/3680/3678 581/3847/3845 604/3848/3846
f 605/3680/3678 604/3848/3846 628/3681/3679
f 628/3681/3679 604/3848/3846 627/3849/3847
f 628/3681/3679 627/3849/3847 651/3682/3680
f 651/3682/3680 627/3849/3847 650/3850/3848
f 651/3682/3680 650/3850/3848 674/3683/3681
f 674/3683/3681 650/3850/3848 673/3851/3849
f 674/3683/3681 673/3851/3849 697/3684/3682
f 697/3684/3682 673/3851/3849 696/3852/3850
f 697/3684/3682 696/3852/3850 720/3685/3683
f 720/3685/3683 696/3852/3850 719/3853/3851
f 720/3685/3683 719/3853/3851 743/3686/3684
f 743/3686/3684 719/3853/3851 742/3854/3852
f 743/3686/3684 742/3854/3852 766/3687/3685
f 766/3687/3685 742/3854/3852 765/3855/3853
f 766/3687/3685 765/3855/3853 789/3688/3686
f 789/3688/3686 765/3855/3853 788/3856/3854
f 789/3688/3686 788/3856/3854 812/3689/3687
f 812/3689/3687 788/3856/3854 811/3857/3855
f 812/3689/3687 811/3857/3855 835/3690/3688
f 835/3690/3688 811/3857/3855 834/3858/3856
f 835/3690/3688 834/3858/3856 858/3691/3689
f 858/3691/3689 834/3858/3856 857/3859/3857
f 858/3691/3689 857/3859/3857 881/3692/3690
f 881/3692/3690 857/3859/3857 880/3860/3858
f 881/3692/3690 880/3860/3858 904/3693/3691
f 904/3693/3691 880/3860/3858 903/3861/3859
f 904/3693/3691 903/3861/3859 927/3694/3692
f 927/3694/3692 903/3861/3859 926/3862/3860
f 927/3694/3692 926/3862/3860 950/3695/3693
f 950/3695/3693 926/3862/3860 949/3863/3861
f 950/3695/3693 949/3863/3861 973/3696/3694
f 973/3696/3694 949/3863/3861 972/3864/3862
f 973/3696/3694 972/3864/3862 996/3697/3695
f 996/3697/3695 972/3864/3862 995/3865/3863
f 996/3697/3695 995/3865/3863 1019/3698/3696
f 1019/3698/3696 995/3865/3863 1018/3866/3864
f 1019/3698/3696 1018/3866/3864 1042/3699/3697
f 1042/3699/3697 1018/3866/3864 1041/3867/3865
f 1042/3699/3697 1041/3867/3865 1065/3700/3698
f 1065/3700/3698 1041/3867/3865 1064/3868/3866
f 1065/3700/3698 1064/3868/3866 1088/3701/3699
f 1088/3701/3699 1064/3868/3866 1087/3869/3867
f 1088/3701/3699 1087/3869/3867 1111/3702/3700
f 1111/3702/3700 1087/3869/3867 1110/3870/3868
f 1111/3702/3700 1110/3870/3868 1134/3703/3701
f 1134/3703/3701 1110/3870/3868 1133/3871/3869
f 1134/3703/3701 1133/3871/3869 1157/3704/3702
f 1157/3704/3702 1133/3871/3869 1156/3872/3870
f 1157/3704/3702 1156/3872/3870 1180/3705/3703
f 1180/3705/3703 1156/3872/3870 1179/3873/3871
f 1180/3705/3703 1179/3873/3871 1203/3706/3704
f 1203/3706/3704 1179/3873/3871 1202/3874/3872
f 1203/3706/3704 1202/3874/3872 1226/3707/3705
f 1226/3707/3705 1202/3874/3872 1225/3875/3873
f 1226/3707/3705 1225/3875/3873 1249/3708/3706
f 1249/3708/3706 1225/3875/3873 1248/3876/3874
f 1249/3708/3706 1248/3876/3874 1272/3709/3707
f 1272/3709/3707 1248/3876/3874 1271/3877/3875
f 1272/3709/3707 1271/3877/3875 1295/3710/3708
f 1295/3710/3708 1271/3877/3875 1294/3878/3876
f 1295/3710/3708 1294/3878/3876 1318/3711/3709
f 1318/3711/3709 1294/3878/3876 1317/3879/3877
f 1318/3711/3709 1317/3879/3877 1341/3712/3710
f 1341/3712/3710 1317/3879/3877 1340/3880/3878
f 1341/3712/3710 1340/3880/3878 1364/3713/3711
f 1364/3713/3711 1340/3880/3878 1363/3881/3879
f 1364/3713/3711 1363/3881/3879 1387/3714/3712
f 1387/3714/3712 1363/3881/3879 1386/3882/3880
f 1387/3714/3712 1386/3882/3880 1410/3715/3713
f 1410/3715/3713 1386/3882/3880 1409/3883/3881
f 1410/3715/3713 1409/3883/3881 1433/3716/3714
f 1433/3716/3714 1409/3883/3881 1432/3884/3882
f 1433/3716/3714 1432/3884/3882 1456/3717/3715
f 1456/3717/3715 1432/3884/3882 1455/3885/3883
f 1456/3717/3715 1455/3885/3883 1479/3718/3716
f 1479/3718/3716 1455/3885/3883 1478/3886/3884
f 1479/3718/3716 1478/3886/3884 1502/3719/3717
f 1502/3719/3717 1478/3886/3884 1501/3887/3885
f 1502/3719/3717 1501/3887/3885 1525/3720/3718
f 1525/3720/3718 1501/3887/3885 1524/3888/3886
f 1525/3720/3718 1524/3888/3886 1548/3721/3719
f 1548/3721/3719 1524/3888/3886 1547/3889/3887
f 1548/3721/3719 1547/3889/3887 1571/3722/3720
f 1571/3722/3720 1547/3889/3887 1570/3890/3888
f 1571/3722/3720 1570/3890/3888 1594/3723/3721
f 1594/3723/3721 1570/3890/3888 1593/3891/3889
f 1594/3723/3721 1593/3891/3889 1617/3724/3722
f 1617/3724/3722 1593/3891/3889 1616/3892/3890
f 1617/3724/3722 1616/3892/3890 1640/3725/3723
f 1640/3725/3723 1616/3892/3890 1639/3893/3891
f 1640/3725/3723 1639/3893/3891 1663/3726/3724
f 1663/3726/3724 1639/3893/3891 1662/3894/3892
f 1663/3726/3724 1662/3894/3892 1686/3727/3725
f 1686/3727/3725 1662/3894/3892 1685/3895/3893
f 1686/3727/3725 1685/3895/3893 1709/3728/3726
f 1709/3728/3726 1685/3895/3893 1708/3896/3894
f 1709/3728/3726 1708/3896/3894 1732/3729/3727
f 1732/3729/3727 1708/3896/3894 1731/3897/3895
f 1732/3729/3727 1731/3897/3895 1755/3730/3728
f 1755/3730/3728 1731/3897/3895 1754/3898/3896
f 1755/3730/3728 1754/3898/3896 1778/3731/3729
f 1778/3731/3729 1754/3898/3896 1777/3899/3897
f 1778/3731/3729 1777/3899/3897 1801/3732/3730
f 1801/3732/3730 1777/3899/3897 1800/3900/3898
f 1801/3732/3730 1800/3900/3898 1824/3733/3731
f 1824/3733/3731 1800/3900/3898 1823/3901/3899
f 1824/3733/3731 1823/3901/3899 1847/3734/3732
f 1847/3734/3732 1823/3901/3899 1846/3902/3900
f 1847/3734/3732 1846/3902/3900 1870/3735/3733
f 1870/3735/3733 1846/3902/3900 1869/3903/3901
f 1870/3735/3733 1869/3903/3901 1893/3736/3734
f 1893/3736/3734 1869/3903/3901 1892/3904/3902
f 1893/3736/3734 1892/3904/3902 1916/3737/3735
f 1916/3737/3735 1892/3904/3902 1915/3905/3903
f 1916/3737/3735 1915/3905/3903 1939/3738/3736
f 1939/3738/3736 1915/3905/3903 1938/3906/3904
f 1939/3738/3736 1938/3906/3904 1962/3739/3737
f 1962/3739/3737 1938/3906/3904 1961/3907/3905
f 1962/3739/3737 1961/3907/3905 1985/3740/3738
f 1985/3740/3738 1961/3907/3905 1984/3908/3906
f 1985/3740/3738 1984/3908/3906 2008/3741/3739
f 2008/3741/3739 1984/3908/3906 2007/3909/3907
f 2008/3741/3739 2007/3909/3907 2031/3742/3740
f 2031/3742/3740 2007/3909/3907 2030/3910/3908
f 2031/3742/3740 2030/3910/3908 2054/3743/3741
f 2054/3743/3741 2030/3910/3908 2053/3911/3909
f 2054/3743/3741 2053/3911/3909 2077/3744/3742
f 2077/3744/3742 2053/3911/3909 2076/3912/3910
f 2077/3744/3742 2076/3912/3910 2100/3745/3743
f 2100/3745/3743 2076/3912/3910 2099/3913/3911
f 2100/3745/3743 2099/3913/3911 2123/3746/3744
f 2123/3746/3744 2099/3913/3911 2122/3914/3912
f 2123/3746/3744 2122/3914/3912 2146/3747/3745
f 2146/3747/3745 2122/3914/3912 2145/3915/3913
f 2146/3747/3745 2145/3915/3913 2169/3748/3746
f 2169/3748/3746 2145/3915/3913 2168/3916/3914
f 2169/3748/3746 2168/3916/3914 2192/3749/3747
f 2192/3749/3747 2168/3916/3914 2191/3917/3915
f 2192/3749/3747 2191/3917/3915 2215/3750/3748
f 2215/3750/3748 2191/3917/3915 2214/3918/3916
f 2215/3750/3748 2214/3918/3916 2238/3751/3749
f 2238/3751/3749 2214/3918/3916 2237/3919/3917
f 2238/3751/3749 2237/3919/3917 2261/3752/3750
f 2261/3752/3750 2237/3919/3917 2260/3920/3918
f 2261/3752/3750 2260/3920/3918 2284/3753/3751
f 2284/3753/3751 2260/3920/3918 2283/3921/3919
f 2284/3753/3751 2283/3921/3919 2307/3754/3752
f 2307/3754/3752 2283/3921/3919 2306/3922/3920
f 2307/3754/3752 2306/3922/3920 2330/3755/3753
f 2330/3755/3753 2306/3922/3920 2329/3923/3921
f 2330/3755/3753 2329/3923/3921 2353/3756/3754
f 2353/3756/3754 2329/3923/3921 2352/3924/3922
f 2353/3756/3754 2352/3924/3922 2376/3757/3755
f 2376/3757/3755 2352/3924/3922 2375/3925/3923
f 2376/3757/3755 2375/3925/3923 2399/3758/3756
f 2399/3758/3756 2375/3925/3923 2398/3926/3924
f 2399/3758/3756 2398/3926/3924 2422/3759/3757
f 2422/3759/3757 2398/3926/3924 2421/3927/3925
f 2422/3759/3757 2421/3927/3925 2445/3760/3758
f 2445/3760/3758 2421/3927/3925 2444/3928/3926
f 2445/3760/3758 2444/3928/3926 2468/3761/3759
f 2468/3761/3759 2444/3928/3926 2467/3929/3927
f 2468/3761/3759 2467/3929/3927 2491/3762/3760
f 2491/3762/3760 2467/3929/3927 2490/3930/3928
f 2491/3762/3760 2490/3930/3928 2514/3763/3761
f 2514/3763/3761 2490/3930/3928 2513/3931/3929
f 2514/3763/3761 2513/3931/3929 2537/3764/3762
f 2537/3764/3762 2513/3931/3929 2536/3932/3930
f 2537/3764/3762 2536/3932/3930 2560/3765/3763
f 2560/3765/3763 2536/3932/3930 2559/3933/3931
f 2560/3765/3763 2559/3933/3931 2583/3766/3764
f 2583/3766/3764 2559/3933/3931 2582/3934/3932
f 2583/3766/3764 2582/3934/3932 2606/3767/3765
f 2606/3767/3765 2582/3934/3932 2605/3935/3933
f 2606/3767/3765 2605/3935/3933 2629/3768/3766
f 2629/3768/3766 2605/3935/3933 2628/3936/3934
f 2629/3768/3766 2628/3936/3934 2652/3769/3767
f 2652/3769/3767 2628/3936/3934 2651/3937/3935
f 2652/3769/3767 2651/3937/3935 2675/3770/3768
f 2675/3770/3768 2651/3937/3935 2674/3938/3936
f 2675/3770/3768 2674/3938/3936 2698/3771/3769
f 2698/3771/3769 2674/3938/3936 2697/3939/3937
f 2698/3771/3769 2697/3939/3937 2721/3772/3770
f 2721/3772/3770 2697/3939/3937 2720/3940/3938
f 2721/3772/3770 2720/3940/3938 2744/3773/3771
f 2744/3773/3771 2720/3940/3938 2743/3941/3939
f 2744/3773/3771 2743/3941/3939 2767/3774/3772
f 2767/3774/3772 2743/3941/3939 2766/3942/3940
f 2767/3774/3772 2766/3942/3940 2790/3775/3773
f 2790/3775/3773 2766/3942/3940 2789/3943/3941
f 2790/3775/3773 2789/3943/3941 2813/3776/3774
f 2813/3776/3774 2789/3943/3941 2812/3944/3942
f 2813/3776/3774 2812/3944/3942 2836/3777/3775
f 2836/3777/3775 2812/3944/3942 2835/3945/3943
f 2836/3777/3775 2835/3945/3943 2859/3778/3776
f 2859/3778/3776 2835/3945/3943 2858/3946/3944
f 2859/3778/3776 2858/3946/3944 2882/3779/3777
f 2882/3779/3777 2858/3946/3944 2881/3947/3945
f 2882/3779/3777 2881/3947/3945 2905/3780/3778
f 2905/3780/3778 2881/3947/3945 2904/3948/3946
f 2905/3780/3778 2904/3948/3946 2928/3781/3779
f 2928/3781/3779 2904/3948/3946 2927/3949/3947
f 2928/3781/3779 2927/3949/3947 2951/3782/3780
f 2951/3782/3780 2927/3949/3947 2950/3950/3948
f 2951/3782/3780 2950/3950/3948 2974/3783/3781
f 2974/3783/3781 2950/3950/3948 2973/3951/3949
f 2974/3783/3781 2973/3951/3949 2997/3784/3782
f 2997/3784/3782 2973/3951/3949 2996/3952/3950
f 2997/3784/3782 2996/3952/3950 3020/3785/3783
f 3020/3785/3783 2996/3952/3950 3019/3953/3951
f 3020/3785/3783 3019/3953/3951 3043/3786/3784
f 3043/3786/3784 3019/3953/3951 3042/3954/3952
f 3043/3786/3784 3042/3954/3952 3066/3787/3785
f 3066/3787/3785 3042/3954/3952 3065/3955/3953
f 3066/3787/3785 3065/3955/3953 3089/3788/3786
f 3089/3788/3786 3065/3955/3953 3088/3956/3954
f 3089/3788/3786 3088/3956/3954 3112/3789/3787
f 3112/3789/3787 3088/3956/3954 3111/3957/3955
f 3112/3789/3787 3111/3957/3955 3135/3790/3788
f 3135/3790/3788 3111/3957/3955 3134/3958/3956
f 3135/3790/3788 3134/3958/3956 3158/3791/3789
f 3158/3791/3789 3134/3958/3956 3157/3959/3957
f 3158/3791/3789 3157/3959/3957 3181/3792/3790
f 3181/3792/3790 3157/3959/3957 3180/3960/3958
f 3181/3792/3790 3180/3960/3958 3204/3793/3791
f 3204/3793/3791 3180/3960/3958 3203/3961/3959
f 3204/3793/3791 3203/3961/3959 3227/3794/3792
f 3227/3794/3792 3203/3961/3959 3226/3962/3960
f 3227/3794/3792 3226/3962/3960 3250/3795/3793
f 3250/3795/3793 3226/3962/3960 3249/3963/3961
f 3250/3795/3793 3249/3963/3961 3273/3796/3794
f 3273/3796/3794 3249/3963/3961 3272/3964/3962
f 3273/3796/3794 3272/3964/3962 3296/3797/3795
f 3296/3797/3795 3272/3964/3962 3295/3965/3963
f 3296/3797/3795 3295/3965/3963 3319/3798/3796
f 3319/3798/3796 3295/3965/3963 3318/3966/3964
f 3319/3798/3796 3318/3966/3964 3342/3799/3797
f 3342/3799/3797 3318/3966/3964 3341/3967/3965
f 3342/3799/3797 3341/3967/3965 3365/3800/3798
f 3365/3800/3798 3341/3967/3965 3364/3968/3966
f 3365/3800/3798 3364/3968/3966 3388/3801/3799
f 3388/3801/3799 3364/3968/3966 3387/3969/3967
f 3388/3801/3799 3387/3969/3967 3411/3802/3800
f 3411/3802/3800 3387/3969/3967 3410/3970/3968
f 3411/3802/3800 3410/3970/3968 3434/3803/3801
f 3434/3803/3801 3410/3970/3968 3433/3971/3969
f 3434/3803/3801 3433/3971/3969 3457/3804/3802
f 3457/3804/3802 3433/3971/3969 3456/3972/3970
f 3457/3804/3802 3456/3972/3970 3480/3805/3803
f 3480/3805/3803 3456/3972/3970 3479/3973/3971
f 3480/3805/3803 3479/3973/3971 3503/3806/3804
f 3503/3806/3804 3479/3973/3971 3502/3974/3972
f 3503/3806/3804 3502/3974/3972 3526/3807/3805
f 3526/3807/3805 3502/3974/3972 3525/3975/3973
f 3526/3807/3805 3525/3975/3973 3549/3808/3806
f 3549/3808/3806 3525/3975/3973 3548/3976/3974
f 3549/3808/3806 3548/3976/3974 3572/3809/3807
f 3572/3809/3807 3548/3976/3974 3571/3977/3975
f 3572/3809/3807 3571/3977/3975 3595/3810/3808
f 3595/3810/3808 3571/3977/3975 3594/3978/3976
f 3595/3810/3808 3594/3978/3976 3618/3811/3809
f 3618/3811/3809 3594/3978/3976 3617/3979/3977
f 3618/3811/3809 3617/3979/3977 3641/3812/3810
f 3641/3812/3810 3617/3979/3977 3640/3980/3978
f 3641/3812/3810 3640/3980/3978 3664/3813/3811
f 3664/3813/3811 3640/3980/3978 3663/3981/3979
f 3664/3813/3811 3663/3981/3979 3687/3814/3812
f 3687/3814/3812 3663/3981/3979 3686/3982/3980
f 3687/3814/3812 3686/3982/3980 3710/3815/3813
f 3710/3815/3813 3686/3982/3980 3709/3983/3981
f 3710/3815/3813 3709/3983/3981 3733/3816/3814
f 3733/3816/3814 3709/3983/3981 3732/3984/3982
f 3733/3816/3814 3732/3984/3982 3756/3817/3815
f 3756/3817/3815 3732/3984/3982 3755/3985/3983
f 3756/3817/3815 3755/3985/3983 3779/3818/3816
f 3779/3818/3816 3755/3985/3983 3778/3986/3984
f 3779/3818/3816 3778/3986/3984 3802/3819/3817
f 3802/3819/3817 3778/3986/3984 3801/3987/3985
f 3802/3819/3817 3801/3987/3985 3825/3820/3818
f 3825/3820/3818 3801/3987/3985 3824/3988/3986
f 3825/3820/3818 3824/3988/3986 3848/3821/3819
f 3848/3821/3819 3824/3988/3986 3847/3989/3987
f 3848/3821/3819 3847/3989/3987 3871/3822/3820
f 3871/3822/3820 3847/3989/3987 3870/3990/3988
f 3871/3822/3820 3870/3990/3988 3894/3823/3821
f 3894/3823/3821 3870/3990/3988 3893/3991/3989
f 3894/3823/3821 3893/3991/3989 3917/3824/3822
f 3917/3824/3822 3893/3991/3989 3916/3992/3990
f 3917/3824/3822 3916/3992/3990 3940/3825/3823
f 3940/3825/3823 3916/3992/3990 3939/3993/3991
f 3940/3825/3823 3939/3993/3991 3963/3826/3824
f 3963/3826/3824 3939/3993/3991 3962/3994/3992
f 3963/3826/3824 3962/3994/3992 3986/3827/3825
f 3986/3827/3825 3962/3994/3992 3985/3995/3993
f 3986/3827/3825 3985/3995/3993 4009/3828/3826
f 4009/3828/3826 3985/3995/3993 4008/3996/3994
f 4009/3828/3826 4008/3996/3994 4032/3829/3827
f 4032/3829/3827 4008/3996/3994 4031/3997/3995
f 4032/3829/3827 4031/3997/3995 4055/3830/3828
f 4055/3830/3828 4031/3997/3995 4054/3998/3996
f 4055/3830/3828 4054/3998/3996 4078/3831/3829
f 4078/3831/3829 4054/3998/3996 4077/3999/3997
f 4078/3831/3829 4077/3999/3997 4101/3832/3830
f 4101/3832/3830 4077/3999/3997 4100/4000/3998
f 4101/3832/3830 4100/4000/3998 4124/3833/3831
f 4124/3833/3831 4100/4000/3998 4123/4001/3999
f 4124/3833/3831 4123/4001/3999 4147/634/634
f 4147/634/634 4123/4001/3999 4146/636/636
f 23/3834/3832 24/4002/4000 305/3835/3833
f 305/3835/3833 24/4002/4000 304/4003/4001
f 305/3835/3833 304/4003/4001 328/3836/3834
f 328/3836/3834 304/4003/4001 327/4004/4002
f 328/3836/3834 327/4004/4002 351/3837/3835
f 351/3837/3835 327/4004/4002 350/4005/4003
f 351/3837/3835 350/4005/4003 374/3838/3836
f 374/3838/3836 350/4005/4003 373/4006/4004
f 374/3838/3836 373/4006/4004 397/3839/3837
f 397/3839/3837 373/4006/4004 396/4007/4005
f 397/3839/3837 396/4007/4005 420/3840/3838
f 420/3840/3838 396/4007/4005 419/4008/4006
f 420/3840/3838 419/4008/4006 443/3841/3839
f 443/3841/3839 419/4008/4006 442/4009/4007
f 443/3841/3839 442/4009/4007 466/3842/3840
f 466/3842/3840 442/4009/4007 465/4010/4008
f 466/3842/3840 465/4010/4008 489/3843/3841
f 489/3843/3841 465/4010/4008 488/4011/4009
f 489/3843/3841 488/4011/4009 512/3844/3842
f 512/3844/3842 488/4011/4009 511/4012/4010
f 512/3844/3842 511/4012/4010 535/3845/3843
f 535/3845/3843 511/4012/4010 534/4013/4011
f 535/3845/3843 534/4013/4011 558/3846/3844
f 558/3846/3844 534/4013/4011 557/4014/4012
f 558/3846/3844 557/4014/4012 581/3847/3845
f 581/3847/3845 557/4014/4012 580/4015/4013
f 581/3847/3845 580/4015/4013 604/3848/3846
f 604/3848/3846 580/4015/4013 603/4016/4014
f 604/3848/3846 603/4016/4014 627/3849/3847
f 627/3849/3847 603/4016/4014 626/4017/4015
f 627/3849/3847 626/4017/4015 650/3850/3848
f 650/3850/3848 626/4017/4015 649/4018/4016
f 650/3850/3848 649/4018/4016 673/3851/3849
f 673/3851/3849 649/4018/4016 672/4019/4017
f 673/3851/3849 672/4019/4017 696/3852/3850
f 696/3852/3850 672/4019/4017 695/4020/4018
f 696/3852/3850 695/4020/4018 719/3853/3851
f 719/3853/3851 695/4020/4018 718/4021/4019
f 719/3853/3851 718/4021/4019 742/3854/3852
f 742/3854/3852 718/4021/4019 741/4022/4020
f 742/3854/3852 741/4022/4020 765/3855/3853
f 765/3855/3853 741/4022/4020 764/4023/4021
f 765/3855/3853 764/4023/4021 788/3856/3854
f 788/3856/3854 764/4023/4021 787/4024/4022
f 788/3856/3854 787/4024/4022 811/3857/3855
f 811/3857/3855 787/4024/4022 810/4025/4023
f 811/3857/3855 810/4025/4023 834/3858/3856
f 834/3858/3856 810/4025/4023 833/4026/4024
f 834/3858/3856 833/4026/4024 857/3859/3857
f 857/3859/3857 833/4026/4024 856/4027/4025
f 857/3859/3857 856/4027/4025 880/3860/3858
f 880/3860/3858 856/4027/4025 879/4028/4026
f 880/3860/3858 879/4028/4026 903/3861/3859
f 903/3861/3859 879/4028/4026 902/4029/4027
f 903/3861/3859 902/4029/4027 926/3862/3860
f 926/3862/3860 902/4029/4027 925/4030/4028
f 926/3862/3860 925/4030/4028 949/3863/3861
f 949/3863/3861 925/4030/4028 948/4031/4029
f 949/3863/3861 948/4031/4029 972/3864/3862
f 972/3864/3862 948/4031/4029 971/4032/4030
f 972/3864/3862 971/4032/4030 995/3865/3863
f 995/3865/3863 971/4032/4030 994/4033/4031
f 995/3865/3863 994/4033/4031 1018/3866/3864
f 1018/3866/3864 994/4033/4031 1017/4034/4032
f 1018/3866/3864 1017/4034/4032 1041/3867/3865
f 1041/3867/3865 1017/4034/4032 1040/4035/4033
f 1041/3867/3865 1040/4035/4033 1064/3868/3866
f 1064/3868/3866 1040/4035/4033 1063/4036/4034
f 1064/3868/3866 1063/4036/4034 1087/3869/3867
f 1087/3869/3867 1063/4036/4034 1086/4037/4035
f 1087/3869/3867 1086/4037/4035 1110/3870/3868
f 1110/3870/3868 1086/4037/4035 1109/4038/4036
f 1110/3870/3868 1109/4038/4036 1133/3871/3869
f 1133/3871/3869 1109/4038/4036 1132/4039/4037
f 1133/3871/3869 1132/4039/4037 1156/3872/3870
f 1156/3872/3870 1132/4039/4037 1155/4040/4038
f 1156/3872/3870 1155/4040/4038 1179/3873/3871
f 1179/3873/3871 1155/4040/4038 1178/4041/4039
f 1179/3873/3871 1178/4041/4039 1202/3874/3872
f 1202/3874/3872 1178/4041/4039 1201/4042/4040
f 1202/3874/3872 1201/4042/4040 1225/3875/3873
f 1225/3875/3873 1201/4042/4040 1224/4043/4041
f 1225/3875/3873 1224/4043/4041 1248/3876/3874
f 1248/3876/3874 1224/4043/4041 1247/4044/4042
f 1248/3876/3874 1247/4044/4042 1271/3877/3875
f 1271/3877/3875 1247/4044/4042 1270/4045/4043
f 1271/3877/3875 1270/4045/4043 1294/3878/3876
f 1294/3878/3876 1270/4045/4043 1293/4046/4044
f 1294/3878/3876 1293/4046/4044 1317/3879/3877
f 1317/3879/3877 1293/4046/4044 1316/4047/4045
f 1317/3879/3877 1316/4047/4045 1340/3880/3878
f 1340/3880/3878 1316/4047/4045 1339/4048/4046
f 1340/3880/3878 1339/4048/4046 1363/3881/3879
f 1363/3881/3879 1339/4048/4046 1362/4049/4047
f 1363/3881/3879 1362/4049/4047 1386/3882/3880
f 1386/3882/3880 1362/4049/4047 1385/4050/4048
f 1386/3882/3880 1385/4050/4048 1409/3883/3881
f 1409/3883/3881 1385/4050/4048 1408/4051/4049
f 1409/3883/3881 1408/4051/4049 1432/3884/3882
f 1432/3884/3882 1408/4051/4049 1431/4052/4050
f 1432/3884/3882 1431/4052/4050 1455/3885/3883
f 1455/3885/3883 1431/4052/4050 1454/4053/4051
f 1455/3885/3883 1454/4053/4051 1478/3886/3884
f 1478/3886/3884 1454/4053/4051 1477/4054/4052
f 1478/3886/3884 1477/4054/4052 1501/3887/3885
f 1501/3887/3885 1477/4054/4052 1500/4055/4053
f 1501/3887/3885 1500/4055/4053 1524/3888/3886
f 1524/3888/3886 1500/4055/4053 1523/4056/4054
f 1524/3888/3886 1523/4056/4054 1547/3889/3887
f 1547/3889/3887 1523/4056/4054 1546/4057/4055
f 1547/3889/3887 1546/4057/4055 1570/3890/3888
f 1570/3890/3888 1546/4057/4055 1569/4058/4056
f 1570/3890/3888 1569/4058/4056 1593/3891/3889
f 1593/3891/3889 1569/4058/4056 1592/4059/4057
f 1593/3891/3889 1592/4059/4057 1616/3892/3890
f 1616/3892/3890 1592/4059/4057 1615/4060/4058
f 1616/3892/3890 1615/4060/4058 1639/3893/3891
f 1639/3893/3891 1615/4060/4058 1638/4061/4059
f 1639/3893/3891 1638/4061/4059 1662/3894/3892
f 1662/3894/3892 1638/4061/4059 1661/4062/4060
f 1662/3894/3892 1661/4062/4060 1685/3895/3893
f 1685/3895/3893 1661/4062/4060 1684/4063/4061
f 1685/3895/3893 1684/4063/4061 1708/3896/3894
f 1708/3896/3894 1684/4063/4061 1707/4064/4062
f 1708/3896/3894 1707/4064/4062 1731/3897/3895
f 1731/3897/3895 1707/4064/4062 1730/4065/4063
f 1731/3897/3895 1730/4065/4063 1754/3898/3896
f 1754/3898/3896 1730/4065/4063 1753/4066/4064
f 1754/3898/3896 1753/4066/4064 1777/3899/3897
f 1777/3899/3897 1753/4066/4064 1776/4067/4065
f 1777/3899/3897 1776/4067/4065 1800/3900/3898
f 1800/3900/3898 1776/4067/4065 1799/4068/4066
f 1800/3900/3898 1799/4068/4066 1823/3901/3899
f 1823/3901/3899 1799/4068/4066 1822/4069/4067
f 1823/3901/3899 1822/4069/4067 1846/3902/3900
f 1846/3902/3900 1822/4069/4067 1845/4070/4068
f 1846/3902/3900 1845/4070/4068 1869/3903/3901
f 1869/3903/3901 1845/4070/4068 1868/4071/4069
f 1869/3903/3901 1868/4071/4069 1892/3904/3902
f 1892/3904/3902 1868/4071/4069 1891/4072/4070
f 1892/3904/3902 1891/4072/4070 1915/3905/3903
f 1915/3905/3903 1891/4072/4070 1914/4073/4071
f 1915/3905/3903 1914/4073/4071 1938/3906/3904
f 1938/3906/3904 1914/4073/4071 1937/4074/4072
f 1938/3906/3904 1937/4074/4072 1961/3907/3905
f 1961/3907/3905 1937/4074/4072 1960/4075/4073
f 1961/3907/3905 1960/4075/4073 1984/3908/3906
f 1984/3908/3906 1960/4075/4073 1983/4076/4074
f 1984/3908/3906 1983/4076/4074 2007/3909/3907
f 2007/3909/3907 1983/4076/4074 2006/4077/4075
f 2007/3909/3907 2006/4077/4075 2030/3910/3908
f 2030/3910/3908 2006/4077/4075 2029/4078/4076
f 2030/3910/3908 2029/4078/4076 2053/3911/3909
f 2053/3911/3909 2029/4078/4076 2052/4079/4077
f 2053/3911/3909 2052/4079/4077 2076/3912/3910
f 2076/3912/3910 2052/4079/4077 2075/4080/4078
f 2076/3912/3910 2075/4080/4078 2099/3913/3911
f 2099/3913/3911 2075/4080/4078 2098/4081/4079
f 2099/3913/3911 2098/4081/4079 2122/3914/3912
f 2122/3914/3912 2098/4081/4079 2121/4082/4080
f 2122/3914/3912 2121/4082/4080 2145/3915/3913
f 2145/3915/3913 2121/4082/4080 2144/4083/4081
f 2145/3915/3913 2144/4083/4081 2168/3916/3914
f 2168/3916/3914 2144/4083/4081 2167/4084/4082
f 2168/3916/3914 2167/4084/4082 2191/3917/3915
f 2191/3917/3915 2167/4084/4082 2190/4085/4083
f 2191/3917/3915 2190/4085/4083 2214/3918/3916
f 2214/3918/3916 2190/4085/4083 2213/4086/4084
f 2214/3918/3916 2213/4086/4084 2237/3919/3917
f 2237/3919/3917 2213/4086/4084 2236/4087/4085
f 2237/3919/3917 2236/4087/4085 2260/3920/3918
f 2260/3920/3918 2236/4087/4085 2259/4088/4086
f 2260/3920/3918 2259/4088/4086 2283/3921/3919
f 2283/3921/3919 2259/4088/4086 2282/4089/4087
f 2283/3921/3919 2282/4089/4087 2306/3922/3920
f 2306/3922/3920 2282/4089/4087 2305/4090/4088
f 2306/3922/3920 2305/4090/4088 2329/3923/3921
f 2329/3923/3921 2305/4090/4088 2328/4091/4089
f 2329/3923/3921 2328/4091/4089 2352/3924/3922
f 2352/3924/3922 2328/4091/4089 2351/4092/4090
f 2352/3924/3922 2351/4092/4090 2375/3925/3923
f 2375/3925/3923 2351/4092/4090 2374/4093/4091
f 2375/3925/3923 2374/4093/4091 2398/3926/3924
f 2398/3926/3924 2374/4093/4091 2397/4094/4092
f 2398/3926/3924 2397/4094/4092 2421/3927/3925
f 2421/3927/3925 2397/4094/4092 2420/4095/4093
f 2421/3927/3925 2420/4095/4093 2444/3928/3926
f 2444/3928/3926 2420/4095/4093 2443/4096/4094
f 2444/3928/3926 2443/4096/4094 2467/3929/3927
f 2467/3929/3927 2443/4096/4094 2466/4097/4095
f 2467/3929/3927 2466/4097/4095 2490/3930/3928
f 2490/3930/3928 2466/4097/4095 2489/4098/4096
f 2490/3930/3928 2489/4098/4096 2513/3931/3929
f 2513/3931/3929 2489/4098/4096 2512/4099/4097
f 2513/3931/3929 2512/4099/4097 2536/3932/3930
f 2536/3932/3930 2512/4099/4097 2535/4100/4098
f 2536/3932/3930 2535/4100/4098 2559/3933/3931
f 2559/3933/3931 2535/4100/4098 2558/4101/4099
f 2559/3933/3931 2558/4101/4099 2582/3934/3932
f 2582/3934/3932 2558/4101/4099 2581/4102/4100
f 2582/3934/3932 2581/4102/4100 2605/3935/3933
f 2605/3935/3933 2581/4102/4100 2604/4103/4101
f 2605/3935/3933 2604/4103/4101 2628/3936/3934
f 2628/3936/3934 2604/4103/4101 2627/4104/4102
f 2628/3936/3934 2627/4104/4102 2651/3937/3935
f 2651/3937/3935 2627/4104/4102 2650/4105/4103
f 2651/3937/3935 2650/4105/4103 2674/3938/3936
f 2674/3938/3936 2650/4105/4103 2673/4106/4104
f 2674/3938/3936 2673/4106/4104 2697/3939/3937
f 2697/3939/3937 2673/4106/4104 2696/4107/4105
f 2697/3939/3937 2696/4107/4105 2720/3940/3938
f 2720/3940/3938 2696/4107/4105 2719/4108/4106
f 2720/3940/3938 2719/4108/4106 2743/3941/3939
f 2743/3941/3939 2719/4108/4106 2742/4109/4107
f 2743/3941/3939 2742/4109/4107 2766/3942/3940
f 2766/3942/3940 2742/4109/4107 2765/4110/4108
f 2766/3942/3940 2765/4110/4108 2789/3943/3941
f 2789/3943/3941 2765/4110/4108 2788/4111/4109
f 2789/3943/3941 2788/4111/4109 2812/3944/3942
f 2812/3944/3942 2788/4111/4109 2811/4112/4110
f 2812/3944/3942 2811/4112/4110 2835/3945/3943
f 2835/3945/3943 2811/4112/4110 2834/4113/4111
f 2835/3945/3943 2834/4113/4111 2858/3946/3944
f 2858/3946/3944 2834/4113/4111 2857/4114/4112
f 2858/3946/3944 2857/4114/4112 2881/3947/3945
f 2881/3947/3945 2857/4114/4112 2880/4115/4113
f 2881/3947/3945 2880/4115/4113 2904/3948/3946
f 2904/3948/3946 2880/4115/4113 2903/4116/4114
f 2904/3948/3946 2903/4116/4114 2927/3949/3947
f 2927/3949/3947 2903/4116/4114 2926/4117/4115
f 2927/3949/3947 2926/4117/4115 2950/3950/3948
f 2950/3950/3948 2926/4117/4115 2949/4118/4116
f 2950/3950/3948 2949/4118/4116 2973/3951/3949
f 2973/3951/3949 2949/4118/4116 2972/4119/4117
f 2973/3951/3949 2972/4119/4117 2996/3952/3950
f 2996/3952/3950 2972/4119/4117 2995/4120/4118
f 2996/3952/3950 2995/4120/4118 3019/3953/3951
f 3019/3953/3951 2995/4120/4118 3018/4121/4119
f 3019/3953/3951 3018/4121/4119 3042/3954/3952
f 3042/3954/3952 3018/4121/4119 3041/4122/4120
f 3042/3954/3952 3041/4122/4120 3065/3955/3953
f 3065/3955/3953 3041/4122/4120 3064/4123/4121
f 3065/3955/3953 3064/4123/4121 3088/3956/3954
f 3088/3956/3954 3064/4123/4121 3087/4124/4122
f 3088/3956/3954 3087/4124/4122 3111/3957/3955
f 3111/3957/3955 3087/4124/4122 3110/4125/4123
f 3111/3957/3955 3110/4125/4123 3134/3958/3956
f 3134/3958/3956 3110/4125/4123 3133/4126/4124
f 3134/3958/3956 3133/4126/4124 3157/3959/3957
f 3157/3959/3957 3133/4126/4124 3156/4127/4125
f 3157/3959/3957 3156/4127/4125 3180/3960/3958
f 3180/3960/3958 3156/4127/4125 3179/4128/4126
f 3180/3960/3958 3179/4128/4126 3203/3961/3959
f 3203/3961/3959 3179/4128/4126 3202/4129/4127
f 3203/3961/3959 3202/4129/4127 3226/3962/3960
f 3226/3962/3960 3202/4129/4127 3225/4130/4128
f 3226/3962/3960 3225/4130/4128 3249/3963/3961
f 3249/3963/3961 3225/4130/4128 3248/4131/4129
f 3249/3963/3961 3248/4131/4129 3272/3964/3962
f 3272/3964/3962 3248/4131/4129 3271/4132/4130
f 3272/3964/3962 3271/4132/4130 3295/3965/3963
f 3295/3965/3963 3271/4132/4130 3294/4133/4131
f 3295/3965/3963 3294/4133/4131 3318/3966/3964
f 3318/3966/3964 3294/4133/4131 3317/4134/4132
f 3318/3966/3964 3317/4134/4132 3341/3967/3965
f 3341/3967/3965 3317/4134/4132 3340/4135/4133
f 3341/3967/3965 3340/4135/4133 3364/3968/3966
f 3364/3968/3966 3340/4135/4133 3363/4136/4134
f 3364/3968/3966 3363/4136/4134 3387/3969/3967
f 3387/3969/3967 3363/4136/4134 3386/4137/4135
f 3387/3969/3967 3386/4137/4135 3410/3970/3968
f 3410/3970/3968 3386/4137/4135 3409/4138/4136
f 3410/3970/3968 3409/4138/4136 3433/3971/3969
f 3433/3971/3969 3409/4138/4136 3432/4139/4137
f 3433/3971/3969 3432/4139/4137 3456/3972/3970
f 3456/3972/3970 3432/4139/4137 3455/4140/4138
f 3456/3972/3970 3455/4140/4138 3479/3973/3971
f 3479/3973/3971 3455/4140/4138 3478/4141/4139
f 3479/3973/3971 3478/4141/4139 3502/3974/3972
f 3502/3974/3972 3478/4141/4139 3501/4142/4140
f 3502/3974/3972 3501/4142/4140 3525/3975/3973
f 3525/3975/3973 3501/4142/4140 3524/4143/4141
f 3525/3975/3973 3524/4143/4141 3548/3976/3974
f 3548/3976/3974 3524/4143/4141 3547/4144/4142
f 3548/3976/3974 3547/4144/4142 3571/3977/3975
f 3571/3977/3975 3547/4144/4142 3570/4145/4143
f 3571/3977/3975 3570/4145/4143 3594/3978/3976
f 3594/3978/3976 3570/4145/4143 3593/4146/4144
f 3594/3978/3976 3593/4146/4144 3617/3979/3977
f 3617/3979/3977 3593/4146/4144 3616/4147/4145
f 3617/3979/3977 3616/4147/4145 3640/3980/3978
f 3640/3980/3978 3616/4147/4145 3639/4148/4146
f 3640/3980/3978 3639/4148/4146 3663/3981/3979
f 3663/3981/3979 3639/4148/4146 3662/4149/4147
f 3663/3981/3979 3662/4149/4147 3686/3982/3980
f 3686/3982/3980 3662/4149/4147 3685/4150/4148
f 3686/3982/3980 3685/4150/4148 3709/3983/3981
f 3709/3983/3981 3685/4150/4148 3708/4151/4149
f 3709/3983/3981 3708/4151/4149 3732/3984/3982
f 3732/3984/3982 3708/4151/4149 3731/4152/4150
f 3732/3984/3982 3731/4152/4150 3755/3985/3983
f 3755/3985/3983 3731/4152/4150 3754/4153/4151
f 3755/3985/3983 3754/4153/4151 3778/3986/3984
f 3778/3986/3984 3754/4153/4151 3777/4154/4152
f 3778/3986/3984 3777/4154/4152 3801/3987/3985
f 3801/3987/3985 3777/4154/4152 3800/4155/4153
f 3801/3987/3985 3800/4155/4153 3824/3988/3986
f 3824/3988/3986 3800/4155/4153 3823/4156/4154
f 3824/3988/3986 3823/4156/4154 3847/3989/3987
f 3847/3989/3987 3823/4156/4154 3846/4157/4155
f 3847/3989/3987 3846/4157/4155 3870/3990/3988
f 3870/3990/3988 3846/4157/4155 3869/4158/4156
f 3870/3990/3988 3869/4158/4156 3893/3991/3989
f 3893/3991/3989 3869/4158/4156 3892/4159/4157
f 3893/3991/3989 3892/4159/4157 3916/3992/3990
f 3916/3992/3990 3892/4159/4157 3915/4160/4158
f 3916/3992/3990 3915/4160/4158 3939/3993/3991
f 3939/3993/3991 3915/4160/4158 3938/4161/4159
f 3939/3993/3991 3938/4161/4159 3962/3994/3992
f 3962/3994/3992 3938/4161/4159 3961/4162/4160
f 3962/3994/3992 3961/4162/4160 3985/3995/3993
f 3985/3995/3993 3961/4162/4160 3984/4163/4161
f 3985/3995/3993 3984/4163/4161 4008/3996/3994
f 4008/3996/3994 3984/4163/4161 4007/4164/4162
f 4008/3996/3994 4007/4164/4162 4031/3997/3995
f 4031/3997/3995 4007/4164/4162 4030/4165/4163
f 4031/3997/3995 4030/4165/4163 4054/3998/3996
f 4054/3998/3996 4030/4165/4163 4053/4166/4164
f 4054/3998/3996 4053/4166/4164 4077/3999/3997
f 4077/3999/3997 4053/4166/4164 4076/4167/4165
f 4077/3999/3997 4076/4167/4165 4100/4000/3998
f 4100/4000/3998 4076/4167/4165 4099/4168/4166
f 4100/4000/3998 4099/4168/4166 4123/4001/3999
f 4123/4001/3999 4099/4168/4166 4122/4169/4167
f 4123/4001/3999 4122/4169/4167 4146/636/636
f 4146/636/636 4122/4169/4167 4145/638/638
f 1/4170/1 25/4171/3 24/4002/4000
f 24/4002/4000 25/4171/3 304/4003/4001
f 25/4171/3 26/4172/5 304/4003/4001
f 304/4003/4001 26/4172/5 327/4004/4002
f 26/4172/5 27/4173/7 327/4004/4002
f 327/4004/4002 27/4173/7 28/4174/8
f 327/4004/4002 28/4174/8 350/4005/4003
f 350/4005/4003 28/4174/8 29/4175/10
f 350/4005/4003 29/4175/10 373/4006/4004
f 373/4006/4004 29/4175/10 30/4176/12
f 373/4006/4004 30/4176/12 31/4177/13
f 373/4006/4004 31/4177/13 396/4007/4005
f 396/4007/4005 31/4177/13 32/4178/15
f 396/4007/4005 32/4178/15 419/4008/4006
f 419/4008/4006 32/4178/15 33/4179/17
f 419/4008/4006 33/4179/17 34/4180/18
f 419/4008/4006 34/4180/18 442/4009/4007
f 442/4009/4007 34/4180/18 35/4181/20
f 442/4009/4007 35/4181/20 465/4010/4008
f 465/4010/4008 35/4181/20 36/4182/22
f 465/4010/4008 36/4182/22 37/4183/23
f 465/4010/4008 37/4183/23 488/4011/4009
f 488/4011/4009 37/4183/23 38/4184/25
f 488/4011/4009 38/4184/25 511/4012/4010
f 511/4012/4010 38/4184/25 39/4185/27
f 511/4012/4010 39/4185/27 40/4186/28
f 511/4012/4010 40/4186/28 534/4013/4011
f 534/4013/4011 40/4186/28 41/4187/30
f 534/4013/4011 41/4187/30 557/4014/4012
f 557/4014/4012 41/4187/30 42/4188/32
f 557/4014/4012 42/4188/32 43/4189/33
f 557/4014/4012 43/4189/33 580/4015/4013
f 580/4015/4013 43/4189/33 44/4190/35
f 580/4015/4013 44/4190/35 603/4016/4014
f 603/4016/4014 44/4190/35 45/4191/37
f 603/4016/4014 45/4191/37 46/4192/38
f 603/4016/4014 46/4192/38 626/4017/4015
f 626/4017/4015 46/4192/38 47/4193/40
f 626/4017/4015 47/4193/40 649/4018/4016
f 649/4018/4016 47/4193/40 48/4194/42
f 649/4018/4016 48/4194/42 49/4195/43
f 649/4018/4016 49/4195/43 672/4019/4017
f 672/4019/4017 49/4195/43 50/4196/45
f 672/4019/4017 50/4196/45 51/4197/46
f 672/4019/4017 51/4197/46 695/4020/4018
f 695/4020/4018 51/4197/46 52/4198/48
f 695/4020/4018 52/4198/48 718/4021/4019
f 718/4021/4019 52/4198/48 53/4199/50
f 718/4021/4019 53/4199/50 54/4200/51
f 718/4021/4019 54/4200/51 741/4022/4020
f 741/4022/4020 54/4200/51 55/4201/53
f 741/4022/4020 55/4201/53 764/4023/4021
f 764/4023/4021 55/4201/53 56/4202/55
f 764/4023/4021 56/4202/55 57/4203/56
f 764/4023/4021 57/4203/56 787/4024/4022
f 787/4024/4022 57/4203/56 58/4204/58
f 787/4024/4022 58/4204/58 810/4025/4023
f 810/4025/4023 58/4204/58 59/4205/60
f 810/4025/4023 59/4205/60 60/4206/61
f 810/4025/4023 60/4206/61 833/4026/4024
f 833/4026/4024 60/4206/61 61/4207/63
f 833/4026/4024 61/4207/63 856/4027/4025
f 856/4027/4025 61/4207/63 62/4208/65
f 856/4027/4025 62/4208/65 63/4209/66
f 856/4027/4025 63/4209/66 879/4028/4026
f 879/4028/4026 63/4209/66 64/4210/68
f 879/4028/4026 64/4210/68 902/4029/4027
f 902/4029/4027 64/4210/68 65/4211/70
f 902/4029/4027 65/4211/70 66/4212/71
f 902/4029/4027 66/4212/71 925/4030/4028
f 925/4030/4028 66/4212/71 67/4213/73
f 925/4030/4028 67/4213/73 948/4031/4029
f 948/4031/4029 67/4213/73 68/4214/75
f 948/4031/4029 68/4214/75 69/4215/76
f 948/4031/4029 69/4215/76 971/4032/4030
f 971/4032/4030 69/4215/76 70/4216/78
f 971/4032/4030 70/4216/78 994/4033/4031
f 994/4033/4031 70/4216/78 71/4217/80
f 994/4033/4031 71/4217/80 72/4218/81
f 994/4033/4031 72/4218/81 1017/4034/4032
f 1017/4034/4032 72/4218/81 73/4219/83
f 1017/4034/4032 73/4219/83 1040/4035/4033
f 1040/4035/4033 73/4219/83 74/4220/85
f 1040/4035/4033 74/4220/85 75/4221/86
f 1040/4035/4033 75/4221/86 1063/4036/4034
f 1063/4036/4034 75/4221/86 76/4222/88
f 1063/4036/4034 76/4222/88 1086/4037/4035
f 1086/4037/4035 76/4222/88 77/4223/90
f 1086/4037/4035 77/4223/90 78/4224/91
f 1086/4037/4035 78/4224/91 1109/4038/4036
f 1109/4038/4036 78/4224/91 79/4225/93
f 1109/4038/4036 79/4225/93 1132/4039/4037
f 1132/4039/4037 79/4225/93 80/4226/95
f 1132/4039/4037 80/4226/95 81/4227/96
f 1132/4039/4037 81/4227/96 1155/4040/4038
f 1155/4040/4038 81/4227/96 82/4228/98
f 1155/4040/4038 82/4228/98 1178/4041/4039
f 1178/4041/4039 82/4228/98 83/4229/100
f 1178/4041/4039 83/4229/100 84/4230/101
f 1178/4041/4039 84/4230/101 1201/4042/4040
f 1201/4042/4040 84/4230/101 85/4231/103
f 1201/4042/4040 85/4231/103 1224/4043/4041
f 1224/4043/4041 85/4231/103 86/4232/105
f 1224/4043/4041 86/4232/105 87/4233/106
f 1224/4043/4041 87/4233/106 1247/4044/4042
f 1247/4044/4042 87/4233/106 88/4234/108
f 1247/4044/4042 88/4234/108 1270/4045/4043
f 1270/4045/4043 88/4234/108 89/4235/110
f 1270/4045/4043 89/4235/110 90/4236/111
f 1270/4045/4043 90/4236/111 1293/4046/4044
f 1293/4046/4044 90/4236/111 91/4237/113
f 1293/4046/4044 91/4237/113 1316/4047/4045
f 1316/4047/4045 91/4237/113 92/4238/115
f 1316/4047/4045 92/4238/115 93/4239/116
f 1316/4047/4045 93/4239/116 1339/4048/4046
f 1339/4048/4046 93/4239/116 94/4240/118
f 1339/4048/4046 94/4240/118 1362/4049/4047
f 1362/4049/4047 94/4240/118 95/4241/120
f 1362/4049/4047 95/4241/120 96/4242/121
f 1362/4049/4047 96/4242/121 1385/4050/4048
f 1385/4050/4048 96/4242/121 97/4243/123
f 1385/4050/4048 97/4243/123 1408/4051/4049
f 1408/4051/4049 97/4243/123 98/4244/125
f 1408/4051/4049 98/4244/125 99/4245/126
f 1408/4051/4049 99/4245/126 1431/4052/4050
f 1431/4052/4050 99/4245/126 100/4246/128
f 1431/4052/4050 100/4246/128 101/4247/129
f 1431/4052/4050 101/4247/129 1454/4053/4051
f 1454/4053/4051 101/4247/129 102/4248/131
f 1454/4053/4051 102/4248/131 1477/4054/4052
f 1477/4054/4052 102/4248/131 103/4249/133
f 1477/4054/4052 103/4249/133 104/4250/134
f 1477/4054/4052 104/4250/134 1500/4055/4053
f 1500/4055/4053 104/4250/134 105/4251/136
f 1500/4055/4053 105/4251/136 1523/4056/4054
f 1523/4056/4054 105/4251/136 106/4252/138
f 1523/4056/4054 106/4252/138 107/4253/139
f 1523/4056/4054 107/4253/139 1546/4057/4055
f 1546/4057/4055 107/4253/139 108/4254/141
f 1546/4057/4055 108/4254/141 1569/4058/4056
f 1569/4058/4056 108/4254/141 109/4255/143
f 1569/4058/4056 109/4255/143 110/4256/144
f 1569/4058/4056 110/4256/144 1592/4059/4057
f 1592/4059/4057 110/4256/144 111/4257/146
f 1592/4059/4057 111/4257/146 1615/4060/4058
f 1615/4060/4058 111/4257/146 112/4258/148
f 1615/4060/4058 112/4258/148 113/4259/149
f 1615/4060/4058 113/4259/149 1638/4061/4059
f 1638/4061/4059 113/4259/149 114/4260/151
f 1638/4061/4059 114/4260/151 1661/4062/4060
f 1661/4062/4060 114/4260/151 115/4261/153
f 1661/4062/4060 115/4261/153 116/4262/154
f 1661/4062/4060 116/4262/154 1684/4063/4061
f 1684/4063/4061 116/4262/154 117/4263/156
f 1684/4063/4061 117/4263/156 1707/4064/4062
f 1707/4064/4062 117/4263/156 118/4264/158
f 1707/4064/4062 118/4264/158 119/4265/159
f 1707/4064/4062 119/4265/159 1730/4065/4063
f 1730/4065/4063 119/4265/159 120/4266/161
f 1730/4065/4063 120/4266/161 1753/4066/4064
f 1753/4066/4064 120/4266/161 121/4267/163
f 1753/4066/4064 121/4267/163 122/4268/164
f 1753/4066/4064 122/4268/164 1776/4067/4065
f 1776/4067/4065 122/4268/164 123/4269/166
f 1776/4067/4065 123/4269/166 1799/4068/4066
f 1799/4068/4066 123/4269/166 124/4270/168
f 1799/4068/4066 124/4270/168 125/4271/169
f 1799/4068/4066 125/4271/169 1822/4069/4067
f 1822/4069/4067 125/4271/169 126/4272/171
f 1822/4069/4067 126/4272/171 1845/4070/4068
f 1845/4070/4068 126/4272/171 127/4273/173
f 1845/4070/4068 127/4273/173 128/4274/174
f 1845/4070/4068 128/4274/174 1868/4071/4069
f 1868/4071/4069 128/4274/174 129/4275/176
f 1868/4071/4069 129/4275/176 1891/4072/4070
f 1891/4072/4070 129/4275/176 130/4276/178
f 1891/4072/4070 130/4276/178 131/4277/179
f 1891/4072/4070 131/4277/179 1914/4073/4071
f 1914/4073/4071 131/4277/179 132/4278/181
f 1914/4073/4071 132/4278/181 1937/4074/4072
f 1937/4074/4072 132/4278/181 133/4279/183
f 1937/4074/4072 133/4279/183 134/4280/184
f 1937/4074/4072 134/4280/184 1960/4075/4073
f 1960/4075/4073 134/4280/184 135/4281/186
f 1960/4075/4073 135/4281/186 1983/4076/4074
f 1983/4076/4074 135/4281/186 136/4282/188
f 1983/4076/4074 136/4282/188 137/4283/189
f 1983/4076/4074 137/4283/189 2006/4077/4075
f 2006/4077/4075 137/4283/189 138/4284/191
f 2006/4077/4075 138/4284/191 2029/4078/4076
f 2029/4078/4076 138/4284/191 139/4285/193
f 2029/4078/4076 139/4285/193 140/4286/194
f 2029/4078/4076 140/4286/194 2052/4079/4077
f 2052/4079/4077 140/4286/194 141/4287/196
f 2052/4079/4077 141/4287/196 2075/4080/4078
f 2075/4080/4078 141/4287/196 142/4288/198
f 2075/4080/4078 142/4288/198 143/4289/199
f 2075/4080/4078 143/4289/199 2098/4081/4079
f 2098/4081/4079 143/4289/199 144/4290/201
f 2098/4081/4079 144/4290/201 2121/4082/4080
f 2121/4082/4080 144/4290/201 145/4291/203
f 2121/4082/4080 145/4291/203 146/4292/204
f 2121/4082/4080 146/4292/204 2144/4083/4081
f 2144/4083/4081 146/4292/204 147/4293/206
f 2144/4083/4081 147/4293/206 2167/4084/4082
f 2167/4084/4082 147/4293/206 148/4294/208
f 2167/4084/4082 148/4294/208 149/4295/209
f 2167/4084/4082 149/4295/209 2190/4085/4083
f 2190/4085/4083 149/4295/209 150/4296/211
f 2190/4085/4083 150/4296/211 2213/4086/4084
f 2213/4086/4084 150/4296/211 151/4297/213
f 2213/4086/4084 151/4297/213 152/4298/214
f 2213/4086/4084 152/4298/214 2236/4087/4085
f 2236/4087/4085 152/4298/214 153/4299/216
f 2236/4087/4085 153/4299/216 154/4300/217
f 2236/4087/4085 154/4300/217 2259/4088/4086
f 2259/4088/4086 154/4300/217 155/4301/219
f 2259/4088/4086 155/4301/219 2282/4089/4087
f 2282/4089/4087 155/4301/219 156/4302/221
f 2282/4089/4087 156/4302/221 157/4303/222
f 2282/4089/4087 157/4303/222 2305/4090/4088
f 2305/4090/4088 157/4303/222 158/4304/224
f 2305/4090/4088 158/4304/224 2328/4091/4089
f 2328/4091/4089 158/4304/224 159/4305/226
f 2328/4091/4089 159/4305/226 160/4306/227
f 2328/4091/4089 160/4306/227 2351/4092/4090
f 2351/4092/4090 160/4306/227 161/4307/229
f 2351/4092/4090 161/4307/229 2374/4093/4091
f 2374/4093/4091 161/4307/229 162/4308/231
f 2374/4093/4091 162/4308/231 163/4309/232
f 2374/4093/4091 163/4309/232 2397/4094/4092
f 2397/4094/4092 163/4309/232 164/4310/234
f 2397/4094/4092 164/4310/234 2420/4095/4093
f 2420/4095/4093 164/4310/234 165/4311/236
f 2420/4095/4093 165/4311/236 166/4312/237
f 2420/4095/4093 166/4312/237 2443/4096/4094
f 2443/4096/4094 166/4312/237 167/4313/239
f 2443/4096/4094 167/4313/239 2466/4097/4095
f 2466/4097/4095 167/4313/239 168/4314/241
f 2466/4097/4095 168/4314/241 169/4315/242
f 2466/4097/4095 169/4315/242 2489/4098/4096
f 2489/4098/4096 169/4315/242 170/4316/244
f 2489/4098/4096 170/4316/244 2512/4099/4097
f 2512/4099/4097 170/4316/244 171/4317/246
f 2512/4099/4097 171/4317/246 172/4318/247
f 2512/4099/4097 172/4318/247 2535/4100/4098
f 2535/4100/4098 172/4318/247 173/4319/249
f 2535/4100/4098 173/4319/249 2558/4101/4099
f 2558/4101/4099 173/4319/249 174/4320/251
f 2558/4101/4099 174/4320/251 175/4321/252
f 2558/4101/4099 175/4321/252 2581/4102/4100
f 2581/4102/4100 175/4321/252 176/4322/254
f 2581/4102/4100 176/4322/254 2604/4103/4101
f 2604/4103/4101 176/4322/254 177/4323/256
f 2604/4103/4101 177/4323/256 178/4324/257
f 2604/4103/4101 178/4324/257 2627/4104/4102
f 2627/4104/4102 178/4324/257 179/4325/259
f 2627/4104/4102 179/4325/259 2650/4105/4103
f 2650/4105/4103 179/4325/259 180/4326/261
f 2650/4105/4103 180/4326/261 181/4327/262
f 2650/4105/4103 181/4327/262 2673/4106/4104
f 2673/4106/4104 181/4327/262 182/4328/264
f 2673/4106/4104 182/4328/264 2696/4107/4105
f 2696/4107/4105 182/4328/264 183/4329/266
f 2696/4107/4105 183/4329/266 184/4330/267
f 2696/4107/4105 184/4330/267 2719/4108/4106
f 2719/4108/4106 184/4330/267 185/4331/269
f 2719/4108/4106 185/4331/269 2742/4109/4107
f 2742/4109/4107 185/4331/269 186/4332/271
f 2742/4109/4107 186/4332/271 187/4333/272
f 2742/4109/4107 187/4333/272 2765/4110/4108
f 2765/4110/4108 187/4333/272 188/4334/274
f 2765/4110/4108 188/4334/274 2788/4111/4109
f 2788/4111/4109 188/4334/274 189/4335/276
f 2788/4111/4109 189/4335/276 190/4336/277
f 2788/4111/4109 190/4336/277 2811/4112/4110
f 2811/4112/4110 190/4336/277 191/4337/279
f 2811/4112/4110 191/4337/279 2834/4113/4111
f 2834/4113/4111 191/4337/279 192/4338/281
f 2834/4113/4111 192/4338/281 193/4339/282
f 2834/4113/4111 193/4339/282 2857/4114/4112
f 2857/4114/4112 193/4339/282 194/4340/284
f 2857/4114/4112 194/4340/284 2880/4115/4113
f 2880/4115/4113 194/4340/284 195/4341/286
f 2880/4115/4113 195/4341/286 196/4342/287
f 2880/4115/4113 196/4342/287 2903/4116/4114
f 2903/4116/4114 196/4342/287 197/4343/289
f 2903/4116/4114 197/4343/289 2926/4117/4115
f 2926/4117/4115 197/4343/289 198/4344/291
f 2926/4117/4115 198/4344/291 199/4345/292
f 2926/4117/4115 199/4345/292 2949/4118/4116
f 2949/4118/4116 199/4345/292 200/4346/294
f 2949/4118/4116 200/4346/294 2972/4119/4117
f 2972/4119/4117 200/4346/294 201/4347/296
f 2972/4119/4117 201/4347/296 202/4348/297
f 2972/4119/4117 202/4348/297 2995/4120/4118
f 2995/4120/4118 202/4348/297 203/4349/299
f 2995/4120/4118 203/4349/299 204/4350/300
f 2995/4120/4118 204/4350/300 3018/4121/4119
f 3018/4121/4119 204/4350/300 205/4351/302
f 3018/4121/4119 205/4351/302 3041/4122/4120
f 3041/4122/4120 205/4351/302 206/4352/304
f 3041/4122/4120 206/4352/304 207/4353/305
f 3041/4122/4120 207/4353/305 3064/4123/4121
f 3064/4123/4121 207/4353/305 208/4354/307
f 3064/4123/4121 208/4354/307 3087/4124/4122
f 3087/4124/4122 208/4354/307 209/4355/309
f 3087/4124/4122 209/4355/309 210/4356/310
f 3087/4124/4122 210/4356/310 3110/4125/4123
f 3110/4125/4123 210/4356/310 211/4357/312
f 3110/4125/4123 211/4357/312 3133/4126/4124
f 3133/4126/4124 211/4357/312 212/4358/314
f 3133/4126/4124 212/4358/314 213/4359/315
f 3133/4126/4124 213/4359/315 3156/4127/4125
f 3156/4127/4125 213/4359/315 214/4360/317
f 3156/4127/4125 214/4360/317 3179/4128/4126
f 3179/4128/4126 214/4360/317 215/4361/319
f 3179/4128/4126 215/4361/319 216/4362/320
f 3179/4128/4126 216/4362/320 3202/4129/4127
f 3202/4129/4127 216/4362/320 217/4363/322
f 3202/4129/4127 217/4363/322 3225/4130/4128
f 3225/4130/4128 217/4363/322 218/4364/324
f 3225/4130/4128 218/4364/324 219/4365/325
f 3225/4130/4128 219/4365/325 3248/4131/4129
f 3248/4131/4129 219/4365/325 220/4366/327
f 3248/4131/4129 220/4366/327 3271/4132/4130
f 3271/4132/4130 220/4366/327 221/4367/329
f 3271/4132/4130 221/4367/329 222/4368/330
f 3271/4132/4130 222/4368/330 3294/4133/4131
f 3294/4133/4131 222/4368/330 223/4369/332
f 3294/4133/4131 223/4369/332 3317/4134/4132
f 3317/4134/4132 223/4369/332 224/4370/334
f 3317/4134/4132 224/4370/334 225/4371/335
f 3317/4134/4132 225/4371/335 3340/4135/4133
f 3340/4135/4133 225/4371/335 226/4372/337
f 3340/4135/4133 226/4372/337 3363/4136/4134
f 3363/4136/4134 226/4372/337 227/4373/339
f 3363/4136/4134 227/4373/339 228/4374/340
f 3363/4136/4134 228/4374/340 3386/4137/4135
f 3386/4137/4135 228/4374/340 229/4375/342
f 3386/4137/4135 229/4375/342 3409/4138/4136
f 3409/4138/4136 229/4375/342 230/4376/344
f 3409/4138/4136 230/4376/344 231/4377/345
f 3409/4138/4136 231/4377/345 3432/4139/4137
f 3432/4139/4137 231/4377/345 232/4378/347
f 3432/4139/4137 232/4378/347 3455/4140/4138
f 3455/4140/4138 232/4378/347 233/4379/349
f 3455/4140/4138 233/4379/349 234/4380/350
f 3455/4140/4138 234/4380/350 3478/4141/4139
f 3478/4141/4139 234/4380/350 235/4381/352
f 3478/4141/4139 235/4381/352 3501/4142/4140
f 3501/4142/4140 235/4381/352 236/4382/354
f 3501/4142/4140 236/4382/354 237/4383/355
f 3501/4142/4140 237/4383/355 3524/4143/4141
f 3524/4143/4141 237/4383/355 238/4384/357
f 3524/4143/4141 238/4384/357 3547/4144/4142
f 3547/4144/4142 238/4384/357 239/4385/359
f 3547/4144/4142 239/4385/359 240/4386/360
f 3547/4144/4142 240/4386/360 3570/4145/4143
f 3570/4145/4143 240/4386/360 241/4387/362
f 3570/4145/4143 241/4387/362 3593/4146/4144
f 3593/4146/4144 241/4387/362 242/4388/364
f 3593/4146/4144 242/4388/364 243/4389/365
f 3593/4146/4144 243/4389/365 3616/4147/4145
f 3616/4147/4145 243/4389/365 244/4390/367
f 3616/4147/4145 244/4390/367 3639/4148/4146
f 3639/4148/4146 244/4390/367 245/4391/369
f 3639/4148/4146 245/4391/369 246/4392/370
f 3639/4148/4146 246/4392/370 3662/4149/4147
f 3662/4149/4147 246/4392/370 247/4393/372
f 3662/4149/4147 247/4393/372 3685/4150/4148
f 3685/4150/4148 247/4393/372 248/4394/374
f 3685/4150/4148 248/4394/374 249/4395/375
f 3685/4150/4148 249/4395/375 3708/4151/4149
f 3708/4151/4149 249/4395/375 250/4396/377
f 3708/4151/4149 250/4396/377 3731/4152/4150
f 3731/4152/4150 250/4396/377 251/4397/379
f 3731/4152/4150 251/4397/379 252/4398/380
f 3731/4152/4150 252/4398/380 3754/4153/4151
f 3754/4153/4151 252/4398/380 253/4399/382
f 3754/4153/4151 253/4399/382 3777/4154/4152
f 3777/4154/4152 253/4399/382 254/4400/384
f 3777/4154/4152 254/4400/384 255/4401/385
f 3777/4154/4152 255/4401/385 3800/4155/4153
f 3800/4155/4153 255/4401/385 256/4402/387
f 3800/4155/4153 256/4402/387 257/4403/388
f 3800/4155/4153 257/4403/388 3823/4156/4154
f 3823/4156/4154 257/4403/388 258/4404/390
f 3823/4156/4154 258/4404/390 3846/4157/4155
f 3846/4157/4155 258/4404/390 259/4405/392
f 3846/4157/4155 259/4405/392 260/4406/393
f 3846/4157/4155 260/4406/393 3869/4158/4156
f 3869/4158/4156 260/4406/393 261/4407/395
f 3869/4158/4156 261/4407/395 3892/4159/4157
f 3892/4159/4157 261/4407/395 262/4408/397
f 3892/4159/4157 262/4408/397 263/4409/398
f 3892/4159/4157 263/4409/398 3915/4160/4158
f 3915/4160/4158 263/4409/398 264/4410/400
f 3915/4160/4158 264/4410/400 3938/4161/4159
f 3938/4161/4159 264/4410/400 265/4411/402
f 3938/4161/4159 265/4411/402 266/4412/403
f 3938/4161/4159 266/4412/403 3961/4162/4160
f 3961/4162/4160 266/4412/403 267/4413/405
f 3961/4162/4160 267/4413/405 3984/4163/4161
f 3984/4163/4161 267/4413/405 268/4414/407
f 3984/4163/4161 268/4414/407 269/4415/408
f 3984/4163/4161 269/4415/408 4007/4164/4162
f 4007/4164/4162 269/4415/408 270/4416/410
f 4007/4164/4162 270/4416/410 4030/4165/4163
f 4030/4165/4163 270/4416/410 271/4417/412
f 4030/4165/4163 271/4417/412 272/4418/413
f 4030/4165/4163 272/4418/413 4053/4166/4164
f 4053/4166/4164 272/4418/413 273/4419/415
f 4053/4166/4164 273/4419/415 4076/4167/4165
f 4076/4167/4165 273/4419/415 274/4420/417
f 4076/4167/4165 274/4420/417 275/4421/418
f 4076/4167/4165 275/4421/418 4099/4168/4166
f 4099/4168/4166 275/4421/418 276/4422/420
f 4099/4168/4166 276/4422/420 4122/4169/4167
f 4122/4169/4167 276/4422/420 277/4423/422
f 4122/4169/4167 277/4423/422 278/4424/423
f 4122/4169/4167 278/4424/423 4145/638/638
f 4145/638/638 278/4424/423 279/640/425
f 303/4425/4168 293/4426/4169 280/4427/4170
f 280/4427/4170 293/4426/4169 292/4428/4171
f 280/4427/4170 292/4428/4171 281/4429/4172
f 281/4429/4172 292/4428/4171 291/4430/4173
f 281/4429/4172 291/4430/4173 282/4431/4174
f 282/4431/4174 291/4430/4173 290/4432/4175
f 282/4431/4174 290/4432/4175 283/4433/4176
f 283/4433/4176 290/4432/4175 289/4434/4177
f 283/4433/4176 289/4434/4177 284/4435/4178
f 284/4435/4178 289/4434/4177 288/4436/4179
f 284/4435/4178 288/4436/4179 285/4437/4180
f 285/4437/4180 288/4436/4179 287/4438/4181
f 285/4437/4180 287/4438/4181 286/4439/4182
f 293/4426/4169 303/4425/4168 294/4440/4183
f 294/4440/4183 303/4425/4168 302/4441/4184
f 294/4440/4183 302/4441/4184 295/4442/4185
f 295/4442/4185 302/4441/4184 301/4443/4186
f 295/4442/4185 301/4443/4186 296/4444/4187
f 296/4444/4187 301/4443/4186 300/4445/4188
f 296/4444/4187 300/4445/4188 297/4446/4189
f 297/4446/4189 300/4445/4188 299/4447/4190
f 297/4446/4189 299/4447/4190 298/4448/4191
f 24/4449/4192 14/4450/4193 1/4451/4194
f 1/4451/4194 14/4450/4193 13/4452/4195
f 1/4451/4194 13/4452/4195 2/4453/4196
f 2/4453/4196 13/4452/4195 12/4454/4197
f 2/4453/4196 12/4454/4197 3/4455/4198
f 3/4455/4198 12/4454/4197 11/4456/4199
f 3/4455/4198 11/4456/4199 4/4457/4200
f 4/4457/4200 11/4456/4199 10/4458/4201
f 4/4457/4200 10/4458/4201 5/4459/4202
f 5/4459/4202 10/4458/4201 9/4460/4203
f 5/4459/4202 9/4460/4203 6/4461/4204
f 6/4461/4204 9/4460/4203 8/4462/4205
f 6/4461/4204 8/4462/4205 7/4463/4206
f 14/4450/4193 24/4449/4192 15/4464/4207
f 15/4464/4207 24/4449/4192 23/4465/4208
f 15/4464/4207 23/4465/4208 16/4466/4209
f 16/4466/4209 23/4465/4208 22/4467/4210
f 16/4466/4209 22/4467/4210 17/4468/4211
f 17/4468/4211 22/4467/4210 21/4469/4212
f 17/4468/4211 21/4469/4212 18/4470/4213
f 18/4470/4213 21/4469/4212 20/4471/4214
f 18/4470/4213 20/4471/4214 19/4472/4215
# 4167 vertices
# 4472 texture params
# 4215 normals
# 8330 facets

# 1 groups
